handicap,swing_speed,driver_carry,shot_shape,goal,iron_miss,iron_feel,driver_loft,shaft_flex,iron_category
19.7,89.5,200,Straight,Forgiveness,Fat/Thin,Confidence-inspiring,10.5,R,super-game-improvement
7.6,101.4,250,Straight,Accuracy,Consistent,Confidence-inspiring,9,S,players-cb
23.8,77.4,169,Fade,Forgiveness,Fat/Thin,Confidence-inspiring,12,A,super-game-improvement
25.5,74.8,169,Slice,Forgiveness,Inconsistent,Confidence-inspiring,12,A,super-game-improvement
0.0,107.8,263,Fade,Accuracy,Consistent,Confidence-inspiring,9,S,players-cb
5.3,94.8,228,Fade,Distance,Consistent,No preference,10.5,R,blade
18.2,79.1,182,Slice,Forgiveness,Left/Right,No preference,12,A,super-game-improvement
14.2,106.0,242,Slice,Forgiveness,Fat/Thin,No preference,9,S,game-improvement
16.8,88.3,192,Straight,Distance,Fat/Thin,No preference,10.5,R,game-improvement
9.3,111.2,270,Slice,Distance,Consistent,Forged/Blade-like,8,S,players-cb
24.9,89.4,213,Fade,Forgiveness,Fat/Thin,Confidence-inspiring,10.5,R,super-game-improvement
24.0,92.6,222,Slice,Forgiveness,Fat/Thin,Confidence-inspiring,10.5,R,super-game-improvement
17.6,91.9,206,Straight,Forgiveness,Left/Right,Forged/Blade-like,10.5,R,players-distance
27.1,65.0,137,Fade,Forgiveness,Inconsistent,Forged/Blade-like,12,L,super-game-improvement
21.2,80.2,176,Straight,Distance,Left/Right,Confidence-inspiring,12,A,super-game-improvement
9.3,98.4,231,Fade,Forgiveness,Consistent,Forged/Blade-like,10.5,S,players-cb
20.3,95.8,217,Slice,Forgiveness,Inconsistent,Forged/Blade-like,10.5,A,game-improvement
8.4,82.4,187,Fade,Accuracy,Inconsistent,Forged/Blade-like,10.5,A,blade
24.9,88.5,184,Fade,Forgiveness,Fat/Thin,Confidence-inspiring,10.5,R,super-game-improvement
16.6,83.5,193,Slice,Distance,Consistent,Forged/Blade-like,12,A,players-cb
15.3,97.9,195,Slice,Forgiveness,Consistent,No preference,10.5,S,game-improvement
10.9,98.4,231,Slice,Accuracy,Inconsistent,No preference,8,S,players-distance
28.0,94.4,199,Slice,Accuracy,Fat/Thin,Confidence-inspiring,10.5,R,super-game-improvement
15.6,106.1,252,Fade,Accuracy,Inconsistent,No preference,9,S,players-distance
13.1,101.7,247,Hook,Forgiveness,Fat/Thin,No preference,10.5,S,game-improvement
13.8,105.2,254,Slice,Distance,Left/Right,Confidence-inspiring,9,S,players-distance
21.8,87.7,195,Slice,Accuracy,Fat/Thin,Confidence-inspiring,10.5,A,game-improvement
20.3,120.0,262,Straight,Forgiveness,Left/Right,No preference,9,X,game-improvement
20.7,79.7,173,Fade,Accuracy,Left/Right,Confidence-inspiring,12,A,super-game-improvement
20.9,86.5,198,Straight,Distance,Inconsistent,Confidence-inspiring,10.5,R,super-game-improvement
36.0,90.5,178,Draw,Forgiveness,Left/Right,Confidence-inspiring,10.5,R,super-game-improvement
13.3,104.5,256,Straight,Accuracy,Consistent,No preference,9,S,players-cb
12.4,102.4,236,Straight,Forgiveness,Consistent,No preference,9,R,players-distance
9.7,106.2,255,Straight,Distance,Consistent,Confidence-inspiring,9,S,players-distance
22.5,69.9,141,Fade,Accuracy,Fat/Thin,Confidence-inspiring,12,L,super-game-improvement
27.2,103.4,220,Slice,Forgiveness,Left/Right,Confidence-inspiring,10.5,S,super-game-improvement
16.0,93.1,198,Slice,Distance,Left/Right,Forged/Blade-like,10.5,R,players-cb
9.4,112.1,274,Draw,Accuracy,Inconsistent,Confidence-inspiring,8,X,game-improvement
9.6,79.1,186,Straight,Distance,Consistent,Forged/Blade-like,10.5,A,players-cb
22.9,93.0,214,Fade,Accuracy,Left/Right,Confidence-inspiring,10.5,R,super-game-improvement
23.7,84.2,189,Draw,Forgiveness,Fat/Thin,Confidence-inspiring,10.5,S,super-game-improvement
21.9,96.8,222,Fade,Forgiveness,Left/Right,Confidence-inspiring,10.5,R,super-game-improvement
11.0,101.7,236,Straight,Accuracy,Consistent,No preference,9,S,players-cb
19.1,96.7,218,Straight,Distance,Fat/Thin,Forged/Blade-like,9,R,players-distance
18.1,83.1,189,Fade,Distance,Inconsistent,Confidence-inspiring,10.5,A,game-improvement
19.0,92.5,214,Slice,Accuracy,Inconsistent,Confidence-inspiring,10.5,R,game-improvement
24.8,87.3,198,Draw,Forgiveness,Inconsistent,Confidence-inspiring,10.5,R,game-improvement
19.0,98.0,249,Draw,Accuracy,Inconsistent,Forged/Blade-like,9,S,players-cb
23.1,100.2,240,Slice,Forgiveness,Left/Right,Forged/Blade-like,10.5,S,game-improvement
17.6,95.5,203,Slice,Accuracy,Inconsistent,No preference,10.5,R,game-improvement
19.6,79.9,180,Slice,Distance,Fat/Thin,Confidence-inspiring,12,A,super-game-improvement
22.7,91.6,202,Fade,Forgiveness,Left/Right,Forged/Blade-like,10.5,S,game-improvement
3.9,120.0,301,Fade,Distance,Consistent,Confidence-inspiring,8,X,blade
14.1,112.9,259,Hook,Distance,Consistent,Forged/Blade-like,8,X,players-cb
12.8,67.6,162,Fade,Distance,Left/Right,Forged/Blade-like,12,L,players-distance
11.3,98.9,211,Slice,Accuracy,Inconsistent,No preference,9,S,players-distance
14.5,105.5,231,Draw,Forgiveness,Consistent,Forged/Blade-like,9,S,players-cb
30.5,83.4,200,Hook,Accuracy,Left/Right,Confidence-inspiring,10.5,A,super-game-improvement
9.2,95.1,226,Slice,Distance,Inconsistent,No preference,10.5,R,players-distance
25.7,85.9,182,Draw,Distance,Fat/Thin,Confidence-inspiring,10.5,R,super-game-improvement
1.9,110.2,270,Straight,Distance,Inconsistent,No preference,8,X,players-cb
14.0,85.0,188,Slice,Distance,Fat/Thin,Confidence-inspiring,10.5,R,super-game-improvement
18.5,105.3,238,Fade,Accuracy,Consistent,Forged/Blade-like,9,S,blade
22.3,90.3,190,Slice,Distance,Consistent,Confidence-inspiring,10.5,R,game-improvement
23.4,80.7,174,Draw,Forgiveness,Consistent,No preference,12,A,players-distance
24.1,100.9,222,Slice,Forgiveness,Consistent,Confidence-inspiring,10.5,S,super-game-improvement
13.9,81.1,199,Draw,Forgiveness,Inconsistent,Confidence-inspiring,10.5,A,super-game-improvement
12.8,91.7,218,Straight,Accuracy,Fat/Thin,Confidence-inspiring,12,R,game-improvement
24.7,83.5,192,Hook,Forgiveness,Fat/Thin,No preference,10.5,A,super-game-improvement
15.3,117.0,270,Slice,Accuracy,Consistent,No preference,8,X,players-cb
5.5,95.4,236,Straight,Accuracy,Inconsistent,No preference,10.5,R,players-cb
6.8,79.8,183,Fade,Distance,Consistent,Forged/Blade-like,10.5,A,blade
8.7,94.3,217,Straight,Accuracy,Fat/Thin,Forged/Blade-like,10.5,R,players-cb
21.5,95.9,220,Slice,Accuracy,Left/Right,Confidence-inspiring,10.5,R,super-game-improvement
18.3,101.4,229,Fade,Forgiveness,Inconsistent,Confidence-inspiring,10.5,R,super-game-improvement
23.2,113.0,253,Straight,Forgiveness,Fat/Thin,Confidence-inspiring,9,X,super-game-improvement
13.2,111.1,258,Fade,Forgiveness,Left/Right,No preference,9,X,super-game-improvement
18.4,95.4,229,Slice,Accuracy,Fat/Thin,No preference,10.5,R,game-improvement
22.6,81.7,195,Fade,Forgiveness,Left/Right,Forged/Blade-like,12,A,game-improvement
14.2,112.6,256,Draw,Forgiveness,Inconsistent,Forged/Blade-like,9,X,players-distance
21.1,88.0,183,Straight,Forgiveness,Inconsistent,Confidence-inspiring,10.5,R,super-game-improvement
11.0,91.9,210,Draw,Forgiveness,Left/Right,No preference,10.5,R,players-distance
13.7,92.5,207,Fade,Distance,Inconsistent,Forged/Blade-like,10.5,R,players-cb
13.6,84.2,203,Slice,Forgiveness,Consistent,Forged/Blade-like,10.5,R,players-cb
6.2,97.1,241,Slice,Distance,Fat/Thin,No preference,9,S,players-distance
21.4,89.1,192,Fade,Forgiveness,Left/Right,No preference,10.5,R,super-game-improvement
12.8,104.6,237,Straight,Forgiveness,Inconsistent,No preference,9,S,game-improvement
17.1,90.5,194,Straight,Forgiveness,Left/Right,Confidence-inspiring,10.5,R,super-game-improvement
21.3,78.8,179,Straight,Forgiveness,Left/Right,Confidence-inspiring,12,A,super-game-improvement
21.0,75.7,171,Draw,Forgiveness,Fat/Thin,Confidence-inspiring,12,A,super-game-improvement
23.0,92.5,215,Straight,Distance,Fat/Thin,Confidence-inspiring,10.5,R,super-game-improvement
16.1,95.8,225,Draw,Accuracy,Left/Right,No preference,10.5,R,players-distance
13.2,91.5,219,Slice,Forgiveness,Inconsistent,No preference,10.5,R,super-game-improvement
16.3,90.2,194,Fade,Distance,Left/Right,Forged/Blade-like,10.5,R,players-cb
1.8,108.7,259,Fade,Accuracy,Inconsistent,Forged/Blade-like,8,S,blade
4.0,117.2,291,Fade,Distance,Consistent,Forged/Blade-like,8,X,blade
5.1,94.7,223,Draw,Accuracy,Consistent,No preference,10.5,R,blade
8.0,101.4,226,Hook,Distance,Left/Right,No preference,9,S,players-cb
20.6,101.6,237,Straight,Distance,Consistent,No preference,8,S,players-cb
8.9,92.2,213,Draw,Distance,Consistent,Confidence-inspiring,10.5,R,players-cb
13.6,96.6,234,Fade,Distance,Fat/Thin,No preference,9,R,game-improvement
28.7,86.1,189,Fade,Forgiveness,Fat/Thin,No preference,10.5,R,super-game-improvement
13.8,83.5,192,Hook,Forgiveness,Left/Right,Forged/Blade-like,10.5,A,players-distance
23.6,91.6,217,Straight,Forgiveness,Consistent,Forged/Blade-like,10.5,R,players-distance
8.6,100.5,227,Straight,Accuracy,Inconsistent,No preference,9,S,players-distance
15.2,101.2,247,Straight,Forgiveness,Fat/Thin,Confidence-inspiring,10.5,S,super-game-improvement
8.4,88.4,204,Straight,Accuracy,Consistent,No preference,10.5,R,players-cb
13.9,96.6,226,Straight,Distance,Inconsistent,No preference,9,R,game-improvement
24.6,103.1,231,Slice,Distance,Fat/Thin,Confidence-inspiring,10.5,S,super-game-improvement
1.5,120.0,289,Straight,Distance,Left/Right,No preference,8,X,players-cb
20.9,104.6,230,Fade,Accuracy,Left/Right,Forged/Blade-like,9,X,blade
19.1,81.2,182,Slice,Distance,Left/Right,Forged/Blade-like,12,A,players-cb
11.7,102.6,231,Slice,Distance,Inconsistent,No preference,9,S,players-distance
4.0,98.4,255,Fade,Accuracy,Left/Right,No preference,9,X,players-cb
17.6,96.9,218,Fade,Distance,Left/Right,Forged/Blade-like,9,R,players-cb
12.2,90.0,221,Slice,Accuracy,Inconsistent,Forged/Blade-like,10.5,R,players-distance
19.1,75.9,182,Fade,Forgiveness,Left/Right,Forged/Blade-like,12,A,game-improvement
17.2,90.9,212,Straight,Distance,Inconsistent,Forged/Blade-like,10.5,R,players-cb
31.4,91.9,198,Slice,Forgiveness,Inconsistent,Confidence-inspiring,10.5,R,super-game-improvement
14.8,98.8,231,Fade,Accuracy,Consistent,Confidence-inspiring,9,S,players-distance
7.8,104.7,254,Hook,Accuracy,Consistent,Forged/Blade-like,9,S,blade
18.6,95.5,219,Hook,Forgiveness,Inconsistent,No preference,10.5,R,game-improvement
19.0,97.1,207,Draw,Accuracy,Inconsistent,No preference,9,S,players-distance
29.2,91.4,184,Straight,Forgiveness,Left/Right,No preference,9,R,super-game-improvement
24.5,86.6,207,Slice,Forgiveness,Left/Right,No preference,10.5,R,super-game-improvement
20.2,93.1,187,Slice,Forgiveness,Fat/Thin,Confidence-inspiring,10.5,R,super-game-improvement
30.2,102.9,226,Straight,Forgiveness,Left/Right,Confidence-inspiring,10.5,S,super-game-improvement
6.3,103.1,245,Straight,Forgiveness,Consistent,Forged/Blade-like,9,S,blade
11.2,98.8,234,Straight,Forgiveness,Left/Right,Confidence-inspiring,10.5,S,game-improvement
8.7,101.1,230,Draw,Forgiveness,Fat/Thin,Confidence-inspiring,10.5,S,game-improvement
13.5,94.6,223,Straight,Forgiveness,Left/Right,Forged/Blade-like,10.5,R,players-distance
4.6,98.5,239,Straight,Accuracy,Left/Right,No preference,9,S,players-cb
22.7,92.7,233,Slice,Distance,Fat/Thin,Confidence-inspiring,12,R,super-game-improvement
15.0,90.7,211,Slice,Accuracy,Fat/Thin,Confidence-inspiring,10.5,R,super-game-improvement
3.8,102.0,259,Straight,Accuracy,Consistent,No preference,9,R,blade
7.9,92.7,207,Straight,Accuracy,Consistent,Forged/Blade-like,10.5,A,players-cb
19.8,93.6,222,Draw,Accuracy,Fat/Thin,Confidence-inspiring,10.5,R,game-improvement
24.5,95.2,214,Draw,Forgiveness,Inconsistent,Confidence-inspiring,10.5,S,super-game-improvement
35.0,80.1,173,Fade,Accuracy,Left/Right,Confidence-inspiring,12,A,super-game-improvement
36.0,65.0,141,Straight,Distance,Inconsistent,Confidence-inspiring,12,L,super-game-improvement
20.7,97.8,237,Slice,Forgiveness,Inconsistent,Confidence-inspiring,10.5,S,super-game-improvement
8.1,101.7,244,Straight,Accuracy,Consistent,Forged/Blade-like,9,X,players-cb
0.0,96.1,228,Straight,Distance,Consistent,No preference,9,R,blade
19.4,100.5,223,Fade,Accuracy,Fat/Thin,No preference,9,S,game-improvement
9.7,85.4,209,Fade,Accuracy,Consistent,Forged/Blade-like,10.5,R,players-cb
13.3,107.4,254,Draw,Accuracy,Left/Right,No preference,9,S,players-distance
11.5,97.6,215,Straight,Distance,Inconsistent,Confidence-inspiring,9,S,game-improvement
15.7,72.6,172,Straight,Accuracy,Inconsistent,Forged/Blade-like,12,A,players-distance
26.6,89.7,189,Fade,Accuracy,Left/Right,No preference,10.5,R,game-improvement
18.4,89.4,208,Slice,Distance,Inconsistent,Confidence-inspiring,10.5,R,super-game-improvement
15.6,89.8,200,Fade,Accuracy,Left/Right,Forged/Blade-like,10.5,R,players-cb
7.7,93.4,220,Draw,Distance,Consistent,No preference,10.5,R,players-cb
1.9,103.4,247,Fade,Accuracy,Consistent,No preference,9,S,blade
12.6,92.6,230,Straight,Accuracy,Inconsistent,Confidence-inspiring,10.5,R,game-improvement
16.5,76.2,179,Draw,Accuracy,Inconsistent,Forged/Blade-like,12,R,players-distance
32.9,96.3,219,Hook,Accuracy,Fat/Thin,Confidence-inspiring,10.5,R,super-game-improvement
18.2,91.2,235,Hook,Forgiveness,Left/Right,No preference,10.5,R,game-improvement
25.8,81.1,180,Slice,Accuracy,Fat/Thin,Confidence-inspiring,12,A,game-improvement
12.5,86.2,215,Straight,Distance,Fat/Thin,Confidence-inspiring,10.5,R,game-improvement
6.3,109.4,256,Fade,Accuracy,Consistent,Forged/Blade-like,8,S,blade
8.3,87.4,219,Slice,Accuracy,Consistent,Confidence-inspiring,10.5,R,players-distance
10.5,100.2,229,Straight,Forgiveness,Inconsistent,Confidence-inspiring,10.5,S,super-game-improvement
36.0,75.7,161,Draw,Forgiveness,Left/Right,Confidence-inspiring,12,A,super-game-improvement
9.6,94.2,227,Straight,Forgiveness,Left/Right,Confidence-inspiring,10.5,R,game-improvement
24.5,78.3,181,Slice,Forgiveness,Fat/Thin,Confidence-inspiring,12,A,super-game-improvement
8.9,93.7,211,Draw,Distance,Fat/Thin,Confidence-inspiring,10.5,R,players-distance
25.4,88.8,189,Fade,Distance,Fat/Thin,Confidence-inspiring,12,R,game-improvement
20.5,94.4,219,Slice,Forgiveness,Fat/Thin,Confidence-inspiring,10.5,R,super-game-improvement
15.6,87.5,199,Fade,Forgiveness,Inconsistent,Confidence-inspiring,10.5,R,super-game-improvement
16.6,93.8,203,Straight,Accuracy,Fat/Thin,Confidence-inspiring,10.5,R,game-improvement
11.1,107.3,252,Straight,Accuracy,Left/Right,No preference,9,S,players-cb
21.0,75.1,169,Draw,Forgiveness,Left/Right,Confidence-inspiring,12,A,super-game-improvement
12.9,97.2,228,Straight,Accuracy,Inconsistent,Forged/Blade-like,9,S,players-cb
6.0,92.4,226,Draw,Distance,Left/Right,Forged/Blade-like,10.5,R,players-cb
5.5,91.7,224,Draw,Distance,Consistent,Forged/Blade-like,10.5,R,blade
18.6,96.0,212,Straight,Accuracy,Consistent,Confidence-inspiring,9,R,players-distance
31.2,79.3,168,Slice,Distance,Left/Right,No preference,12,A,super-game-improvement
18.4,81.3,194,Slice,Forgiveness,Fat/Thin,No preference,12,A,game-improvement
15.9,108.4,245,Straight,Forgiveness,Left/Right,Confidence-inspiring,9,S,game-improvement
19.6,101.9,228,Slice,Accuracy,Inconsistent,Forged/Blade-like,9,S,players-distance
28.8,67.1,133,Straight,Accuracy,Fat/Thin,Confidence-inspiring,12,A,game-improvement
19.0,78.3,178,Slice,Accuracy,Consistent,Forged/Blade-like,12,A,players-cb
13.3,102.9,243,Fade,Distance,Left/Right,No preference,9,R,players-cb
27.0,84.8,169,Hook,Accuracy,Fat/Thin,Forged/Blade-like,10.5,A,game-improvement
20.9,106.8,232,Slice,Forgiveness,Inconsistent,Confidence-inspiring,9,S,super-game-improvement
30.8,91.2,185,Straight,Forgiveness,Inconsistent,No preference,10.5,S,game-improvement
18.6,96.3,227,Draw,Accuracy,Left/Right,Forged/Blade-like,9,R,players-cb
6.0,91.7,203,Fade,Accuracy,Consistent,No preference,10.5,A,players-cb
4.7,107.7,259,Straight,Distance,Consistent,Forged/Blade-like,9,S,blade
31.9,71.6,161,Slice,Distance,Inconsistent,Confidence-inspiring,12,L,super-game-improvement
32.5,97.0,211,Hook,Forgiveness,Left/Right,No preference,12,S,super-game-improvement
15.4,99.7,226,Draw,Distance,Fat/Thin,Forged/Blade-like,9,S,players-cb
13.6,88.5,209,Straight,Distance,Inconsistent,Confidence-inspiring,10.5,R,game-improvement
30.2,93.5,213,Hook,Forgiveness,Inconsistent,Confidence-inspiring,10.5,S,super-game-improvement
7.0,120.0,285,Slice,Distance,Inconsistent,No preference,8,X,players-distance
8.9,97.8,212,Slice,Accuracy,Consistent,Forged/Blade-like,9,S,players-cb
22.8,96.0,226,Hook,Forgiveness,Fat/Thin,Confidence-inspiring,10.5,R,super-game-improvement
13.4,92.6,219,Slice,Accuracy,Consistent,Forged/Blade-like,10.5,R,players-cb
17.0,95.3,219,Hook,Forgiveness,Inconsistent,Confidence-inspiring,10.5,R,super-game-improvement
15.5,80.4,168,Fade,Accuracy,Fat/Thin,Forged/Blade-like,12,A,players-distance
20.0,92.4,207,Slice,Forgiveness,Fat/Thin,Confidence-inspiring,10.5,R,super-game-improvement
29.7,86.2,180,Straight,Distance,Fat/Thin,Forged/Blade-like,10.5,A,game-improvement
17.8,111.9,245,Slice,Distance,Fat/Thin,Confidence-inspiring,8,S,game-improvement
22.8,72.5,162,Slice,Accuracy,Inconsistent,Confidence-inspiring,12,A,super-game-improvement
0.0,103.2,248,Straight,Forgiveness,Consistent,No preference,10.5,S,players-cb
16.6,107.6,243,Fade,Distance,Left/Right,Confidence-inspiring,9,S,players-distance
9.4,97.2,237,Hook,Forgiveness,Left/Right,No preference,12,S,players-distance
6.0,100.2,242,Draw,Accuracy,Consistent,Forged/Blade-like,9,S,players-cb
9.1,91.5,212,Straight,Forgiveness,Left/Right,No preference,10.5,R,game-improvement
14.0,87.2,197,Draw,Forgiveness,Fat/Thin,Confidence-inspiring,10.5,R,super-game-improvement
25.2,70.6,153,Slice,Forgiveness,Left/Right,Confidence-inspiring,12,L,super-game-improvement
5.1,96.2,229,Draw,Accuracy,Consistent,Confidence-inspiring,9,R,players-cb
17.3,84.3,199,Straight,Forgiveness,Inconsistent,Forged/Blade-like,9,R,game-improvement
12.6,98.6,221,Fade,Accuracy,Fat/Thin,No preference,9,S,game-improvement
14.1,88.5,219,Straight,Distance,Inconsistent,Confidence-inspiring,10.5,R,game-improvement
26.0,83.5,190,Straight,Distance,Fat/Thin,Forged/Blade-like,10.5,L,players-distance
21.8,86.7,171,Fade,Forgiveness,Left/Right,Forged/Blade-like,10.5,R,game-improvement
29.0,85.8,189,Straight,Forgiveness,Inconsistent,Confidence-inspiring,10.5,R,super-game-improvement
15.6,90.1,217,Straight,Accuracy,Inconsistent,Confidence-inspiring,10.5,R,game-improvement
10.7,88.1,211,Slice,Distance,Inconsistent,Confidence-inspiring,10.5,R,game-improvement
15.0,96.7,220,Straight,Accuracy,Fat/Thin,Confidence-inspiring,9,R,super-game-improvement
19.2,103.6,235,Straight,Distance,Consistent,Forged/Blade-like,9,S,players-cb
18.6,94.6,218,Straight,Accuracy,Consistent,No preference,10.5,R,players-cb
7.2,95.0,234,Straight,Accuracy,Consistent,No preference,10.5,R,players-cb
17.8,92.7,200,Slice,Forgiveness,Left/Right,Forged/Blade-like,10.5,R,players-distance
19.1,72.5,160,Draw,Forgiveness,Fat/Thin,Confidence-inspiring,12,A,super-game-improvement
36.0,80.1,185,Slice,Forgiveness,Inconsistent,No preference,12,A,super-game-improvement
33.9,78.9,170,Slice,Distance,Left/Right,Confidence-inspiring,12,A,super-game-improvement
9.3,90.3,227,Fade,Distance,Consistent,No preference,10.5,R,players-cb
14.4,88.7,233,Draw,Distance,Inconsistent,Confidence-inspiring,10.5,R,game-improvement
3.8,99.3,235,Fade,Accuracy,Consistent,Forged/Blade-like,9,S,blade
11.7,108.0,242,Draw,Accuracy,Inconsistent,No preference,9,S,players-cb
19.8,103.5,233,Straight,Accuracy,Left/Right,Confidence-inspiring,9,S,players-distance
27.9,77.7,181,Draw,Forgiveness,Inconsistent,Confidence-inspiring,10.5,A,super-game-improvement
10.4,93.7,232,Straight,Forgiveness,Fat/Thin,Confidence-inspiring,10.5,R,super-game-improvement
11.1,93.5,240,Straight,Accuracy,Left/Right,No preference,10.5,R,players-cb
0.0,114.1,279,Draw,Forgiveness,Consistent,No preference,9,S,players-cb
15.5,96.9,228,Straight,Distance,Consistent,Forged/Blade-like,9,A,players-cb
7.4,101.9,236,Draw,Distance,Consistent,Forged/Blade-like,9,S,players-cb
12.2,103.1,219,Straight,Forgiveness,Fat/Thin,Forged/Blade-like,10.5,S,players-distance
9.1,93.8,222,Hook,Distance,Consistent,No preference,10.5,R,players-cb
16.2,108.6,240,Draw,Distance,Inconsistent,No preference,8,S,players-cb
1.2,105.2,262,Straight,Accuracy,Left/Right,No preference,8,S,players-cb
3.8,94.9,212,Fade,Distance,Left/Right,No preference,10.5,R,players-cb
36.0,79.2,162,Straight,Accuracy,Fat/Thin,No preference,12,A,super-game-improvement
5.4,114.6,278,Slice,Accuracy,Consistent,No preference,8,X,blade
7.1,96.9,235,Draw,Forgiveness,Fat/Thin,Confidence-inspiring,10.5,R,super-game-improvement
33.5,92.7,199,Slice,Accuracy,Left/Right,Confidence-inspiring,10.5,R,super-game-improvement
36.0,75.3,177,Hook,Forgiveness,Fat/Thin,Confidence-inspiring,12,A,game-improvement
6.5,93.9,239,Draw,Forgiveness,Fat/Thin,No preference,10.5,R,game-improvement
13.7,103.3,234,Fade,Accuracy,Inconsistent,Forged/Blade-like,9,S,players-cb
20.1,83.6,204,Slice,Forgiveness,Fat/Thin,Confidence-inspiring,10.5,A,super-game-improvement
32.6,92.1,214,Straight,Forgiveness,Left/Right,No preference,12,R,super-game-improvement
8.1,104.0,246,Straight,Distance,Left/Right,Confidence-inspiring,10.5,S,players-distance
14.8,87.2,202,Fade,Forgiveness,Left/Right,Confidence-inspiring,10.5,R,super-game-improvement
24.0,89.0,198,Draw,Forgiveness,Inconsistent,Confidence-inspiring,10.5,R,game-improvement
20.9,86.3,189,Slice,Forgiveness,Fat/Thin,Confidence-inspiring,10.5,R,super-game-improvement
13.6,100.2,228,Draw,Accuracy,Fat/Thin,Forged/Blade-like,9,S,players-distance
15.8,114.1,275,Draw,Distance,Left/Right,No preference,8,X,players-distance
4.6,99.2,243,Fade,Accuracy,Fat/Thin,No preference,9,S,players-cb
14.9,101.2,229,Slice,Distance,Left/Right,No preference,9,S,game-improvement
14.6,96.3,215,Straight,Forgiveness,Left/Right,No preference,10.5,R,players-distance
19.1,93.3,206,Straight,Accuracy,Inconsistent,Forged/Blade-like,12,R,players-cb
12.0,96.2,224,Draw,Forgiveness,Fat/Thin,No preference,10.5,R,super-game-improvement
21.2,83.0,196,Slice,Forgiveness,Inconsistent,Confidence-inspiring,10.5,A,super-game-improvement
26.1,91.6,195,Slice,Forgiveness,Left/Right,Confidence-inspiring,10.5,R,super-game-improvement
18.4,90.6,215,Draw,Distance,Fat/Thin,No preference,10.5,S,players-distance
20.2,83.2,190,Straight,Forgiveness,Fat/Thin,No preference,10.5,A,super-game-improvement
17.5,104.2,240,Fade,Distance,Left/Right,No preference,9,S,players-distance
17.0,95.4,228,Fade,Accuracy,Left/Right,Confidence-inspiring,10.5,R,game-improvement
10.5,96.6,235,Slice,Forgiveness,Left/Right,Confidence-inspiring,10.5,R,super-game-improvement
19.8,105.9,228,Slice,Forgiveness,Inconsistent,Forged/Blade-like,9,X,players-distance
16.1,76.7,167,Fade,Distance,Left/Right,No preference,12,A,game-improvement
35.8,94.4,199,Slice,Forgiveness,Fat/Thin,Confidence-inspiring,9,R,super-game-improvement
31.2,76.0,168,Slice,Distance,Inconsistent,Confidence-inspiring,10.5,A,super-game-improvement
20.5,94.2,226,Straight,Accuracy,Fat/Thin,Confidence-inspiring,9,R,super-game-improvement
10.1,93.3,221,Straight,Distance,Fat/Thin,No preference,10.5,R,players-distance
7.0,92.0,235,Straight,Distance,Consistent,Forged/Blade-like,10.5,R,blade
27.7,100.3,214,Straight,Forgiveness,Fat/Thin,No preference,10.5,S,super-game-improvement
19.4,111.4,249,Slice,Distance,Inconsistent,No preference,8,X,players-distance
21.3,89.3,199,Slice,Distance,Fat/Thin,Confidence-inspiring,10.5,R,super-game-improvement
1.3,108.5,257,Fade,Distance,Consistent,No preference,8,S,blade
25.3,89.4,209,Hook,Distance,Fat/Thin,Confidence-inspiring,10.5,R,super-game-improvement
21.1,109.0,221,Straight,Forgiveness,Fat/Thin,No preference,9,X,super-game-improvement
7.0,80.1,187,Straight,Accuracy,Consistent,Forged/Blade-like,12,R,blade
12.8,101.1,246,Slice,Forgiveness,Left/Right,Forged/Blade-like,10.5,S,players-distance
19.4,85.5,192,Fade,Distance,Consistent,No preference,10.5,R,players-cb
17.5,70.5,171,Straight,Forgiveness,Left/Right,No preference,12,L,super-game-improvement
14.4,92.6,235,Straight,Forgiveness,Consistent,Confidence-inspiring,10.5,R,game-improvement
16.1,113.5,262,Slice,Distance,Left/Right,Forged/Blade-like,8,X,players-cb
14.7,89.4,218,Fade,Accuracy,Fat/Thin,No preference,10.5,R,game-improvement
18.4,101.4,253,Slice,Distance,Fat/Thin,No preference,9,R,players-distance
30.2,97.5,216,Fade,Distance,Fat/Thin,Confidence-inspiring,10.5,S,super-game-improvement
0.0,105.9,259,Hook,Accuracy,Inconsistent,Forged/Blade-like,9,S,blade
14.9,97.1,233,Slice,Accuracy,Left/Right,No preference,9,S,game-improvement
18.6,76.2,185,Slice,Distance,Left/Right,No preference,12,A,game-improvement
19.7,85.4,194,Straight,Forgiveness,Inconsistent,No preference,12,R,super-game-improvement
13.7,105.8,242,Fade,Forgiveness,Inconsistent,Confidence-inspiring,9,S,super-game-improvement
1.2,105.8,274,Straight,Distance,Consistent,No preference,9,S,blade
20.0,96.1,216,Hook,Accuracy,Consistent,Confidence-inspiring,9,R,players-distance
32.5,85.2,195,Hook,Forgiveness,Left/Right,Confidence-inspiring,10.5,R,super-game-improvement
3.2,120.0,293,Hook,Distance,Inconsistent,No preference,8,X,players-cb
24.8,84.8,205,Slice,Forgiveness,Left/Right,No preference,10.5,R,super-game-improvement
14.0,112.5,254,Draw,Distance,Inconsistent,Confidence-inspiring,8,X,players-distance
16.4,96.2,214,Straight,Distance,Left/Right,Confidence-inspiring,9,R,game-improvement
7.5,117.8,288,Slice,Accuracy,Left/Right,No preference,8,X,players-distance
14.0,84.2,186,Draw,Accuracy,Consistent,No preference,10.5,R,players-cb
28.7,88.3,195,Straight,Forgiveness,Left/Right,No preference,9,A,super-game-improvement
22.2,87.0,210,Straight,Forgiveness,Left/Right,Confidence-inspiring,10.5,R,super-game-improvement
32.6,85.2,168,Straight,Forgiveness,Fat/Thin,Confidence-inspiring,10.5,R,super-game-improvement
27.6,99.5,223,Hook,Distance,Inconsistent,Confidence-inspiring,12,S,super-game-improvement
21.0,95.5,227,Fade,Distance,Fat/Thin,Confidence-inspiring,10.5,R,game-improvement
32.7,96.0,207,Slice,Forgiveness,Consistent,No preference,10.5,R,game-improvement
21.0,85.0,184,Fade,Forgiveness,Fat/Thin,Confidence-inspiring,10.5,R,super-game-improvement
24.5,81.1,178,Fade,Forgiveness,Left/Right,Confidence-inspiring,12,A,super-game-improvement
14.3,96.4,216,Fade,Forgiveness,Consistent,Confidence-inspiring,10.5,R,game-improvement
17.6,93.6,215,Straight,Distance,Consistent,Confidence-inspiring,10.5,A,players-distance
10.7,96.9,226,Draw,Accuracy,Consistent,No preference,9,S,players-cb
25.9,78.8,170,Slice,Forgiveness,Fat/Thin,No preference,12,R,super-game-improvement
6.4,113.6,276,Draw,Accuracy,Left/Right,No preference,8,X,players-cb
24.0,86.1,207,Draw,Forgiveness,Inconsistent,Confidence-inspiring,9,R,super-game-improvement
15.3,109.9,257,Fade,Forgiveness,Inconsistent,Forged/Blade-like,9,S,players-distance
27.5,87.4,205,Fade,Accuracy,Fat/Thin,No preference,10.5,R,game-improvement
23.8,96.3,230,Slice,Accuracy,Inconsistent,Confidence-inspiring,9,R,super-game-improvement
33.4,88.9,186,Slice,Forgiveness,Fat/Thin,Confidence-inspiring,10.5,R,super-game-improvement
23.6,81.7,185,Fade,Forgiveness,Inconsistent,Confidence-inspiring,12,A,game-improvement
2.9,107.7,257,Straight,Accuracy,Left/Right,Forged/Blade-like,9,S,blade
16.4,114.1,249,Straight,Accuracy,Consistent,Forged/Blade-like,8,X,players-cb
6.5,104.1,252,Slice,Forgiveness,Consistent,Forged/Blade-like,9,S,players-cb
12.3,106.6,240,Draw,Forgiveness,Left/Right,Confidence-inspiring,9,X,game-improvement
30.6,92.1,205,Straight,Accuracy,Inconsistent,No preference,10.5,R,super-game-improvement
22.7,93.6,196,Fade,Distance,Inconsistent,Confidence-inspiring,10.5,R,super-game-improvement
10.7,100.6,238,Slice,Forgiveness,Inconsistent,Forged/Blade-like,10.5,S,players-distance
7.9,106.1,238,Fade,Forgiveness,Consistent,Forged/Blade-like,9,S,players-cb
17.3,101.9,240,Slice,Accuracy,Left/Right,Confidence-inspiring,9,S,game-improvement
6.1,88.3,208,Straight,Distance,Consistent,No preference,10.5,R,players-cb
11.0,101.0,233,Draw,Accuracy,Inconsistent,Confidence-inspiring,9,S,players-distance
19.8,90.7,216,Fade,Forgiveness,Inconsistent,No preference,10.5,R,super-game-improvement
27.4,83.5,181,Slice,Forgiveness,Fat/Thin,Confidence-inspiring,10.5,A,super-game-improvement
22.5,103.7,234,Slice,Forgiveness,Inconsistent,Confidence-inspiring,9,S,super-game-improvement
0.0,98.7,240,Draw,Accuracy,Consistent,Confidence-inspiring,9,S,players-cb
19.7,78.7,183,Fade,Distance,Fat/Thin,No preference,12,A,game-improvement
17.6,102.0,243,Fade,Accuracy,Consistent,Confidence-inspiring,9,S,players-distance
20.7,77.7,183,Slice,Forgiveness,Fat/Thin,Confidence-inspiring,12,A,super-game-improvement
31.5,65.3,137,Slice,Distance,Inconsistent,Confidence-inspiring,12,L,super-game-improvement
0.0,115.1,293,Fade,Distance,Inconsistent,No preference,9,X,players-cb
11.7,99.6,225,Slice,Distance,Consistent,Forged/Blade-like,8,S,players-cb
22.3,95.6,208,Slice,Distance,Inconsistent,Confidence-inspiring,10.5,R,super-game-improvement
2.8,99.7,241,Straight,Accuracy,Consistent,No preference,9,S,blade
30.3,71.6,165,Draw,Forgiveness,Inconsistent,Forged/Blade-like,10.5,L,super-game-improvement
20.3,80.3,172,Fade,Forgiveness,Fat/Thin,Confidence-inspiring,12,A,game-improvement
24.6,86.6,201,Slice,Accuracy,Inconsistent,Forged/Blade-like,10.5,R,game-improvement
11.9,85.2,199,Straight,Distance,Left/Right,Forged/Blade-like,10.5,R,players-cb
24.3,92.5,202,Slice,Forgiveness,Fat/Thin,Confidence-inspiring,10.5,R,super-game-improvement
26.6,83.3,194,Straight,Forgiveness,Left/Right,Confidence-inspiring,10.5,A,super-game-improvement
19.1,94.9,209,Straight,Accuracy,Left/Right,Confidence-inspiring,10.5,R,game-improvement
19.1,94.6,236,Straight,Forgiveness,Left/Right,Forged/Blade-like,10.5,R,players-distance
19.4,96.7,218,Straight,Forgiveness,Inconsistent,Forged/Blade-like,10.5,R,players-distance
9.2,104.7,249,Straight,Forgiveness,Left/Right,Confidence-inspiring,9,S,game-improvement
15.7,91.9,226,Fade,Forgiveness,Left/Right,No preference,10.5,R,game-improvement
15.6,97.2,226,Slice,Distance,Fat/Thin,Forged/Blade-like,9,S,players-distance
20.5,94.4,225,Draw,Distance,Fat/Thin,No preference,10.5,R,game-improvement
26.0,65.0,126,Slice,Forgiveness,Fat/Thin,No preference,12,L,game-improvement
7.5,107.4,252,Straight,Distance,Consistent,Forged/Blade-like,9,S,players-cb
15.9,96.7,227,Fade,Accuracy,Left/Right,Confidence-inspiring,9,A,game-improvement
30.3,91.0,208,Slice,Forgiveness,Fat/Thin,Confidence-inspiring,10.5,R,super-game-improvement
10.3,86.1,210,Slice,Accuracy,Left/Right,Confidence-inspiring,10.5,R,game-improvement
9.6,96.3,234,Draw,Accuracy,Consistent,No preference,9,R,players-cb
18.8,82.3,197,Hook,Accuracy,Fat/Thin,No preference,10.5,A,game-improvement
24.6,96.7,220,Slice,Forgiveness,Fat/Thin,Confidence-inspiring,10.5,R,super-game-improvement
17.1,80.3,165,Slice,Forgiveness,Inconsistent,Forged/Blade-like,12,A,game-improvement
29.0,77.0,182,Fade,Forgiveness,Inconsistent,Confidence-inspiring,12,A,super-game-improvement
24.7,94.5,203,Fade,Accuracy,Inconsistent,Forged/Blade-like,10.5,R,players-distance
24.6,83.0,188,Hook,Forgiveness,Inconsistent,Confidence-inspiring,10.5,A,super-game-improvement
22.0,81.8,186,Slice,Accuracy,Fat/Thin,Confidence-inspiring,12,A,super-game-improvement
36.0,90.6,193,Slice,Forgiveness,Left/Right,Confidence-inspiring,10.5,R,super-game-improvement
15.2,105.1,233,Straight,Distance,Left/Right,Forged/Blade-like,9,S,players-cb
0.0,113.2,260,Draw,Accuracy,Left/Right,No preference,8,X,players-cb
31.4,93.1,193,Fade,Distance,Fat/Thin,Confidence-inspiring,10.5,R,game-improvement
12.9,94.9,229,Draw,Forgiveness,Inconsistent,Forged/Blade-like,10.5,R,players-distance
18.0,91.7,197,Fade,Accuracy,Left/Right,Confidence-inspiring,10.5,R,game-improvement
28.8,79.9,167,Slice,Distance,Left/Right,Confidence-inspiring,12,A,super-game-improvement
2.6,105.9,261,Draw,Accuracy,Consistent,No preference,9,S,blade
5.7,96.8,223,Straight,Accuracy,Consistent,No preference,9,R,blade
2.6,99.9,238,Straight,Accuracy,Left/Right,Confidence-inspiring,9,S,players-distance
9.9,105.3,249,Straight,Forgiveness,Consistent,Forged/Blade-like,9,S,players-cb
21.0,103.6,237,Fade,Forgiveness,Inconsistent,Confidence-inspiring,8,S,super-game-improvement
21.7,95.2,205,Slice,Forgiveness,Inconsistent,No preference,12,R,super-game-improvement
19.5,110.7,253,Straight,Distance,Consistent,Forged/Blade-like,8,S,players-cb
4.3,96.0,235,Fade,Accuracy,Inconsistent,No preference,9,R,blade
0.0,87.6,203,Straight,Distance,Consistent,No preference,10.5,R,blade
17.5,101.2,234,Draw,Distance,Left/Right,Forged/Blade-like,9,S,players-cb
12.8,89.6,203,Draw,Accuracy,Left/Right,Forged/Blade-like,9,R,players-cb
21.1,88.9,202,Straight,Forgiveness,Left/Right,Confidence-inspiring,10.5,R,super-game-improvement
23.3,72.5,169,Fade,Forgiveness,Left/Right,Confidence-inspiring,12,A,super-game-improvement
18.2,84.6,192,Fade,Accuracy,Fat/Thin,Confidence-inspiring,10.5,R,game-improvement
23.8,74.8,175,Slice,Forgiveness,Fat/Thin,No preference,12,A,game-improvement
19.1,88.7,209,Fade,Distance,Fat/Thin,Forged/Blade-like,10.5,R,players-distance
21.8,87.2,205,Straight,Forgiveness,Left/Right,No preference,10.5,R,super-game-improvement
10.7,99.6,238,Fade,Accuracy,Fat/Thin,Forged/Blade-like,9,S,players-distance
15.4,107.9,259,Fade,Forgiveness,Inconsistent,Confidence-inspiring,9,S,super-game-improvement
18.8,100.0,232,Fade,Forgiveness,Inconsistent,Confidence-inspiring,10.5,S,super-game-improvement
24.4,73.2,148,Fade,Accuracy,Inconsistent,Forged/Blade-like,10.5,A,game-improvement
13.5,102.9,232,Straight,Distance,Inconsistent,Confidence-inspiring,9,X,game-improvement
21.7,92.4,206,Slice,Accuracy,Fat/Thin,Confidence-inspiring,10.5,R,super-game-improvement
14.6,95.1,220,Draw,Accuracy,Fat/Thin,No preference,10.5,R,game-improvement
15.9,95.0,222,Draw,Forgiveness,Left/Right,Forged/Blade-like,10.5,R,players-distance
24.5,91.4,197,Hook,Forgiveness,Fat/Thin,Confidence-inspiring,10.5,R,game-improvement
0.0,99.1,261,Straight,Distance,Consistent,Confidence-inspiring,9,S,blade
5.3,100.6,241,Fade,Distance,Consistent,Confidence-inspiring,8,S,players-cb
3.7,115.3,279,Slice,Accuracy,Inconsistent,Confidence-inspiring,8,X,players-distance
0.0,99.0,237,Hook,Distance,Consistent,Forged/Blade-like,10.5,S,players-cb
10.9,88.3,199,Slice,Distance,Consistent,Forged/Blade-like,10.5,R,players-cb
23.7,89.3,199,Slice,Accuracy,Left/Right,Confidence-inspiring,10.5,R,super-game-improvement
14.4,84.9,197,Slice,Accuracy,Consistent,No preference,10.5,R,players-distance
18.8,76.0,173,Hook,Accuracy,Fat/Thin,Forged/Blade-like,12,A,players-distance
26.8,84.3,201,Draw,Forgiveness,Left/Right,Confidence-inspiring,10.5,R,super-game-improvement
28.9,100.8,220,Fade,Forgiveness,Fat/Thin,Confidence-inspiring,10.5,S,super-game-improvement
16.4,94.5,217,Slice,Distance,Fat/Thin,No preference,10.5,S,game-improvement
29.2,87.9,200,Hook,Forgiveness,Inconsistent,Confidence-inspiring,10.5,R,super-game-improvement
17.8,72.6,165,Slice,Distance,Fat/Thin,No preference,12,A,super-game-improvement
9.5,103.9,251,Slice,Forgiveness,Consistent,Forged/Blade-like,8,S,players-cb
11.7,99.0,221,Draw,Forgiveness,Left/Right,Forged/Blade-like,10.5,S,players-cb
3.7,96.8,222,Straight,Accuracy,Consistent,Forged/Blade-like,9,R,blade
9.0,101.7,242,Draw,Distance,Consistent,Forged/Blade-like,9,S,players-cb
13.8,98.3,227,Draw,Distance,Inconsistent,No preference,9,S,players-distance
24.2,78.9,169,Slice,Distance,Consistent,No preference,12,A,game-improvement
32.5,87.2,189,Straight,Accuracy,Fat/Thin,Confidence-inspiring,10.5,R,super-game-improvement
4.6,114.8,278,Draw,Distance,Fat/Thin,No preference,8,X,players-cb
20.5,89.8,197,Straight,Forgiveness,Inconsistent,Confidence-inspiring,10.5,R,super-game-improvement
7.6,92.2,215,Fade,Forgiveness,Consistent,Forged/Blade-like,10.5,R,players-distance
21.3,89.7,205,Slice,Accuracy,Fat/Thin,Confidence-inspiring,10.5,R,game-improvement
15.8,103.8,230,Slice,Forgiveness,Fat/Thin,No preference,9,S,super-game-improvement
0.5,93.4,223,Straight,Accuracy,Consistent,No preference,10.5,R,blade
25.4,94.5,215,Straight,Forgiveness,Inconsistent,Confidence-inspiring,10.5,R,super-game-improvement
11.6,91.3,214,Straight,Accuracy,Inconsistent,Confidence-inspiring,10.5,R,game-improvement
12.2,100.1,230,Hook,Accuracy,Fat/Thin,Confidence-inspiring,9,S,super-game-improvement
7.4,95.3,219,Straight,Accuracy,Consistent,No preference,10.5,R,players-cb
11.1,92.8,209,Fade,Forgiveness,Inconsistent,Forged/Blade-like,10.5,R,game-improvement
20.9,107.0,241,Slice,Forgiveness,Inconsistent,Confidence-inspiring,9,S,super-game-improvement
15.3,81.5,207,Straight,Distance,Inconsistent,Forged/Blade-like,12,A,players-cb
20.0,97.3,226,Slice,Accuracy,Left/Right,Confidence-inspiring,9,S,super-game-improvement
20.3,109.5,236,Straight,Forgiveness,Left/Right,No preference,9,S,game-improvement
28.9,93.2,210,Straight,Distance,Fat/Thin,Confidence-inspiring,10.5,R,super-game-improvement
13.9,83.2,187,Straight,Forgiveness,Fat/Thin,Forged/Blade-like,10.5,A,game-improvement
3.7,90.7,219,Draw,Forgiveness,Inconsistent,Confidence-inspiring,10.5,R,game-improvement
26.6,80.4,172,Draw,Forgiveness,Inconsistent,No preference,12,A,super-game-improvement
14.0,98.1,246,Fade,Distance,Consistent,Confidence-inspiring,9,S,players-cb
27.0,89.9,188,Slice,Forgiveness,Left/Right,Confidence-inspiring,10.5,R,super-game-improvement
20.5,79.3,182,Straight,Accuracy,Fat/Thin,Confidence-inspiring,12,A,game-improvement
15.8,86.5,193,Straight,Forgiveness,Left/Right,No preference,10.5,R,game-improvement
20.1,84.2,198,Slice,Accuracy,Left/Right,No preference,10.5,R,game-improvement
34.6,80.7,175,Straight,Forgiveness,Fat/Thin,No preference,12,A,super-game-improvement
35.7,101.6,228,Draw,Forgiveness,Fat/Thin,Forged/Blade-like,10.5,S,super-game-improvement
17.6,84.7,201,Straight,Accuracy,Inconsistent,Forged/Blade-like,10.5,S,players-cb
18.4,83.7,185,Straight,Distance,Left/Right,Forged/Blade-like,10.5,A,players-cb
26.7,76.5,195,Draw,Distance,Left/Right,Forged/Blade-like,12,A,players-distance
9.4,106.0,256,Fade,Accuracy,Fat/Thin,Confidence-inspiring,9,S,players-distance
20.0,92.0,204,Slice,Forgiveness,Inconsistent,Confidence-inspiring,10.5,R,super-game-improvement
16.8,85.6,199,Slice,Accuracy,Fat/Thin,Confidence-inspiring,10.5,R,super-game-improvement
19.8,88.9,208,Draw,Distance,Left/Right,No preference,10.5,R,players-distance
9.5,91.6,222,Straight,Distance,Consistent,Forged/Blade-like,9,R,players-cb
2.7,107.1,264,Draw,Distance,Consistent,No preference,10.5,S,blade
0.0,120.0,303,Fade,Forgiveness,Left/Right,No preference,9,X,players-cb
6.9,106.8,263,Draw,Distance,Consistent,Forged/Blade-like,9,R,blade
12.9,96.3,217,Straight,Accuracy,Left/Right,No preference,9,R,players-distance
14.4,89.6,227,Hook,Accuracy,Inconsistent,Forged/Blade-like,10.5,R,players-cb
34.4,69.2,166,Hook,Forgiveness,Inconsistent,Confidence-inspiring,12,L,super-game-improvement
27.0,95.0,217,Slice,Accuracy,Left/Right,Forged/Blade-like,10.5,A,players-distance
8.3,107.1,255,Straight,Accuracy,Consistent,No preference,9,S,players-cb
20.1,87.7,200,Slice,Forgiveness,Fat/Thin,Confidence-inspiring,10.5,R,super-game-improvement
13.3,109.1,251,Fade,Distance,Left/Right,Forged/Blade-like,8,X,players-cb
14.4,96.4,222,Slice,Accuracy,Left/Right,No preference,9,R,game-improvement
18.7,101.0,211,Slice,Accuracy,Fat/Thin,Forged/Blade-like,9,S,players-distance
22.6,93.6,224,Slice,Forgiveness,Inconsistent,Confidence-inspiring,10.5,R,super-game-improvement
13.9,94.8,231,Draw,Forgiveness,Fat/Thin,Forged/Blade-like,10.5,R,game-improvement
26.6,78.4,158,Fade,Forgiveness,Left/Right,Confidence-inspiring,12,A,game-improvement
6.7,100.0,247,Hook,Accuracy,Consistent,No preference,9,S,blade
17.1,102.8,236,Straight,Distance,Left/Right,Confidence-inspiring,10.5,S,players-distance
36.0,76.4,161,Draw,Forgiveness,Fat/Thin,Forged/Blade-like,12,A,super-game-improvement
19.0,97.5,227,Draw,Accuracy,Inconsistent,Confidence-inspiring,9,S,game-improvement
29.9,74.8,147,Slice,Accuracy,Fat/Thin,Confidence-inspiring,12,A,super-game-improvement
17.8,101.7,233,Slice,Accuracy,Inconsistent,Forged/Blade-like,9,S,players-cb
22.2,94.0,212,Draw,Distance,Left/Right,Confidence-inspiring,12,R,game-improvement
16.5,82.8,191,Draw,Distance,Left/Right,No preference,10.5,A,players-distance
15.5,93.2,203,Slice,Forgiveness,Inconsistent,Confidence-inspiring,10.5,S,super-game-improvement
10.0,108.5,260,Slice,Forgiveness,Consistent,Forged/Blade-like,9,S,players-cb
20.9,79.2,189,Draw,Forgiveness,Left/Right,Confidence-inspiring,12,A,super-game-improvement
9.3,89.0,214,Slice,Accuracy,Consistent,No preference,10.5,R,players-cb
23.0,89.7,199,Slice,Forgiveness,Fat/Thin,Confidence-inspiring,10.5,R,super-game-improvement
26.8,109.1,265,Slice,Distance,Left/Right,Confidence-inspiring,10.5,S,game-improvement
20.3,85.5,186,Straight,Forgiveness,Left/Right,Confidence-inspiring,10.5,R,super-game-improvement
14.4,101.2,242,Hook,Distance,Left/Right,Forged/Blade-like,9,S,players-cb
21.1,94.3,215,Hook,Accuracy,Consistent,No preference,10.5,R,players-cb
14.2,90.4,228,Hook,Forgiveness,Inconsistent,No preference,10.5,R,super-game-improvement
25.4,90.3,204,Slice,Forgiveness,Fat/Thin,Confidence-inspiring,10.5,R,super-game-improvement
0.5,101.2,253,Straight,Forgiveness,Left/Right,Confidence-inspiring,10.5,S,game-improvement
14.0,92.9,220,Straight,Forgiveness,Fat/Thin,Confidence-inspiring,10.5,R,super-game-improvement
0.0,89.4,210,Straight,Forgiveness,Consistent,Forged/Blade-like,10.5,A,blade
3.5,103.4,242,Fade,Accuracy,Inconsistent,No preference,8,S,players-cb
29.3,95.1,205,Draw,Distance,Inconsistent,Confidence-inspiring,10.5,A,super-game-improvement
25.1,89.5,208,Hook,Accuracy,Inconsistent,Confidence-inspiring,10.5,R,super-game-improvement
10.5,109.8,261,Straight,Distance,Inconsistent,No preference,8,S,players-cb
3.5,109.4,263,Draw,Accuracy,Left/Right,No preference,8,S,players-cb
0.0,105.4,271,Straight,Accuracy,Left/Right,No preference,9,S,players-cb
12.1,91.5,196,Fade,Accuracy,Fat/Thin,Confidence-inspiring,10.5,R,game-improvement
36.0,76.7,151,Slice,Forgiveness,Inconsistent,No preference,12,A,super-game-improvement
20.9,77.1,152,Fade,Forgiveness,Left/Right,No preference,12,A,super-game-improvement
12.0,95.2,234,Fade,Accuracy,Left/Right,Confidence-inspiring,10.5,R,game-improvement
21.2,93.0,209,Draw,Accuracy,Left/Right,Confidence-inspiring,10.5,R,game-improvement
3.0,120.0,299,Slice,Forgiveness,Consistent,No preference,9,X,players-cb
14.3,101.6,235,Fade,Forgiveness,Inconsistent,Confidence-inspiring,10.5,S,game-improvement
17.9,85.2,204,Slice,Distance,Fat/Thin,No preference,10.5,R,game-improvement
16.2,80.6,185,Draw,Accuracy,Fat/Thin,No preference,12,A,players-distance
24.1,87.5,199,Slice,Forgiveness,Fat/Thin,Confidence-inspiring,10.5,R,super-game-improvement
20.1,100.4,230,Slice,Accuracy,Left/Right,Confidence-inspiring,9,S,super-game-improvement
23.0,88.2,201,Slice,Forgiveness,Fat/Thin,No preference,10.5,A,super-game-improvement
10.8,104.1,260,Fade,Accuracy,Left/Right,No preference,9,S,players-cb
25.1,87.1,179,Slice,Forgiveness,Inconsistent,Confidence-inspiring,12,R,super-game-improvement
31.7,91.6,198,Slice,Accuracy,Inconsistent,Confidence-inspiring,10.5,R,super-game-improvement
8.3,84.4,202,Slice,Forgiveness,Consistent,Confidence-inspiring,10.5,R,game-improvement
9.0,115.9,275,Slice,Accuracy,Consistent,Forged/Blade-like,8,X,players-cb
29.0,75.2,161,Slice,Forgiveness,Inconsistent,Confidence-inspiring,12,A,super-game-improvement
15.3,103.5,235,Draw,Accuracy,Consistent,Forged/Blade-like,9,S,players-cb
29.6,83.2,195,Fade,Forgiveness,Left/Right,Confidence-inspiring,10.5,L,super-game-improvement
13.0,96.0,223,Straight,Accuracy,Left/Right,Confidence-inspiring,9,R,game-improvement
30.1,83.1,203,Straight,Forgiveness,Left/Right,Confidence-inspiring,10.5,A,super-game-improvement
18.2,96.2,225,Slice,Forgiveness,Inconsistent,Confidence-inspiring,10.5,R,super-game-improvement
19.3,97.5,219,Straight,Distance,Left/Right,Confidence-inspiring,9,S,game-improvement
31.1,95.4,212,Fade,Accuracy,Fat/Thin,No preference,10.5,S,game-improvement
13.7,110.8,259,Straight,Forgiveness,Inconsistent,No preference,9,X,game-improvement
8.5,103.5,258,Fade,Distance,Consistent,Confidence-inspiring,9,S,blade
13.0,114.3,256,Slice,Accuracy,Fat/Thin,Forged/Blade-like,8,X,players-cb
21.1,92.6,193,Hook,Forgiveness,Fat/Thin,Forged/Blade-like,10.5,R,game-improvement
2.9,114.8,282,Draw,Forgiveness,Left/Right,Confidence-inspiring,9,X,players-distance
22.7,94.9,221,Straight,Distance,Left/Right,Confidence-inspiring,12,R,super-game-improvement
12.2,92.2,218,Fade,Accuracy,Left/Right,Confidence-inspiring,10.5,R,game-improvement
27.3,89.2,203,Slice,Forgiveness,Inconsistent,Confidence-inspiring,10.5,R,super-game-improvement
0.0,111.0,277,Straight,Accuracy,Consistent,No preference,8,X,blade
9.9,98.9,220,Slice,Distance,Consistent,No preference,9,S,players-cb
1.8,108.9,268,Fade,Accuracy,Consistent,Forged/Blade-like,8,S,blade
9.6,108.1,267,Draw,Accuracy,Consistent,No preference,8,S,players-cb
19.2,92.7,213,Hook,Accuracy,Left/Right,No preference,10.5,R,players-distance
15.4,66.1,141,Draw,Accuracy,Left/Right,Forged/Blade-like,12,L,players-distance
14.7,112.8,258,Straight,Accuracy,Fat/Thin,Confidence-inspiring,8,X,game-improvement
15.6,92.4,218,Hook,Distance,Left/Right,No preference,10.5,R,players-distance
18.8,85.0,210,Hook,Accuracy,Fat/Thin,Confidence-inspiring,10.5,R,game-improvement
7.9,89.4,195,Fade,Accuracy,Consistent,No preference,10.5,R,players-cb
23.4,86.7,197,Straight,Forgiveness,Inconsistent,Confidence-inspiring,10.5,S,super-game-improvement
23.0,84.7,182,Slice,Forgiveness,Inconsistent,Confidence-inspiring,10.5,R,super-game-improvement
20.5,84.7,196,Slice,Forgiveness,Fat/Thin,Confidence-inspiring,10.5,R,super-game-improvement
22.0,84.2,195,Slice,Forgiveness,Fat/Thin,Confidence-inspiring,9,R,super-game-improvement
19.7,97.9,220,Draw,Distance,Fat/Thin,Forged/Blade-like,9,S,players-cb
35.3,102.3,224,Slice,Forgiveness,Fat/Thin,Confidence-inspiring,10.5,S,super-game-improvement
16.2,103.2,248,Straight,Forgiveness,Fat/Thin,No preference,9,S,game-improvement
14.2,107.6,248,Hook,Accuracy,Inconsistent,Confidence-inspiring,9,S,game-improvement
10.2,95.3,213,Slice,Forgiveness,Consistent,Confidence-inspiring,10.5,R,game-improvement
7.7,101.8,255,Fade,Distance,Inconsistent,No preference,9,S,players-cb
5.8,106.3,262,Slice,Accuracy,Consistent,Forged/Blade-like,9,S,blade
9.0,93.3,226,Straight,Accuracy,Fat/Thin,Confidence-inspiring,10.5,R,super-game-improvement
16.4,90.6,202,Slice,Forgiveness,Left/Right,No preference,10.5,R,super-game-improvement
20.0,100.9,238,Straight,Forgiveness,Inconsistent,Confidence-inspiring,10.5,S,super-game-improvement
17.5,105.0,259,Fade,Accuracy,Inconsistent,No preference,9,S,players-distance
10.1,99.8,234,Straight,Distance,Fat/Thin,Forged/Blade-like,9,S,players-distance
25.1,77.0,172,Slice,Forgiveness,Left/Right,Confidence-inspiring,12,A,super-game-improvement
23.7,86.9,185,Slice,Forgiveness,Fat/Thin,Confidence-inspiring,12,R,game-improvement
15.6,81.0,181,Draw,Forgiveness,Fat/Thin,Forged/Blade-like,12,A,game-improvement
11.1,99.2,223,Fade,Accuracy,Fat/Thin,Confidence-inspiring,9,S,players-distance
21.9,93.7,212,Slice,Forgiveness,Inconsistent,No preference,10.5,R,super-game-improvement
18.7,90.6,204,Slice,Distance,Fat/Thin,Forged/Blade-like,10.5,R,players-distance
4.0,105.7,259,Straight,Distance,Consistent,No preference,9,S,blade
16.4,99.0,220,Straight,Accuracy,Inconsistent,Confidence-inspiring,9,S,game-improvement
19.4,95.4,216,Straight,Distance,Consistent,Confidence-inspiring,10.5,R,players-distance
8.9,87.9,200,Fade,Accuracy,Left/Right,No preference,10.5,S,players-distance
18.7,90.8,209,Straight,Forgiveness,Consistent,Confidence-inspiring,10.5,R,game-improvement
3.9,107.4,245,Draw,Forgiveness,Left/Right,Forged/Blade-like,9,S,players-cb
29.0,102.1,225,Fade,Forgiveness,Inconsistent,Confidence-inspiring,10.5,S,game-improvement
28.2,84.1,182,Draw,Forgiveness,Fat/Thin,Confidence-inspiring,10.5,R,super-game-improvement
14.7,101.5,237,Draw,Accuracy,Left/Right,Confidence-inspiring,9,S,game-improvement
20.3,101.0,214,Fade,Distance,Inconsistent,Confidence-inspiring,9,S,super-game-improvement
0.0,104.0,261,Fade,Forgiveness,Consistent,Confidence-inspiring,9,S,players-cb
6.6,113.0,267,Straight,Distance,Fat/Thin,No preference,8,X,players-distance
14.4,108.2,253,Slice,Distance,Inconsistent,No preference,8,S,players-distance
7.4,114.8,257,Draw,Distance,Left/Right,No preference,8,X,players-cb
23.4,94.7,201,Straight,Forgiveness,Left/Right,Confidence-inspiring,10.5,R,super-game-improvement
35.0,105.8,222,Hook,Accuracy,Fat/Thin,Forged/Blade-like,10.5,S,players-distance
6.4,95.5,241,Draw,Distance,Left/Right,No preference,10.5,R,players-cb
9.5,120.0,288,Draw,Accuracy,Consistent,Forged/Blade-like,8,X,players-cb
19.1,100.7,231,Straight,Accuracy,Inconsistent,Confidence-inspiring,9,S,game-improvement
31.5,98.0,204,Straight,Forgiveness,Inconsistent,No preference,9,S,super-game-improvement
6.0,98.7,227,Hook,Accuracy,Consistent,Forged/Blade-like,9,S,players-cb
19.2,101.4,233,Straight,Distance,Left/Right,No preference,9,R,players-distance
33.4,97.6,216,Straight,Distance,Left/Right,Confidence-inspiring,10.5,S,super-game-improvement
2.1,93.7,230,Draw,Distance,Consistent,No preference,10.5,R,blade
5.5,100.6,257,Straight,Distance,Consistent,No preference,8,S,blade
13.2,75.6,170,Fade,Distance,Inconsistent,Confidence-inspiring,12,A,super-game-improvement
12.3,95.9,226,Fade,Accuracy,Left/Right,No preference,10.5,R,players-distance
24.3,81.3,166,Hook,Forgiveness,Fat/Thin,Confidence-inspiring,12,A,super-game-improvement
19.2,90.8,209,Slice,Forgiveness,Left/Right,No preference,10.5,R,super-game-improvement
1.0,120.0,306,Straight,Distance,Consistent,Forged/Blade-like,8,X,blade
21.6,108.5,235,Slice,Accuracy,Fat/Thin,Confidence-inspiring,8,S,super-game-improvement
11.8,83.6,204,Straight,Forgiveness,Consistent,Forged/Blade-like,10.5,A,players-distance
28.5,92.2,215,Fade,Forgiveness,Consistent,No preference,10.5,R,super-game-improvement
11.4,106.2,243,Straight,Forgiveness,Inconsistent,Forged/Blade-like,9,S,players-cb
11.3,94.9,227,Slice,Forgiveness,Consistent,Confidence-inspiring,10.5,R,super-game-improvement
21.9,92.9,224,Straight,Accuracy,Inconsistent,Confidence-inspiring,10.5,A,super-game-improvement
23.9,92.5,209,Slice,Accuracy,Left/Right,No preference,10.5,R,game-improvement
21.0,78.3,184,Draw,Distance,Fat/Thin,Confidence-inspiring,12,A,super-game-improvement
1.8,94.5,214,Slice,Accuracy,Inconsistent,Forged/Blade-like,10.5,R,players-cb
21.8,92.9,215,Hook,Forgiveness,Fat/Thin,Confidence-inspiring,10.5,R,super-game-improvement
7.7,101.8,247,Straight,Accuracy,Inconsistent,Forged/Blade-like,9,S,players-cb
19.1,85.9,184,Straight,Forgiveness,Inconsistent,Confidence-inspiring,10.5,R,game-improvement
4.2,95.2,221,Draw,Forgiveness,Consistent,Forged/Blade-like,10.5,S,blade
21.0,90.8,211,Slice,Forgiveness,Consistent,Confidence-inspiring,10.5,R,super-game-improvement
9.7,108.3,253,Hook,Accuracy,Fat/Thin,No preference,9,S,players-cb
5.5,101.5,254,Draw,Accuracy,Consistent,Forged/Blade-like,9,S,blade
23.4,106.3,241,Straight,Accuracy,Left/Right,Confidence-inspiring,9,S,players-distance
19.2,86.0,196,Slice,Distance,Fat/Thin,Confidence-inspiring,10.5,R,game-improvement
11.5,100.1,233,Fade,Accuracy,Left/Right,Forged/Blade-like,9,S,players-cb
30.1,82.0,181,Straight,Forgiveness,Left/Right,Forged/Blade-like,10.5,A,super-game-improvement
13.0,103.0,248,Straight,Accuracy,Inconsistent,Forged/Blade-like,9,S,players-cb
17.3,86.4,203,Draw,Forgiveness,Consistent,No preference,10.5,R,players-distance
19.4,112.1,251,Slice,Accuracy,Fat/Thin,Confidence-inspiring,8,X,game-improvement
11.4,81.3,202,Straight,Forgiveness,Consistent,No preference,10.5,A,players-distance
21.2,108.7,251,Slice,Forgiveness,Inconsistent,Confidence-inspiring,10.5,S,super-game-improvement
12.2,98.6,234,Fade,Distance,Left/Right,Forged/Blade-like,8,S,players-cb
13.3,102.5,240,Fade,Distance,Left/Right,Confidence-inspiring,8,S,players-distance
29.3,99.4,222,Slice,Forgiveness,Fat/Thin,Confidence-inspiring,10.5,S,super-game-improvement
7.6,109.4,244,Straight,Accuracy,Left/Right,No preference,8,R,blade
0.0,98.7,244,Straight,Distance,Inconsistent,Forged/Blade-like,9,S,blade
31.5,90.6,211,Hook,Forgiveness,Fat/Thin,Confidence-inspiring,9,R,super-game-improvement
36.0,100.2,215,Straight,Accuracy,Consistent,Confidence-inspiring,10.5,X,game-improvement
13.4,88.0,206,Slice,Forgiveness,Consistent,Forged/Blade-like,10.5,R,players-cb
0.0,120.0,289,Slice,Accuracy,Consistent,Forged/Blade-like,8,X,blade
14.2,100.2,237,Hook,Distance,Inconsistent,No preference,9,S,players-distance
14.4,91.9,211,Slice,Accuracy,Fat/Thin,Confidence-inspiring,10.5,R,game-improvement
15.3,86.7,212,Straight,Forgiveness,Left/Right,Confidence-inspiring,10.5,R,super-game-improvement
7.0,99.0,229,Fade,Distance,Consistent,No preference,9,S,players-cb
22.2,71.4,157,Straight,Accuracy,Consistent,Confidence-inspiring,12,L,game-improvement
21.7,87.1,191,Hook,Accuracy,Fat/Thin,No preference,12,R,game-improvement
3.6,100.9,260,Straight,Forgiveness,Consistent,Forged/Blade-like,10.5,S,blade
23.3,79.4,176,Slice,Accuracy,Left/Right,Confidence-inspiring,10.5,R,super-game-improvement
35.5,89.3,185,Slice,Accuracy,Left/Right,Forged/Blade-like,10.5,R,game-improvement
18.5,91.2,189,Fade,Distance,Consistent,Confidence-inspiring,10.5,R,players-distance
14.0,90.1,201,Slice,Forgiveness,Left/Right,Confidence-inspiring,10.5,R,super-game-improvement
15.7,92.1,217,Fade,Accuracy,Consistent,Forged/Blade-like,10.5,A,players-cb
22.5,94.3,217,Straight,Accuracy,Left/Right,Confidence-inspiring,10.5,R,super-game-improvement
1.4,105.8,252,Fade,Distance,Inconsistent,Forged/Blade-like,9,S,blade
18.5,86.4,192,Hook,Forgiveness,Consistent,No preference,10.5,R,players-distance
13.5,98.1,245,Slice,Forgiveness,Consistent,Confidence-inspiring,10.5,S,game-improvement
33.6,82.6,202,Straight,Accuracy,Fat/Thin,Confidence-inspiring,10.5,A,super-game-improvement
15.4,84.1,205,Slice,Accuracy,Inconsistent,Forged/Blade-like,10.5,S,players-distance
32.0,81.4,190,Slice,Distance,Consistent,No preference,12,A,game-improvement
7.1,107.0,271,Slice,Accuracy,Consistent,No preference,8,S,players-cb
22.3,96.6,237,Draw,Forgiveness,Fat/Thin,No preference,10.5,R,super-game-improvement
19.9,90.2,202,Draw,Distance,Left/Right,Confidence-inspiring,10.5,R,game-improvement
9.2,106.5,244,Straight,Accuracy,Fat/Thin,Confidence-inspiring,8,S,players-distance
18.6,83.6,207,Fade,Distance,Left/Right,Confidence-inspiring,10.5,A,game-improvement
27.9,77.5,162,Fade,Distance,Left/Right,Confidence-inspiring,12,L,super-game-improvement
14.1,93.9,209,Slice,Forgiveness,Inconsistent,Confidence-inspiring,9,R,super-game-improvement
1.8,119.8,283,Straight,Distance,Left/Right,Forged/Blade-like,8,X,players-cb
16.8,96.2,220,Draw,Accuracy,Inconsistent,No preference,9,R,players-distance
8.9,97.2,212,Fade,Forgiveness,Consistent,Confidence-inspiring,10.5,S,players-distance
13.9,112.0,247,Straight,Accuracy,Fat/Thin,Forged/Blade-like,8,X,players-cb
16.3,92.0,206,Fade,Distance,Fat/Thin,Forged/Blade-like,10.5,R,players-distance
1.6,120.0,282,Hook,Distance,Consistent,Confidence-inspiring,8,X,players-cb
2.5,99.2,250,Fade,Distance,Left/Right,Forged/Blade-like,9,S,blade
21.3,81.4,184,Slice,Forgiveness,Fat/Thin,Confidence-inspiring,12,A,super-game-improvement
12.3,96.0,230,Straight,Forgiveness,Consistent,Confidence-inspiring,10.5,R,game-improvement
0.0,103.5,258,Straight,Forgiveness,Consistent,No preference,9,S,players-cb
24.1,81.5,180,Straight,Accuracy,Left/Right,Confidence-inspiring,12,A,super-game-improvement
19.5,118.8,279,Straight,Forgiveness,Left/Right,Confidence-inspiring,9,X,game-improvement
10.6,102.0,244,Draw,Distance,Inconsistent,No preference,9,S,players-distance
5.1,107.2,255,Slice,Distance,Fat/Thin,Forged/Blade-like,9,S,blade
24.5,84.7,174,Fade,Forgiveness,Fat/Thin,Confidence-inspiring,10.5,R,game-improvement
20.1,86.6,201,Slice,Forgiveness,Fat/Thin,Confidence-inspiring,10.5,R,super-game-improvement
36.0,91.8,184,Slice,Forgiveness,Left/Right,No preference,10.5,A,super-game-improvement
20.8,75.1,173,Fade,Forgiveness,Left/Right,Confidence-inspiring,12,A,super-game-improvement
20.5,80.6,183,Straight,Distance,Inconsistent,Confidence-inspiring,12,A,super-game-improvement
15.5,93.0,203,Draw,Accuracy,Left/Right,No preference,10.5,R,players-distance
24.4,102.9,232,Straight,Forgiveness,Left/Right,Confidence-inspiring,10.5,S,super-game-improvement
22.6,86.9,197,Draw,Accuracy,Fat/Thin,Confidence-inspiring,10.5,R,super-game-improvement
28.3,90.9,201,Fade,Forgiveness,Consistent,No preference,12,R,game-improvement
12.3,97.9,230,Straight,Forgiveness,Left/Right,Forged/Blade-like,10.5,S,players-distance
13.1,110.1,251,Draw,Forgiveness,Fat/Thin,No preference,9,S,game-improvement
12.7,81.5,196,Draw,Accuracy,Fat/Thin,No preference,12,A,game-improvement
24.1,97.0,210,Slice,Accuracy,Left/Right,No preference,10.5,S,players-distance
30.5,83.3,172,Straight,Forgiveness,Inconsistent,Confidence-inspiring,10.5,A,game-improvement
12.9,106.5,255,Straight,Distance,Left/Right,Confidence-inspiring,9,S,players-cb
13.2,88.8,215,Slice,Accuracy,Fat/Thin,Forged/Blade-like,10.5,R,players-distance
19.8,92.8,216,Straight,Distance,Fat/Thin,No preference,10.5,R,game-improvement
14.8,94.9,218,Draw,Forgiveness,Fat/Thin,Confidence-inspiring,10.5,R,super-game-improvement
25.6,78.6,157,Straight,Accuracy,Fat/Thin,Confidence-inspiring,12,A,super-game-improvement
0.0,93.2,242,Straight,Distance,Left/Right,Confidence-inspiring,10.5,R,players-cb
9.6,93.7,204,Straight,Accuracy,Consistent,Forged/Blade-like,10.5,S,players-cb
10.0,100.5,242,Draw,Accuracy,Inconsistent,No preference,9,X,players-distance
0.0,98.4,260,Straight,Accuracy,Consistent,No preference,9,S,blade
8.3,97.1,232,Fade,Accuracy,Consistent,Confidence-inspiring,9,X,players-cb
8.8,81.2,195,Fade,Forgiveness,Consistent,Confidence-inspiring,12,A,players-distance
15.2,92.0,216,Straight,Distance,Left/Right,No preference,10.5,R,players-distance
27.0,97.9,218,Slice,Accuracy,Inconsistent,Confidence-inspiring,10.5,S,super-game-improvement
14.8,103.0,260,Hook,Accuracy,Fat/Thin,No preference,9,R,players-distance
7.7,99.9,230,Fade,Accuracy,Fat/Thin,No preference,9,S,players-distance
16.5,97.2,215,Fade,Forgiveness,Consistent,Forged/Blade-like,10.5,S,players-cb
26.4,79.8,174,Slice,Forgiveness,Consistent,Confidence-inspiring,12,A,super-game-improvement
8.2,116.7,293,Hook,Forgiveness,Consistent,Forged/Blade-like,9,X,players-cb
8.8,120.0,279,Straight,Accuracy,Consistent,Forged/Blade-like,8,X,players-cb
22.0,92.7,213,Fade,Forgiveness,Left/Right,Confidence-inspiring,10.5,R,super-game-improvement
15.0,120.0,287,Fade,Distance,Fat/Thin,Confidence-inspiring,8,X,game-improvement
22.8,83.7,195,Straight,Forgiveness,Fat/Thin,Confidence-inspiring,10.5,A,super-game-improvement
16.9,82.0,198,Draw,Distance,Consistent,Confidence-inspiring,10.5,A,players-distance
23.3,83.1,199,Hook,Forgiveness,Consistent,Confidence-inspiring,10.5,A,game-improvement
7.7,98.6,238,Fade,Accuracy,Left/Right,Confidence-inspiring,10.5,S,players-distance
16.9,117.6,266,Fade,Forgiveness,Inconsistent,No preference,9,X,game-improvement
15.1,92.9,216,Fade,Forgiveness,Inconsistent,Confidence-inspiring,12,R,super-game-improvement
6.1,93.3,220,Fade,Accuracy,Left/Right,No preference,12,R,players-distance
2.9,95.0,253,Fade,Accuracy,Consistent,Confidence-inspiring,10.5,R,players-cb
23.2,101.6,223,Draw,Accuracy,Left/Right,No preference,9,S,game-improvement
13.8,106.6,252,Fade,Accuracy,Consistent,Confidence-inspiring,9,S,players-cb
7.8,95.8,214,Draw,Forgiveness,Left/Right,No preference,10.5,R,players-distance
16.1,76.3,177,Straight,Forgiveness,Left/Right,No preference,12,A,super-game-improvement
27.2,76.2,165,Slice,Forgiveness,Inconsistent,No preference,12,A,super-game-improvement
0.0,120.0,300,Fade,Distance,Consistent,No preference,8,X,blade
3.5,110.5,274,Slice,Accuracy,Consistent,No preference,8,X,blade
8.7,100.7,252,Straight,Accuracy,Inconsistent,Forged/Blade-like,9,S,players-distance
30.2,104.2,239,Straight,Accuracy,Left/Right,Confidence-inspiring,10.5,S,game-improvement
19.5,112.3,255,Slice,Accuracy,Consistent,Confidence-inspiring,9,X,players-distance
23.9,89.4,191,Straight,Accuracy,Inconsistent,Confidence-inspiring,9,R,game-improvement
6.7,101.3,235,Hook,Distance,Consistent,Forged/Blade-like,9,S,players-cb
6.9,95.5,231,Fade,Accuracy,Consistent,Forged/Blade-like,10.5,R,blade
21.0,88.9,202,Straight,Forgiveness,Left/Right,Confidence-inspiring,12,R,super-game-improvement
17.5,79.2,184,Straight,Forgiveness,Inconsistent,No preference,12,R,super-game-improvement
21.9,76.2,167,Slice,Forgiveness,Consistent,Confidence-inspiring,12,A,super-game-improvement
15.3,78.4,194,Straight,Forgiveness,Left/Right,Confidence-inspiring,12,A,super-game-improvement
19.5,103.6,222,Draw,Forgiveness,Fat/Thin,Confidence-inspiring,9,S,super-game-improvement
18.4,77.9,173,Fade,Distance,Fat/Thin,No preference,12,A,game-improvement
24.0,109.2,234,Draw,Forgiveness,Consistent,No preference,9,S,players-distance
24.3,82.2,182,Slice,Accuracy,Fat/Thin,Confidence-inspiring,10.5,A,super-game-improvement
2.4,120.0,303,Hook,Distance,Consistent,Confidence-inspiring,8,X,blade
0.0,102.3,248,Fade,Forgiveness,Inconsistent,Confidence-inspiring,10.5,S,players-distance
26.0,72.7,162,Hook,Accuracy,Fat/Thin,Confidence-inspiring,12,A,super-game-improvement
27.7,100.0,226,Fade,Forgiveness,Left/Right,Confidence-inspiring,10.5,S,super-game-improvement
7.8,114.7,270,Fade,Forgiveness,Left/Right,No preference,9,S,players-distance
0.3,96.7,240,Slice,Forgiveness,Consistent,Forged/Blade-like,10.5,A,players-cb
17.9,90.5,209,Straight,Forgiveness,Inconsistent,No preference,10.5,R,super-game-improvement
25.4,79.7,167,Slice,Forgiveness,Left/Right,Confidence-inspiring,12,A,super-game-improvement
33.2,82.2,173,Fade,Accuracy,Left/Right,Confidence-inspiring,10.5,A,super-game-improvement
21.6,92.4,212,Draw,Accuracy,Left/Right,No preference,10.5,S,game-improvement
13.7,93.2,228,Draw,Forgiveness,Fat/Thin,No preference,10.5,R,super-game-improvement
9.0,81.7,205,Fade,Accuracy,Consistent,Forged/Blade-like,12,A,blade
17.1,88.6,222,Slice,Accuracy,Left/Right,Confidence-inspiring,10.5,R,game-improvement
14.3,103.3,244,Draw,Forgiveness,Consistent,Forged/Blade-like,9,S,players-cb
7.9,98.5,231,Straight,Forgiveness,Left/Right,Confidence-inspiring,10.5,S,game-improvement
35.4,78.7,167,Slice,Distance,Fat/Thin,Confidence-inspiring,12,A,super-game-improvement
33.1,74.2,159,Straight,Distance,Left/Right,Forged/Blade-like,12,A,game-improvement
27.2,81.4,176,Slice,Forgiveness,Left/Right,Confidence-inspiring,12,A,super-game-improvement
8.7,114.2,274,Fade,Distance,Consistent,Forged/Blade-like,8,X,players-distance
24.7,77.8,177,Slice,Forgiveness,Left/Right,No preference,12,A,super-game-improvement
22.8,97.7,209,Hook,Distance,Fat/Thin,Confidence-inspiring,9,S,super-game-improvement
21.0,92.2,218,Slice,Forgiveness,Fat/Thin,No preference,10.5,R,super-game-improvement
28.2,89.3,180,Draw,Accuracy,Fat/Thin,No preference,10.5,R,super-game-improvement
22.7,83.2,185,Slice,Distance,Fat/Thin,Confidence-inspiring,9,A,super-game-improvement
23.7,86.4,204,Slice,Accuracy,Fat/Thin,No preference,10.5,R,game-improvement
22.7,90.5,209,Slice,Forgiveness,Left/Right,Confidence-inspiring,10.5,R,super-game-improvement
20.1,87.1,194,Hook,Accuracy,Fat/Thin,Confidence-inspiring,10.5,R,super-game-improvement
0.9,108.7,283,Fade,Distance,Consistent,No preference,9,S,blade
17.8,98.5,222,Straight,Accuracy,Left/Right,Forged/Blade-like,10.5,S,players-cb
12.0,119.6,262,Fade,Accuracy,Left/Right,Forged/Blade-like,8,X,players-cb
5.5,105.0,256,Straight,Accuracy,Left/Right,No preference,9,S,players-cb
32.1,65.0,124,Straight,Forgiveness,Fat/Thin,Confidence-inspiring,12,A,super-game-improvement
32.6,95.5,198,Straight,Forgiveness,Left/Right,Confidence-inspiring,10.5,R,game-improvement
29.2,84.1,190,Slice,Forgiveness,Fat/Thin,Confidence-inspiring,12,R,super-game-improvement
19.3,113.0,253,Draw,Distance,Consistent,No preference,8,X,players-cb
29.2,100.9,226,Straight,Forgiveness,Inconsistent,Confidence-inspiring,10.5,S,super-game-improvement
17.1,89.3,195,Straight,Accuracy,Consistent,Confidence-inspiring,10.5,R,players-distance
18.8,100.4,237,Draw,Distance,Fat/Thin,No preference,9,S,players-cb
7.2,95.2,212,Straight,Accuracy,Consistent,Forged/Blade-like,10.5,R,players-cb
20.6,92.0,220,Slice,Accuracy,Inconsistent,Confidence-inspiring,10.5,R,super-game-improvement
17.5,100.9,227,Fade,Forgiveness,Inconsistent,Confidence-inspiring,10.5,R,super-game-improvement
5.3,113.5,286,Straight,Forgiveness,Consistent,No preference,9,X,players-cb
16.5,103.7,231,Straight,Forgiveness,Inconsistent,No preference,9,S,game-improvement
16.3,95.7,238,Straight,Distance,Inconsistent,Confidence-inspiring,10.5,R,game-improvement
33.2,108.3,224,Slice,Distance,Fat/Thin,Confidence-inspiring,10.5,S,super-game-improvement
25.0,85.3,174,Slice,Forgiveness,Consistent,Forged/Blade-like,9,R,game-improvement
17.1,78.3,180,Slice,Distance,Inconsistent,Forged/Blade-like,12,A,players-cb
19.2,78.8,191,Slice,Distance,Fat/Thin,No preference,12,A,game-improvement
17.4,108.9,257,Straight,Accuracy,Left/Right,Confidence-inspiring,8,S,game-improvement
15.2,94.9,230,Hook,Forgiveness,Inconsistent,No preference,10.5,S,game-improvement
7.3,102.6,252,Straight,Distance,Consistent,Forged/Blade-like,9,S,players-cb
15.6,90.0,200,Fade,Forgiveness,Left/Right,Confidence-inspiring,10.5,R,super-game-improvement
10.3,94.5,230,Straight,Distance,Fat/Thin,Confidence-inspiring,10.5,R,game-improvement
5.7,94.3,227,Slice,Forgiveness,Inconsistent,No preference,10.5,R,game-improvement
21.6,96.0,210,Hook,Accuracy,Left/Right,No preference,9,R,game-improvement
20.5,91.1,208,Slice,Forgiveness,Fat/Thin,Confidence-inspiring,10.5,R,super-game-improvement
0.9,109.7,267,Draw,Accuracy,Inconsistent,Confidence-inspiring,8,S,players-cb
15.9,98.6,240,Straight,Accuracy,Consistent,Forged/Blade-like,9,S,players-distance
26.0,84.1,182,Slice,Distance,Left/Right,No preference,10.5,R,super-game-improvement
26.5,73.4,157,Slice,Accuracy,Consistent,Confidence-inspiring,12,A,super-game-improvement
26.2,72.7,155,Draw,Forgiveness,Inconsistent,Confidence-inspiring,12,A,super-game-improvement
17.4,120.0,292,Straight,Distance,Fat/Thin,Forged/Blade-like,8,X,players-cb
9.4,114.4,265,Slice,Forgiveness,Consistent,Forged/Blade-like,9,X,players-cb
7.2,114.5,285,Straight,Accuracy,Left/Right,Forged/Blade-like,8,X,players-cb
20.1,85.6,185,Fade,Forgiveness,Fat/Thin,No preference,9,R,super-game-improvement
20.4,92.2,214,Straight,Forgiveness,Fat/Thin,Confidence-inspiring,10.5,R,super-game-improvement
28.6,78.4,174,Slice,Distance,Inconsistent,Confidence-inspiring,10.5,A,super-game-improvement
26.9,74.6,176,Slice,Accuracy,Fat/Thin,No preference,10.5,A,super-game-improvement
15.8,89.4,216,Fade,Accuracy,Inconsistent,Forged/Blade-like,9,R,players-cb
5.8,115.3,277,Straight,Accuracy,Consistent,No preference,8,X,blade
14.1,104.8,239,Slice,Accuracy,Left/Right,Confidence-inspiring,10.5,S,game-improvement
19.0,83.4,205,Hook,Distance,Left/Right,Confidence-inspiring,10.5,A,game-improvement
15.2,92.5,208,Slice,Accuracy,Fat/Thin,No preference,10.5,R,game-improvement
11.8,105.5,227,Fade,Accuracy,Inconsistent,Confidence-inspiring,9,R,players-distance
19.3,87.2,182,Fade,Accuracy,Inconsistent,Confidence-inspiring,10.5,R,super-game-improvement
12.5,98.3,215,Straight,Accuracy,Left/Right,No preference,9,S,players-distance
11.3,102.3,246,Slice,Accuracy,Consistent,Confidence-inspiring,9,S,players-cb
19.8,96.4,239,Straight,Forgiveness,Left/Right,Confidence-inspiring,10.5,R,super-game-improvement
13.4,99.4,213,Slice,Distance,Fat/Thin,No preference,9,S,game-improvement
19.2,86.4,190,Straight,Forgiveness,Fat/Thin,Forged/Blade-like,10.5,R,game-improvement
19.5,87.2,199,Straight,Distance,Left/Right,Forged/Blade-like,10.5,S,blade
6.7,90.1,229,Fade,Accuracy,Consistent,Forged/Blade-like,10.5,A,blade
12.7,81.8,184,Fade,Distance,Fat/Thin,No preference,12,A,game-improvement
29.9,84.5,190,Straight,Distance,Fat/Thin,Confidence-inspiring,10.5,S,super-game-improvement
6.5,109.7,260,Fade,Forgiveness,Left/Right,No preference,9,X,players-distance
0.0,92.2,249,Draw,Accuracy,Inconsistent,Forged/Blade-like,10.5,R,blade
0.2,108.6,267,Draw,Forgiveness,Consistent,Forged/Blade-like,9,S,blade
17.3,102.1,237,Slice,Distance,Fat/Thin,Confidence-inspiring,9,S,game-improvement
17.3,75.9,175,Draw,Forgiveness,Inconsistent,No preference,10.5,A,super-game-improvement
15.9,92.5,210,Straight,Accuracy,Inconsistent,Confidence-inspiring,12,R,game-improvement
27.9,103.5,236,Hook,Distance,Left/Right,Confidence-inspiring,10.5,S,game-improvement
0.0,111.5,263,Straight,Accuracy,Fat/Thin,No preference,8,X,players-cb
20.6,73.3,148,Slice,Forgiveness,Inconsistent,Confidence-inspiring,12,A,super-game-improvement
31.1,91.4,197,Draw,Distance,Fat/Thin,Confidence-inspiring,10.5,R,super-game-improvement
6.8,93.9,232,Draw,Accuracy,Consistent,Confidence-inspiring,10.5,R,players-cb
13.6,103.7,236,Fade,Accuracy,Left/Right,Forged/Blade-like,9,S,players-cb
10.2,92.2,219,Straight,Forgiveness,Left/Right,Confidence-inspiring,10.5,R,game-improvement
9.0,99.3,224,Straight,Distance,Left/Right,Confidence-inspiring,9,S,players-distance
14.1,91.0,221,Straight,Accuracy,Fat/Thin,Forged/Blade-like,10.5,R,players-distance
29.8,85.8,193,Straight,Accuracy,Left/Right,Confidence-inspiring,12,R,super-game-improvement
33.5,77.5,167,Straight,Accuracy,Fat/Thin,Confidence-inspiring,12,A,super-game-improvement
14.0,94.2,220,Straight,Forgiveness,Consistent,Confidence-inspiring,10.5,R,players-distance
34.1,71.1,140,Straight,Forgiveness,Left/Right,Confidence-inspiring,12,L,super-game-improvement
17.3,99.1,215,Straight,Forgiveness,Fat/Thin,Confidence-inspiring,10.5,S,super-game-improvement
32.8,85.4,183,Slice,Accuracy,Left/Right,Confidence-inspiring,10.5,R,super-game-improvement
16.2,78.8,186,Straight,Forgiveness,Fat/Thin,No preference,12,A,super-game-improvement
18.2,103.6,242,Draw,Accuracy,Left/Right,No preference,9,S,players-distance
20.3,90.4,202,Slice,Distance,Fat/Thin,No preference,10.5,R,super-game-improvement
36.0,83.1,183,Slice,Accuracy,Left/Right,Confidence-inspiring,10.5,A,super-game-improvement
24.7,96.8,228,Straight,Accuracy,Left/Right,Forged/Blade-like,10.5,R,players-distance
10.6,102.1,240,Fade,Distance,Left/Right,Forged/Blade-like,9,S,players-cb
25.7,100.2,225,Fade,Distance,Left/Right,Forged/Blade-like,12,S,players-distance
13.7,93.8,216,Fade,Forgiveness,Left/Right,No preference,10.5,A,game-improvement
12.6,107.8,251,Fade,Distance,Left/Right,Confidence-inspiring,9,S,players-distance
25.2,90.1,202,Straight,Accuracy,Consistent,Confidence-inspiring,10.5,R,game-improvement
17.3,99.3,243,Fade,Forgiveness,Fat/Thin,No preference,10.5,S,super-game-improvement
19.5,96.8,228,Fade,Accuracy,Fat/Thin,No preference,9,R,game-improvement
17.1,106.8,253,Fade,Accuracy,Consistent,Forged/Blade-like,9,S,players-cb
20.0,99.6,222,Hook,Forgiveness,Inconsistent,Confidence-inspiring,10.5,X,super-game-improvement
20.8,87.4,190,Draw,Forgiveness,Fat/Thin,Confidence-inspiring,12,R,super-game-improvement
0.0,99.6,248,Hook,Accuracy,Consistent,No preference,9,S,blade
23.0,89.9,213,Slice,Forgiveness,Left/Right,Forged/Blade-like,10.5,R,game-improvement
8.2,92.8,236,Fade,Distance,Consistent,No preference,10.5,R,players-cb
4.0,92.8,202,Draw,Distance,Fat/Thin,Forged/Blade-like,10.5,R,blade
16.5,73.5,191,Straight,Forgiveness,Consistent,Forged/Blade-like,12,A,players-distance
17.8,78.4,183,Draw,Accuracy,Consistent,No preference,12,A,players-distance
10.8,118.5,287,Straight,Forgiveness,Left/Right,No preference,9,X,players-distance
24.5,82.8,169,Straight,Forgiveness,Fat/Thin,No preference,10.5,A,game-improvement
4.9,120.0,287,Fade,Accuracy,Consistent,Forged/Blade-like,8,X,players-cb
13.3,101.0,243,Straight,Forgiveness,Inconsistent,Forged/Blade-like,10.5,S,game-improvement
11.7,97.5,218,Draw,Forgiveness,Inconsistent,Confidence-inspiring,10.5,S,game-improvement
16.6,79.7,157,Straight,Distance,Inconsistent,Forged/Blade-like,12,A,players-distance
19.5,92.8,214,Fade,Distance,Inconsistent,Confidence-inspiring,10.5,R,game-improvement
7.9,119.5,284,Draw,Distance,Inconsistent,Forged/Blade-like,8,X,players-cb
23.5,105.6,249,Straight,Distance,Left/Right,Confidence-inspiring,9,S,game-improvement
17.6,96.8,220,Draw,Accuracy,Fat/Thin,Forged/Blade-like,9,R,players-cb
0.0,94.5,231,Fade,Distance,Consistent,No preference,10.5,R,blade
0.0,96.4,242,Slice,Forgiveness,Fat/Thin,No preference,10.5,R,game-improvement
16.9,86.0,207,Slice,Accuracy,Inconsistent,Forged/Blade-like,10.5,R,players-distance
15.0,108.6,245,Slice,Forgiveness,Inconsistent,No preference,9,S,game-improvement
16.1,111.4,265,Straight,Distance,Inconsistent,No preference,8,X,players-distance
16.7,96.6,217,Slice,Distance,Inconsistent,No preference,9,R,game-improvement
19.0,90.0,205,Fade,Forgiveness,Fat/Thin,Confidence-inspiring,10.5,R,super-game-improvement
25.5,104.1,237,Straight,Distance,Fat/Thin,Confidence-inspiring,10.5,S,game-improvement
7.0,91.5,226,Straight,Forgiveness,Consistent,No preference,10.5,R,players-distance
6.5,102.1,247,Draw,Forgiveness,Consistent,No preference,8,X,blade
7.2,105.7,242,Slice,Forgiveness,Left/Right,Forged/Blade-like,9,S,players-cb
19.6,84.0,174,Straight,Distance,Fat/Thin,Confidence-inspiring,10.5,R,super-game-improvement
28.2,80.5,175,Slice,Forgiveness,Consistent,Confidence-inspiring,12,A,super-game-improvement
13.1,90.0,219,Fade,Accuracy,Fat/Thin,Confidence-inspiring,10.5,R,game-improvement
0.0,120.0,298,Fade,Accuracy,Left/Right,No preference,9,S,players-cb
1.7,120.0,294,Fade,Accuracy,Left/Right,Confidence-inspiring,8,X,players-cb
9.5,100.7,238,Draw,Distance,Left/Right,Forged/Blade-like,9,S,players-cb
12.0,95.2,226,Straight,Accuracy,Inconsistent,No preference,10.5,R,game-improvement
13.3,91.0,203,Slice,Forgiveness,Inconsistent,Confidence-inspiring,10.5,R,super-game-improvement
17.3,94.3,223,Fade,Forgiveness,Inconsistent,Confidence-inspiring,10.5,R,super-game-improvement
14.2,90.8,218,Slice,Accuracy,Left/Right,Forged/Blade-like,10.5,R,players-cb
26.4,87.1,190,Draw,Distance,Fat/Thin,Confidence-inspiring,10.5,R,super-game-improvement
10.9,102.7,245,Straight,Distance,Inconsistent,Confidence-inspiring,9,S,players-cb
9.2,95.7,211,Fade,Distance,Inconsistent,Confidence-inspiring,10.5,R,game-improvement
21.3,89.6,204,Slice,Forgiveness,Left/Right,No preference,10.5,R,super-game-improvement
3.2,102.0,246,Draw,Distance,Inconsistent,Forged/Blade-like,9,S,blade
20.5,88.9,213,Fade,Accuracy,Inconsistent,Confidence-inspiring,10.5,R,super-game-improvement
17.9,89.4,203,Draw,Accuracy,Left/Right,Forged/Blade-like,10.5,R,players-cb
15.7,102.9,245,Slice,Forgiveness,Consistent,Confidence-inspiring,8,S,game-improvement
31.3,67.0,142,Fade,Accuracy,Left/Right,No preference,12,L,super-game-improvement
11.4,114.0,247,Slice,Distance,Inconsistent,Confidence-inspiring,8,X,players-distance
35.5,83.2,175,Slice,Accuracy,Left/Right,No preference,10.5,A,super-game-improvement
15.0,101.9,238,Draw,Accuracy,Inconsistent,Confidence-inspiring,9,S,players-distance
5.5,109.5,264,Straight,Distance,Left/Right,Confidence-inspiring,8,S,players-cb
17.6,87.0,201,Hook,Accuracy,Consistent,Forged/Blade-like,10.5,R,players-cb
7.3,91.9,215,Slice,Forgiveness,Left/Right,Confidence-inspiring,10.5,R,super-game-improvement
10.2,88.7,206,Slice,Forgiveness,Fat/Thin,No preference,10.5,R,game-improvement
20.6,89.5,193,Slice,Distance,Inconsistent,Confidence-inspiring,10.5,R,game-improvement
22.0,98.0,203,Slice,Forgiveness,Fat/Thin,Confidence-inspiring,10.5,S,super-game-improvement
11.4,92.4,216,Slice,Accuracy,Fat/Thin,No preference,10.5,R,game-improvement
25.9,94.5,203,Straight,Accuracy,Left/Right,Confidence-inspiring,10.5,R,super-game-improvement
27.4,65.0,153,Straight,Accuracy,Left/Right,Confidence-inspiring,12,L,super-game-improvement
29.9,81.8,159,Fade,Distance,Inconsistent,Confidence-inspiring,12,A,game-improvement
21.8,102.8,234,Straight,Forgiveness,Fat/Thin,Forged/Blade-like,9,S,game-improvement
29.3,84.4,204,Slice,Forgiveness,Left/Right,Confidence-inspiring,10.5,R,super-game-improvement
0.1,97.6,237,Straight,Accuracy,Consistent,Forged/Blade-like,9,S,blade
14.1,89.8,209,Draw,Accuracy,Left/Right,No preference,10.5,R,players-distance
9.2,69.5,168,Draw,Accuracy,Left/Right,Forged/Blade-like,12,L,blade
18.1,83.6,196,Fade,Forgiveness,Inconsistent,Forged/Blade-like,10.5,A,players-distance
11.9,108.5,251,Slice,Accuracy,Left/Right,No preference,9,S,players-distance
15.5,89.6,198,Straight,Distance,Inconsistent,Confidence-inspiring,10.5,R,game-improvement
33.9,78.3,174,Straight,Accuracy,Inconsistent,Confidence-inspiring,12,L,super-game-improvement
15.5,72.1,149,Slice,Distance,Inconsistent,No preference,12,A,game-improvement
20.7,75.6,179,Slice,Distance,Fat/Thin,Confidence-inspiring,12,A,super-game-improvement
14.9,107.8,246,Straight,Forgiveness,Inconsistent,No preference,9,S,game-improvement
17.7,100.1,229,Fade,Forgiveness,Left/Right,No preference,10.5,S,game-improvement
17.1,81.4,182,Straight,Forgiveness,Left/Right,Confidence-inspiring,12,L,super-game-improvement
21.0,85.4,206,Straight,Forgiveness,Fat/Thin,Confidence-inspiring,10.5,R,super-game-improvement
27.5,87.0,194,Slice,Forgiveness,Inconsistent,Confidence-inspiring,10.5,R,super-game-improvement
31.8,72.4,154,Fade,Forgiveness,Left/Right,Confidence-inspiring,12,A,super-game-improvement
19.8,72.5,162,Draw,Accuracy,Left/Right,Confidence-inspiring,12,A,super-game-improvement
22.3,89.2,199,Slice,Forgiveness,Left/Right,Confidence-inspiring,10.5,R,super-game-improvement
6.6,107.2,278,Fade,Accuracy,Consistent,No preference,10.5,S,players-cb
16.2,100.9,221,Straight,Accuracy,Left/Right,Forged/Blade-like,9,S,players-cb
25.5,97.4,226,Slice,Accuracy,Inconsistent,Confidence-inspiring,10.5,S,game-improvement
24.8,73.6,169,Straight,Forgiveness,Fat/Thin,Forged/Blade-like,12,A,super-game-improvement
18.9,93.7,227,Fade,Accuracy,Fat/Thin,No preference,10.5,A,game-improvement
25.0,86.3,198,Hook,Distance,Fat/Thin,Confidence-inspiring,10.5,R,super-game-improvement
21.4,90.6,205,Hook,Forgiveness,Inconsistent,Confidence-inspiring,10.5,R,game-improvement
27.8,85.0,196,Hook,Accuracy,Fat/Thin,Confidence-inspiring,10.5,A,super-game-improvement
19.6,86.1,198,Straight,Forgiveness,Inconsistent,No preference,10.5,R,super-game-improvement
13.8,66.4,161,Fade,Distance,Inconsistent,Confidence-inspiring,12,L,super-game-improvement
20.0,104.0,249,Slice,Accuracy,Inconsistent,No preference,9,R,game-improvement
0.0,109.3,269,Draw,Accuracy,Consistent,Forged/Blade-like,8,S,blade
20.4,77.3,171,Straight,Forgiveness,Inconsistent,Forged/Blade-like,12,A,super-game-improvement
0.0,110.7,265,Hook,Accuracy,Fat/Thin,Confidence-inspiring,8,X,players-distance
1.5,100.5,249,Slice,Accuracy,Inconsistent,No preference,9,S,blade
21.1,87.5,190,Straight,Forgiveness,Fat/Thin,No preference,10.5,R,super-game-improvement
21.3,83.8,186,Draw,Forgiveness,Fat/Thin,No preference,10.5,A,super-game-improvement
6.5,106.9,247,Draw,Forgiveness,Fat/Thin,No preference,9,S,players-distance
10.6,90.8,218,Slice,Accuracy,Inconsistent,Confidence-inspiring,10.5,R,super-game-improvement
29.3,75.1,157,Slice,Forgiveness,Fat/Thin,Confidence-inspiring,12,A,game-improvement
12.6,108.7,242,Slice,Accuracy,Left/Right,No preference,8,S,players-distance
36.0,79.7,159,Fade,Accuracy,Consistent,No preference,10.5,R,game-improvement
17.0,93.0,208,Straight,Accuracy,Left/Right,Confidence-inspiring,10.5,R,super-game-improvement
20.7,98.8,219,Draw,Forgiveness,Fat/Thin,Confidence-inspiring,10.5,S,super-game-improvement
31.6,77.8,171,Draw,Forgiveness,Inconsistent,Confidence-inspiring,12,A,super-game-improvement
18.2,88.9,202,Straight,Accuracy,Left/Right,Forged/Blade-like,10.5,R,players-cb
8.0,103.6,250,Fade,Accuracy,Left/Right,Confidence-inspiring,8,R,players-distance
16.0,79.7,188,Slice,Accuracy,Consistent,No preference,10.5,A,players-distance
16.7,96.9,230,Slice,Forgiveness,Fat/Thin,Confidence-inspiring,10.5,R,super-game-improvement
4.7,95.2,212,Fade,Forgiveness,Fat/Thin,No preference,10.5,R,players-distance
14.7,104.6,232,Straight,Accuracy,Consistent,Confidence-inspiring,9,S,players-cb
10.3,104.5,251,Straight,Forgiveness,Left/Right,Forged/Blade-like,9,S,players-distance
25.3,92.9,208,Draw,Accuracy,Inconsistent,Confidence-inspiring,10.5,R,super-game-improvement
17.3,78.2,188,Fade,Accuracy,Left/Right,No preference,10.5,A,players-distance
14.5,95.1,207,Fade,Accuracy,Left/Right,Forged/Blade-like,10.5,R,players-cb
16.0,83.3,188,Fade,Accuracy,Inconsistent,Forged/Blade-like,9,A,players-cb
19.0,92.7,209,Hook,Accuracy,Inconsistent,Forged/Blade-like,10.5,S,players-cb
22.6,67.5,153,Straight,Accuracy,Left/Right,No preference,10.5,A,game-improvement
8.0,85.2,203,Draw,Accuracy,Consistent,Forged/Blade-like,12,R,players-cb
7.6,112.7,273,Slice,Accuracy,Consistent,Forged/Blade-like,8,S,players-cb
26.9,91.4,201,Straight,Forgiveness,Left/Right,Confidence-inspiring,10.5,R,super-game-improvement
13.3,93.4,230,Fade,Distance,Left/Right,Confidence-inspiring,9,A,game-improvement
4.2,94.1,242,Fade,Accuracy,Consistent,Forged/Blade-like,9,R,blade
21.0,80.9,173,Straight,Forgiveness,Left/Right,Confidence-inspiring,12,A,super-game-improvement
21.2,93.6,212,Slice,Forgiveness,Inconsistent,Confidence-inspiring,10.5,R,game-improvement
3.2,100.4,250,Draw,Distance,Consistent,Forged/Blade-like,9,S,blade
19.1,108.5,252,Fade,Distance,Inconsistent,Confidence-inspiring,8,S,game-improvement
23.6,88.1,193,Draw,Forgiveness,Inconsistent,Confidence-inspiring,10.5,R,super-game-improvement
20.4,92.7,212,Straight,Distance,Left/Right,Confidence-inspiring,10.5,R,super-game-improvement
22.7,76.7,158,Slice,Distance,Fat/Thin,Forged/Blade-like,12,A,game-improvement
4.4,99.4,239,Straight,Accuracy,Consistent,Confidence-inspiring,9,S,players-cb
20.0,94.2,201,Straight,Forgiveness,Left/Right,Confidence-inspiring,10.5,R,super-game-improvement
14.3,92.5,219,Fade,Distance,Inconsistent,Confidence-inspiring,10.5,R,game-improvement
12.7,92.5,206,Straight,Forgiveness,Inconsistent,Forged/Blade-like,10.5,R,players-distance
24.8,92.4,207,Fade,Forgiveness,Inconsistent,Confidence-inspiring,10.5,R,super-game-improvement
30.3,100.5,222,Slice,Forgiveness,Fat/Thin,Confidence-inspiring,10.5,S,super-game-improvement
33.1,84.9,183,Slice,Accuracy,Left/Right,Confidence-inspiring,10.5,R,super-game-improvement
28.8,97.9,209,Slice,Distance,Inconsistent,Confidence-inspiring,9,S,super-game-improvement
16.0,101.3,232,Straight,Forgiveness,Inconsistent,Forged/Blade-like,10.5,S,players-distance
20.2,103.1,244,Hook,Accuracy,Left/Right,No preference,9,S,players-distance
23.9,83.7,183,Slice,Accuracy,Inconsistent,Confidence-inspiring,10.5,A,game-improvement
18.1,91.6,210,Fade,Forgiveness,Consistent,No preference,12,R,players-distance
18.2,91.6,204,Slice,Forgiveness,Inconsistent,Confidence-inspiring,10.5,R,super-game-improvement
24.4,94.9,221,Slice,Forgiveness,Fat/Thin,No preference,10.5,R,super-game-improvement
16.5,102.7,237,Straight,Accuracy,Fat/Thin,Confidence-inspiring,9,S,game-improvement
10.4,100.2,229,Straight,Forgiveness,Inconsistent,Forged/Blade-like,10.5,X,game-improvement
13.3,105.7,246,Straight,Distance,Left/Right,Confidence-inspiring,9,S,players-distance
22.7,84.9,188,Slice,Accuracy,Left/Right,Confidence-inspiring,10.5,R,super-game-improvement
17.0,103.3,250,Slice,Accuracy,Left/Right,Forged/Blade-like,9,S,players-cb
20.1,102.5,232,Slice,Accuracy,Inconsistent,Confidence-inspiring,9,S,super-game-improvement
23.0,97.1,205,Hook,Forgiveness,Inconsistent,No preference,10.5,S,super-game-improvement
13.6,98.1,233,Fade,Accuracy,Left/Right,Forged/Blade-like,9,S,players-cb
23.8,96.9,233,Straight,Distance,Inconsistent,Confidence-inspiring,9,R,super-game-improvement
20.4,83.2,199,Straight,Forgiveness,Inconsistent,Forged/Blade-like,10.5,A,game-improvement
5.9,104.0,239,Draw,Distance,Fat/Thin,Forged/Blade-like,9,S,blade
30.0,88.6,191,Slice,Distance,Inconsistent,Confidence-inspiring,10.5,R,super-game-improvement
12.5,84.2,197,Hook,Forgiveness,Inconsistent,No preference,12,R,game-improvement
2.1,109.3,266,Draw,Distance,Left/Right,Forged/Blade-like,8,R,blade
7.6,88.3,214,Straight,Forgiveness,Consistent,No preference,10.5,R,players-distance
7.8,96.4,226,Straight,Forgiveness,Fat/Thin,Confidence-inspiring,10.5,R,super-game-improvement
17.5,94.5,208,Draw,Accuracy,Inconsistent,Confidence-inspiring,10.5,S,game-improvement
14.5,88.8,215,Draw,Accuracy,Inconsistent,Confidence-inspiring,10.5,R,game-improvement
14.0,97.3,216,Straight,Accuracy,Left/Right,Confidence-inspiring,9,R,game-improvement
22.6,91.3,198,Slice,Forgiveness,Fat/Thin,Forged/Blade-like,10.5,R,super-game-improvement
20.1,84.1,181,Straight,Forgiveness,Inconsistent,No preference,10.5,R,super-game-improvement
19.8,98.2,229,Straight,Forgiveness,Left/Right,Confidence-inspiring,10.5,R,super-game-improvement
20.7,84.3,192,Straight,Distance,Consistent,Confidence-inspiring,12,R,game-improvement
22.5,113.6,263,Slice,Forgiveness,Fat/Thin,Forged/Blade-like,9,X,game-improvement
0.0,104.9,250,Slice,Forgiveness,Fat/Thin,Confidence-inspiring,9,S,game-improvement
13.7,85.0,186,Straight,Forgiveness,Consistent,No preference,10.5,R,players-distance
0.0,96.2,232,Straight,Accuracy,Consistent,Forged/Blade-like,9,S,blade
17.3,105.7,241,Slice,Forgiveness,Fat/Thin,Confidence-inspiring,9,S,super-game-improvement
17.0,90.3,209,Slice,Distance,Consistent,Forged/Blade-like,10.5,R,players-distance
26.4,74.4,149,Fade,Accuracy,Left/Right,Confidence-inspiring,12,L,super-game-improvement
27.7,95.7,215,Straight,Forgiveness,Left/Right,Confidence-inspiring,10.5,R,super-game-improvement
18.8,89.1,195,Fade,Forgiveness,Inconsistent,Forged/Blade-like,10.5,A,players-distance
12.5,104.0,237,Draw,Forgiveness,Inconsistent,No preference,8,S,game-improvement
21.4,100.8,238,Hook,Distance,Fat/Thin,No preference,9,S,game-improvement
12.2,100.4,215,Straight,Forgiveness,Left/Right,Forged/Blade-like,10.5,S,players-distance
17.0,118.4,275,Hook,Accuracy,Left/Right,Forged/Blade-like,8,X,players-cb
25.9,71.1,160,Hook,Accuracy,Inconsistent,Confidence-inspiring,12,L,super-game-improvement
12.0,89.7,203,Hook,Accuracy,Consistent,Confidence-inspiring,10.5,R,game-improvement
24.3,86.9,190,Slice,Accuracy,Inconsistent,Confidence-inspiring,10.5,R,super-game-improvement
23.1,112.9,264,Slice,Distance,Inconsistent,Confidence-inspiring,8,X,super-game-improvement
8.4,118.3,299,Draw,Accuracy,Inconsistent,Forged/Blade-like,8,X,players-cb
25.8,101.3,234,Slice,Forgiveness,Fat/Thin,Confidence-inspiring,10.5,X,super-game-improvement
23.3,82.2,201,Slice,Accuracy,Left/Right,Confidence-inspiring,10.5,A,super-game-improvement
17.9,87.1,193,Draw,Distance,Consistent,No preference,10.5,R,blade
10.1,90.8,200,Hook,Distance,Left/Right,No preference,10.5,R,players-cb
9.3,91.8,217,Draw,Distance,Consistent,No preference,10.5,R,players-cb
12.2,112.6,271,Draw,Accuracy,Inconsistent,No preference,8,X,players-distance
21.9,88.7,183,Fade,Forgiveness,Fat/Thin,Confidence-inspiring,10.5,R,game-improvement
8.4,99.2,227,Draw,Distance,Fat/Thin,No preference,8,S,players-distance
20.9,99.5,218,Straight,Forgiveness,Fat/Thin,Confidence-inspiring,10.5,S,super-game-improvement
5.8,85.4,208,Slice,Distance,Left/Right,Confidence-inspiring,9,R,players-distance
15.2,96.2,225,Straight,Distance,Consistent,No preference,9,R,blade
18.0,82.8,182,Slice,Forgiveness,Inconsistent,Confidence-inspiring,9,A,super-game-improvement
36.0,78.6,169,Fade,Forgiveness,Fat/Thin,Confidence-inspiring,10.5,A,super-game-improvement
4.6,97.0,223,Fade,Distance,Consistent,Forged/Blade-like,9,S,blade
30.2,79.1,168,Straight,Forgiveness,Fat/Thin,No preference,12,L,super-game-improvement
18.3,95.8,208,Fade,Forgiveness,Left/Right,Forged/Blade-like,10.5,S,players-distance
20.7,94.1,212,Draw,Forgiveness,Fat/Thin,Confidence-inspiring,10.5,R,super-game-improvement
18.1,91.5,202,Straight,Distance,Consistent,Forged/Blade-like,9,R,players-cb
21.0,95.4,222,Slice,Distance,Fat/Thin,No preference,10.5,R,super-game-improvement
15.6,86.7,200,Straight,Distance,Fat/Thin,Forged/Blade-like,10.5,R,players-distance
30.1,92.3,199,Straight,Forgiveness,Fat/Thin,Confidence-inspiring,10.5,R,super-game-improvement
12.9,95.2,238,Straight,Forgiveness,Left/Right,Confidence-inspiring,10.5,R,super-game-improvement
27.2,82.7,186,Slice,Forgiveness,Fat/Thin,Confidence-inspiring,10.5,A,super-game-improvement
11.2,90.4,209,Straight,Accuracy,Left/Right,No preference,10.5,R,players-distance
16.5,92.4,207,Slice,Forgiveness,Consistent,Forged/Blade-like,10.5,R,players-distance
7.4,119.7,275,Slice,Forgiveness,Left/Right,Confidence-inspiring,9,X,game-improvement
21.1,91.0,205,Slice,Forgiveness,Inconsistent,Confidence-inspiring,10.5,S,game-improvement
30.0,74.2,165,Slice,Accuracy,Left/Right,Confidence-inspiring,12,A,super-game-improvement
16.3,104.1,223,Straight,Accuracy,Consistent,Forged/Blade-like,9,S,players-cb
15.2,90.9,198,Slice,Forgiveness,Left/Right,Forged/Blade-like,10.5,R,players-distance
7.0,104.1,244,Hook,Accuracy,Inconsistent,No preference,9,S,players-cb
14.9,89.8,198,Straight,Accuracy,Left/Right,Confidence-inspiring,10.5,R,game-improvement
2.7,117.0,284,Straight,Accuracy,Inconsistent,Forged/Blade-like,8,S,blade
8.8,94.1,225,Draw,Distance,Consistent,No preference,10.5,R,players-cb
19.0,107.1,243,Straight,Accuracy,Fat/Thin,Confidence-inspiring,9,S,game-improvement
28.9,75.9,171,Slice,Forgiveness,Fat/Thin,Confidence-inspiring,12,A,super-game-improvement
36.0,78.6,162,Slice,Distance,Left/Right,Confidence-inspiring,12,A,game-improvement
11.7,112.0,262,Fade,Accuracy,Inconsistent,Confidence-inspiring,8,X,players-distance
29.9,87.3,181,Straight,Accuracy,Fat/Thin,Confidence-inspiring,10.5,R,super-game-improvement
19.2,115.7,266,Hook,Distance,Fat/Thin,Forged/Blade-like,8,S,players-cb
15.6,92.7,215,Draw,Accuracy,Inconsistent,Confidence-inspiring,10.5,R,game-improvement
20.9,94.4,203,Straight,Forgiveness,Left/Right,No preference,10.5,R,super-game-improvement
17.6,113.1,258,Hook,Distance,Left/Right,Confidence-inspiring,8,X,players-cb
18.0,78.6,179,Draw,Forgiveness,Inconsistent,Forged/Blade-like,12,L,game-improvement
13.3,80.6,190,Draw,Distance,Inconsistent,Forged/Blade-like,12,A,players-cb
4.4,95.1,232,Draw,Accuracy,Left/Right,No preference,10.5,A,players-distance
3.1,112.0,265,Draw,Distance,Inconsistent,Forged/Blade-like,8,S,blade
22.9,74.3,174,Slice,Forgiveness,Fat/Thin,Confidence-inspiring,12,A,game-improvement
14.5,102.1,242,Slice,Distance,Inconsistent,Confidence-inspiring,9,S,game-improvement
11.6,103.4,236,Draw,Distance,Inconsistent,No preference,9,S,players-cb
17.1,114.5,253,Straight,Forgiveness,Fat/Thin,No preference,9,X,game-improvement
24.2,100.0,217,Fade,Forgiveness,Fat/Thin,Confidence-inspiring,10.5,S,super-game-improvement
18.6,97.0,208,Fade,Accuracy,Fat/Thin,Forged/Blade-like,9,S,players-distance
11.1,112.0,265,Slice,Distance,Fat/Thin,No preference,8,X,players-distance
28.0,92.3,214,Hook,Accuracy,Fat/Thin,Confidence-inspiring,10.5,R,super-game-improvement
31.2,80.2,187,Draw,Forgiveness,Fat/Thin,Forged/Blade-like,12,A,super-game-improvement
21.5,79.9,170,Slice,Accuracy,Fat/Thin,Confidence-inspiring,12,A,game-improvement
25.8,82.8,191,Slice,Distance,Inconsistent,Confidence-inspiring,10.5,A,super-game-improvement
28.2,86.4,191,Slice,Forgiveness,Fat/Thin,Confidence-inspiring,10.5,R,super-game-improvement
27.2,89.3,175,Slice,Accuracy,Fat/Thin,Confidence-inspiring,10.5,R,super-game-improvement
22.5,69.3,153,Draw,Distance,Fat/Thin,Confidence-inspiring,12,L,super-game-improvement
22.4,88.6,195,Fade,Forgiveness,Fat/Thin,Confidence-inspiring,10.5,R,super-game-improvement
21.7,91.5,217,Fade,Forgiveness,Fat/Thin,Confidence-inspiring,10.5,R,super-game-improvement
7.1,106.6,247,Fade,Accuracy,Consistent,Confidence-inspiring,9,S,players-cb
23.3,106.4,243,Slice,Distance,Left/Right,Forged/Blade-like,9,S,players-distance
4.8,104.6,251,Hook,Accuracy,Left/Right,Confidence-inspiring,9,S,players-distance
9.8,90.2,200,Fade,Forgiveness,Consistent,Forged/Blade-like,10.5,R,players-cb
28.7,68.3,145,Straight,Distance,Fat/Thin,Confidence-inspiring,12,L,super-game-improvement
24.6,96.1,228,Slice,Distance,Consistent,Confidence-inspiring,10.5,A,game-improvement
30.4,76.6,165,Draw,Distance,Inconsistent,Confidence-inspiring,12,A,game-improvement
14.6,104.7,251,Straight,Forgiveness,Left/Right,Confidence-inspiring,9,R,game-improvement
6.6,115.5,284,Draw,Distance,Fat/Thin,No preference,8,X,players-cb
14.8,80.5,182,Draw,Accuracy,Inconsistent,No preference,12,A,game-improvement
17.9,99.4,216,Straight,Distance,Left/Right,Confidence-inspiring,9,S,super-game-improvement
17.7,106.9,235,Slice,Forgiveness,Inconsistent,No preference,9,S,game-improvement
27.2,97.7,229,Straight,Accuracy,Left/Right,Confidence-inspiring,10.5,S,super-game-improvement
13.7,75.7,177,Straight,Distance,Inconsistent,Forged/Blade-like,12,R,players-distance
20.2,83.7,174,Fade,Forgiveness,Consistent,Confidence-inspiring,9,A,super-game-improvement
8.1,87.7,216,Slice,Forgiveness,Consistent,Forged/Blade-like,10.5,R,players-cb
21.1,96.9,203,Draw,Forgiveness,Fat/Thin,Confidence-inspiring,10.5,R,super-game-improvement
17.0,98.6,219,Slice,Forgiveness,Fat/Thin,Confidence-inspiring,10.5,S,super-game-improvement
10.3,72.0,170,Draw,Distance,Inconsistent,Forged/Blade-like,12,A,players-cb
14.9,92.9,238,Slice,Forgiveness,Consistent,No preference,10.5,R,game-improvement
15.3,103.6,247,Draw,Distance,Left/Right,No preference,9,S,players-cb
14.6,97.6,222,Draw,Accuracy,Left/Right,Confidence-inspiring,10.5,X,game-improvement
32.9,85.1,184,Slice,Forgiveness,Fat/Thin,Confidence-inspiring,10.5,R,game-improvement
16.1,91.4,219,Slice,Forgiveness,Consistent,Confidence-inspiring,10.5,R,game-improvement
14.8,85.3,210,Hook,Accuracy,Left/Right,No preference,10.5,R,players-distance
0.0,105.8,257,Slice,Distance,Consistent,Forged/Blade-like,9,R,players-cb
9.0,100.4,236,Draw,Accuracy,Left/Right,Forged/Blade-like,9,S,players-cb
14.6,102.2,229,Fade,Forgiveness,Fat/Thin,No preference,9,S,game-improvement
10.8,105.6,254,Slice,Distance,Inconsistent,Confidence-inspiring,9,S,players-distance
29.4,86.9,199,Fade,Forgiveness,Fat/Thin,Confidence-inspiring,10.5,R,super-game-improvement
15.5,106.4,228,Hook,Distance,Left/Right,Confidence-inspiring,9,S,players-distance
28.6,82.8,178,Draw,Distance,Fat/Thin,Confidence-inspiring,9,A,game-improvement
17.6,79.6,171,Straight,Distance,Inconsistent,Confidence-inspiring,12,A,super-game-improvement
17.3,99.0,228,Hook,Forgiveness,Inconsistent,No preference,10.5,S,game-improvement
16.2,96.2,211,Straight,Forgiveness,Fat/Thin,No preference,10.5,R,super-game-improvement
17.0,99.4,216,Straight,Forgiveness,Left/Right,Confidence-inspiring,10.5,S,super-game-improvement
32.5,71.3,164,Slice,Accuracy,Fat/Thin,Confidence-inspiring,12,L,super-game-improvement
0.0,120.0,293,Fade,Forgiveness,Consistent,No preference,9,X,players-cb
0.0,113.1,277,Draw,Accuracy,Consistent,Confidence-inspiring,8,X,blade
12.1,94.9,226,Slice,Distance,Fat/Thin,Forged/Blade-like,10.5,R,players-distance
17.1,85.0,204,Fade,Forgiveness,Fat/Thin,No preference,10.5,R,super-game-improvement
23.2,101.0,223,Draw,Forgiveness,Inconsistent,No preference,10.5,S,super-game-improvement
21.3,80.5,178,Slice,Forgiveness,Fat/Thin,Confidence-inspiring,12,A,game-improvement
13.5,119.4,274,Straight,Accuracy,Consistent,Forged/Blade-like,8,S,players-distance
26.2,82.1,192,Draw,Distance,Left/Right,Confidence-inspiring,10.5,A,game-improvement
26.3,105.3,232,Hook,Forgiveness,Fat/Thin,No preference,10.5,S,super-game-improvement
18.7,91.4,206,Fade,Forgiveness,Fat/Thin,Forged/Blade-like,10.5,R,players-distance
25.7,104.3,235,Slice,Forgiveness,Inconsistent,Confidence-inspiring,10.5,S,game-improvement
19.5,85.4,211,Slice,Accuracy,Left/Right,Confidence-inspiring,10.5,S,game-improvement
11.9,98.1,231,Fade,Accuracy,Left/Right,Confidence-inspiring,9,S,players-distance
23.3,98.2,218,Slice,Forgiveness,Inconsistent,Confidence-inspiring,10.5,S,game-improvement
18.0,100.4,247,Draw,Accuracy,Consistent,Confidence-inspiring,9,S,players-cb
17.0,105.4,254,Fade,Forgiveness,Consistent,Confidence-inspiring,9,S,players-distance
30.3,80.5,186,Draw,Forgiveness,Fat/Thin,No preference,12,A,super-game-improvement
0.0,106.8,257,Straight,Forgiveness,Consistent,Forged/Blade-like,9,S,players-cb
4.2,115.6,273,Draw,Distance,Consistent,No preference,8,X,blade
6.3,94.7,210,Draw,Forgiveness,Consistent,Forged/Blade-like,10.5,R,players-distance
13.7,102.4,247,Straight,Forgiveness,Left/Right,Forged/Blade-like,9,S,players-distance
14.7,93.8,218,Straight,Forgiveness,Inconsistent,No preference,10.5,R,super-game-improvement
3.4,105.7,240,Straight,Forgiveness,Consistent,Forged/Blade-like,9,S,players-cb
8.1,101.3,252,Straight,Forgiveness,Consistent,Forged/Blade-like,10.5,S,players-cb
9.3,91.8,214,Draw,Forgiveness,Left/Right,Confidence-inspiring,10.5,R,game-improvement
36.0,78.9,166,Straight,Distance,Inconsistent,Confidence-inspiring,12,A,super-game-improvement
33.2,84.9,169,Fade,Accuracy,Inconsistent,Confidence-inspiring,10.5,R,super-game-improvement
13.3,95.9,228,Straight,Distance,Fat/Thin,No preference,10.5,R,game-improvement
13.7,112.4,266,Fade,Distance,Fat/Thin,Confidence-inspiring,8,X,game-improvement
6.7,111.5,266,Fade,Accuracy,Consistent,Forged/Blade-like,8,X,blade
0.0,108.9,263,Fade,Accuracy,Consistent,Forged/Blade-like,8,S,blade
15.9,87.6,226,Draw,Forgiveness,Fat/Thin,Confidence-inspiring,10.5,R,super-game-improvement
8.0,92.3,209,Draw,Forgiveness,Left/Right,No preference,10.5,S,players-distance
16.2,114.7,258,Straight,Accuracy,Inconsistent,Confidence-inspiring,8,X,game-improvement
2.6,94.1,235,Hook,Accuracy,Consistent,No preference,10.5,R,blade
10.1,100.3,227,Slice,Accuracy,Fat/Thin,Confidence-inspiring,9,X,game-improvement
18.3,97.2,212,Straight,Forgiveness,Inconsistent,Confidence-inspiring,12,S,super-game-improvement
20.3,89.1,212,Straight,Accuracy,Fat/Thin,Forged/Blade-like,9,R,players-distance
20.8,81.8,191,Slice,Forgiveness,Consistent,Confidence-inspiring,12,A,super-game-improvement
5.1,94.7,232,Fade,Distance,Fat/Thin,No preference,10.5,R,blade
24.7,83.7,188,Fade,Forgiveness,Fat/Thin,Confidence-inspiring,10.5,A,super-game-improvement
9.8,92.2,212,Straight,Distance,Consistent,No preference,10.5,R,blade
22.7,103.8,231,Slice,Distance,Left/Right,No preference,9,S,game-improvement
16.9,94.4,216,Hook,Distance,Inconsistent,No preference,10.5,A,players-distance
4.6,97.6,243,Draw,Distance,Consistent,No preference,9,S,blade
14.2,97.4,230,Straight,Distance,Fat/Thin,Confidence-inspiring,9,S,game-improvement
20.3,98.9,216,Draw,Forgiveness,Inconsistent,Confidence-inspiring,10.5,S,super-game-improvement
22.5,87.3,203,Draw,Forgiveness,Fat/Thin,Confidence-inspiring,10.5,R,super-game-improvement
15.7,104.3,226,Draw,Forgiveness,Fat/Thin,No preference,9,R,super-game-improvement
30.8,72.3,154,Slice,Forgiveness,Inconsistent,Confidence-inspiring,12,A,super-game-improvement
26.1,100.0,211,Slice,Forgiveness,Inconsistent,Confidence-inspiring,10.5,S,super-game-improvement
14.7,95.9,215,Straight,Accuracy,Inconsistent,Confidence-inspiring,10.5,R,game-improvement
23.8,89.3,217,Slice,Accuracy,Fat/Thin,Confidence-inspiring,10.5,S,super-game-improvement
34.4,75.7,149,Slice,Forgiveness,Inconsistent,Confidence-inspiring,12,A,super-game-improvement
34.6,70.2,143,Draw,Forgiveness,Inconsistent,No preference,12,L,super-game-improvement
5.9,85.3,209,Fade,Accuracy,Left/Right,No preference,10.5,A,players-cb
8.7,92.5,215,Fade,Accuracy,Left/Right,Forged/Blade-like,10.5,R,players-cb
30.4,91.2,200,Slice,Forgiveness,Fat/Thin,Confidence-inspiring,12,R,super-game-improvement
7.5,91.3,230,Slice,Distance,Left/Right,Confidence-inspiring,10.5,R,game-improvement
5.1,87.0,215,Straight,Forgiveness,Consistent,Forged/Blade-like,10.5,R,blade
12.6,88.3,202,Draw,Distance,Inconsistent,Confidence-inspiring,9,A,game-improvement
20.8,88.0,198,Slice,Forgiveness,Left/Right,No preference,10.5,R,super-game-improvement
16.1,91.6,216,Fade,Accuracy,Left/Right,Confidence-inspiring,10.5,R,game-improvement
11.1,97.2,234,Draw,Distance,Left/Right,Forged/Blade-like,9,S,players-cb
10.9,108.9,256,Straight,Distance,Left/Right,Confidence-inspiring,8,S,players-distance
10.6,111.3,265,Draw,Forgiveness,Fat/Thin,Confidence-inspiring,9,X,game-improvement
9.1,119.9,287,Straight,Accuracy,Inconsistent,Forged/Blade-like,8,X,players-cb
36.0,65.3,138,Straight,Distance,Fat/Thin,No preference,12,L,super-game-improvement
19.7,84.0,185,Draw,Accuracy,Fat/Thin,Confidence-inspiring,10.5,R,game-improvement
25.0,96.0,220,Slice,Forgiveness,Inconsistent,Confidence-inspiring,10.5,R,super-game-improvement
12.6,92.9,220,Fade,Distance,Inconsistent,Confidence-inspiring,10.5,R,game-improvement
15.3,104.2,222,Straight,Forgiveness,Fat/Thin,No preference,9,S,players-distance
10.6,100.9,230,Draw,Accuracy,Fat/Thin,Forged/Blade-like,9,R,players-cb
0.0,120.0,290,Slice,Accuracy,Left/Right,No preference,8,X,players-cb
4.6,113.3,271,Straight,Accuracy,Consistent,Confidence-inspiring,8,X,players-cb
0.7,116.1,295,Straight,Forgiveness,Inconsistent,Confidence-inspiring,9,X,players-distance
0.0,101.9,278,Straight,Accuracy,Consistent,No preference,9,X,blade
6.2,100.8,219,Fade,Forgiveness,Consistent,No preference,10.5,S,players-distance
28.9,83.3,185,Slice,Forgiveness,Inconsistent,Confidence-inspiring,10.5,A,super-game-improvement
16.6,79.7,184,Slice,Forgiveness,Fat/Thin,Confidence-inspiring,12,A,super-game-improvement
28.6,101.3,220,Slice,Accuracy,Fat/Thin,Confidence-inspiring,10.5,S,super-game-improvement
20.7,99.4,230,Straight,Accuracy,Left/Right,Confidence-inspiring,9,S,super-game-improvement
24.0,86.2,194,Hook,Forgiveness,Inconsistent,No preference,10.5,S,super-game-improvement
8.9,113.0,265,Straight,Distance,Consistent,No preference,8,X,players-cb
21.7,84.9,192,Slice,Accuracy,Left/Right,Confidence-inspiring,10.5,R,super-game-improvement
23.6,71.6,165,Hook,Distance,Fat/Thin,Forged/Blade-like,12,L,game-improvement
11.8,108.0,257,Straight,Forgiveness,Left/Right,Forged/Blade-like,9,S,players-cb
22.0,78.3,178,Hook,Accuracy,Fat/Thin,Confidence-inspiring,12,A,super-game-improvement
22.1,89.0,195,Fade,Forgiveness,Left/Right,Forged/Blade-like,10.5,R,game-improvement
12.1,99.8,259,Draw,Accuracy,Left/Right,Confidence-inspiring,9,S,players-distance
6.9,105.2,254,Straight,Forgiveness,Inconsistent,Forged/Blade-like,9,S,players-cb
6.3,110.2,271,Hook,Accuracy,Consistent,Forged/Blade-like,8,X,blade
17.8,99.7,224,Fade,Forgiveness,Consistent,No preference,10.5,S,players-distance
19.9,98.0,224,Draw,Accuracy,Left/Right,Forged/Blade-like,9,S,players-cb
9.9,91.4,217,Draw,Accuracy,Consistent,Forged/Blade-like,10.5,R,players-cb
17.2,97.2,206,Fade,Forgiveness,Consistent,Confidence-inspiring,10.5,S,game-improvement
22.1,75.9,164,Slice,Forgiveness,Left/Right,Confidence-inspiring,10.5,A,super-game-improvement
22.6,106.3,232,Hook,Forgiveness,Left/Right,Confidence-inspiring,9,S,super-game-improvement
31.0,70.9,149,Fade,Accuracy,Fat/Thin,Confidence-inspiring,12,L,super-game-improvement
28.5,83.2,173,Slice,Forgiveness,Left/Right,Confidence-inspiring,10.5,A,super-game-improvement
8.0,87.4,208,Slice,Accuracy,Inconsistent,No preference,10.5,R,players-distance
32.2,76.8,178,Slice,Accuracy,Inconsistent,Confidence-inspiring,12,A,game-improvement
12.2,97.8,230,Draw,Forgiveness,Inconsistent,Confidence-inspiring,9,S,super-game-improvement
26.4,82.8,173,Fade,Distance,Fat/Thin,Confidence-inspiring,10.5,R,super-game-improvement
17.6,105.5,232,Draw,Accuracy,Left/Right,No preference,9,S,players-distance
13.3,99.2,228,Straight,Distance,Fat/Thin,No preference,9,R,game-improvement
0.7,100.9,234,Straight,Accuracy,Consistent,No preference,9,X,blade
15.5,94.1,220,Fade,Accuracy,Fat/Thin,Forged/Blade-like,10.5,R,players-distance
3.0,116.2,294,Straight,Distance,Consistent,Forged/Blade-like,8,X,blade
25.7,97.6,211,Slice,Forgiveness,Left/Right,Confidence-inspiring,10.5,S,super-game-improvement
30.7,73.7,161,Draw,Accuracy,Fat/Thin,Forged/Blade-like,12,A,game-improvement
9.8,92.5,215,Hook,Accuracy,Inconsistent,Forged/Blade-like,10.5,R,players-cb
19.7,97.4,216,Straight,Accuracy,Fat/Thin,No preference,9,S,game-improvement
10.5,102.4,243,Draw,Accuracy,Left/Right,Confidence-inspiring,9,S,players-distance
11.3,87.8,200,Hook,Accuracy,Fat/Thin,Confidence-inspiring,10.5,R,game-improvement
24.0,97.2,210,Fade,Distance,Consistent,Confidence-inspiring,9,S,game-improvement
16.7,85.7,183,Fade,Forgiveness,Left/Right,Forged/Blade-like,9,R,game-improvement
32.7,96.8,209,Straight,Forgiveness,Inconsistent,Confidence-inspiring,12,R,super-game-improvement
12.7,102.7,249,Slice,Forgiveness,Inconsistent,Confidence-inspiring,9,S,super-game-improvement
26.0,77.0,177,Straight,Distance,Consistent,Confidence-inspiring,12,A,game-improvement
17.9,88.5,216,Draw,Accuracy,Inconsistent,Confidence-inspiring,10.5,R,game-improvement
24.2,84.1,182,Slice,Accuracy,Inconsistent,Confidence-inspiring,10.5,R,super-game-improvement
13.0,98.8,238,Straight,Distance,Left/Right,Confidence-inspiring,8,S,game-improvement
16.6,92.7,203,Straight,Forgiveness,Fat/Thin,Confidence-inspiring,10.5,R,super-game-improvement
16.0,83.7,199,Fade,Distance,Left/Right,No preference,10.5,A,players-distance
9.5,85.6,217,Fade,Distance,Consistent,Forged/Blade-like,10.5,R,players-cb
23.0,95.9,220,Draw,Forgiveness,Left/Right,Confidence-inspiring,10.5,A,game-improvement
22.9,93.3,224,Slice,Accuracy,Left/Right,Confidence-inspiring,10.5,S,super-game-improvement
22.3,91.9,201,Draw,Forgiveness,Inconsistent,Confidence-inspiring,10.5,R,super-game-improvement
30.8,87.8,190,Straight,Accuracy,Consistent,Confidence-inspiring,10.5,R,game-improvement
30.0,79.4,165,Straight,Distance,Left/Right,Confidence-inspiring,12,A,super-game-improvement
13.6,98.6,230,Slice,Accuracy,Fat/Thin,Forged/Blade-like,9,S,players-distance
20.4,117.5,269,Draw,Distance,Left/Right,Forged/Blade-like,8,X,players-cb
11.4,110.0,258,Straight,Forgiveness,Left/Right,No preference,9,X,players-distance
17.2,91.4,206,Straight,Accuracy,Fat/Thin,No preference,10.5,R,game-improvement
11.6,92.9,213,Draw,Distance,Fat/Thin,Confidence-inspiring,10.5,R,players-distance
31.6,65.0,144,Slice,Accuracy,Consistent,No preference,12,A,game-improvement
20.3,102.9,232,Fade,Accuracy,Left/Right,No preference,8,S,players-distance
15.0,103.7,230,Draw,Forgiveness,Inconsistent,Confidence-inspiring,9,S,super-game-improvement
27.7,81.7,163,Slice,Forgiveness,Left/Right,Confidence-inspiring,12,A,super-game-improvement
0.0,91.7,219,Draw,Distance,Left/Right,No preference,10.5,R,players-cb
0.0,94.4,219,Straight,Distance,Consistent,Forged/Blade-like,10.5,R,blade
24.2,94.0,202,Straight,Forgiveness,Left/Right,No preference,10.5,A,super-game-improvement
17.5,93.2,210,Fade,Forgiveness,Inconsistent,No preference,10.5,R,game-improvement
19.3,99.8,226,Draw,Distance,Left/Right,Forged/Blade-like,9,S,players-cb
5.1,103.4,243,Straight,Distance,Fat/Thin,No preference,9,S,players-cb
16.8,104.2,259,Draw,Accuracy,Left/Right,No preference,9,S,players-distance
35.0,85.9,172,Hook,Distance,Fat/Thin,No preference,10.5,R,super-game-improvement
24.4,97.7,229,Slice,Forgiveness,Left/Right,Confidence-inspiring,12,S,super-game-improvement
18.5,72.5,164,Slice,Forgiveness,Inconsistent,No preference,12,A,super-game-improvement
13.0,84.8,192,Straight,Forgiveness,Fat/Thin,Forged/Blade-like,10.5,R,game-improvement
13.4,93.2,222,Hook,Distance,Fat/Thin,Forged/Blade-like,10.5,R,players-cb
0.0,116.8,282,Draw,Accuracy,Consistent,Forged/Blade-like,8,X,blade
19.3,111.7,247,Fade,Accuracy,Consistent,Confidence-inspiring,9,X,players-cb
24.6,87.6,211,Slice,Accuracy,Fat/Thin,Confidence-inspiring,10.5,A,super-game-improvement
2.8,98.0,218,Straight,Accuracy,Inconsistent,Forged/Blade-like,8,S,players-cb
11.0,79.0,184,Straight,Forgiveness,Fat/Thin,Confidence-inspiring,12,A,super-game-improvement
6.6,110.1,265,Draw,Accuracy,Consistent,No preference,8,X,players-cb
8.3,94.9,238,Straight,Distance,Inconsistent,Forged/Blade-like,10.5,R,players-cb
17.5,120.0,272,Straight,Forgiveness,Fat/Thin,No preference,9,X,game-improvement
0.0,98.6,266,Hook,Distance,Inconsistent,Forged/Blade-like,9,S,blade
22.5,111.8,258,Hook,Forgiveness,Inconsistent,No preference,9,X,game-improvement
23.8,97.3,196,Straight,Forgiveness,Fat/Thin,Confidence-inspiring,10.5,S,super-game-improvement
14.7,85.7,186,Straight,Forgiveness,Fat/Thin,Confidence-inspiring,10.5,R,super-game-improvement
0.0,108.3,267,Draw,Distance,Consistent,Forged/Blade-like,8,S,blade
8.0,108.3,247,Slice,Distance,Consistent,Forged/Blade-like,8,S,players-cb
28.1,84.6,191,Slice,Forgiveness,Fat/Thin,Confidence-inspiring,10.5,R,super-game-improvement
0.0,114.4,276,Straight,Forgiveness,Consistent,Forged/Blade-like,9,S,blade
13.9,104.7,233,Straight,Accuracy,Left/Right,Confidence-inspiring,9,X,players-distance
6.4,107.6,249,Draw,Accuracy,Consistent,Forged/Blade-like,9,S,blade
24.2,89.4,207,Straight,Forgiveness,Left/Right,No preference,10.5,R,super-game-improvement
10.9,86.8,186,Hook,Forgiveness,Inconsistent,Confidence-inspiring,10.5,R,game-improvement
20.6,91.2,216,Slice,Forgiveness,Left/Right,Confidence-inspiring,10.5,R,super-game-improvement
22.1,92.7,218,Slice,Forgiveness,Fat/Thin,Confidence-inspiring,10.5,R,game-improvement
33.5,65.0,137,Straight,Accuracy,Inconsistent,No preference,12,L,super-game-improvement
15.2,97.4,213,Slice,Distance,Inconsistent,Forged/Blade-like,9,S,players-distance
20.4,91.2,212,Slice,Forgiveness,Fat/Thin,Confidence-inspiring,10.5,R,super-game-improvement
3.6,90.6,215,Fade,Accuracy,Inconsistent,Forged/Blade-like,10.5,R,players-cb
27.7,83.8,171,Straight,Forgiveness,Left/Right,No preference,10.5,A,super-game-improvement
10.2,95.9,243,Slice,Accuracy,Inconsistent,Confidence-inspiring,10.5,R,game-improvement
12.0,117.1,266,Hook,Accuracy,Consistent,Forged/Blade-like,9,X,players-cb
16.8,96.8,209,Slice,Accuracy,Inconsistent,Forged/Blade-like,10.5,A,players-distance
2.9,114.4,280,Fade,Forgiveness,Consistent,Forged/Blade-like,9,X,blade
19.1,91.8,209,Slice,Forgiveness,Consistent,No preference,10.5,R,game-improvement
25.7,69.8,168,Slice,Forgiveness,Left/Right,No preference,12,L,super-game-improvement
19.6,99.4,223,Draw,Forgiveness,Left/Right,Forged/Blade-like,10.5,S,players-distance
2.7,97.6,233,Draw,Accuracy,Left/Right,No preference,9,S,players-cb
15.9,91.8,215,Slice,Forgiveness,Inconsistent,Forged/Blade-like,10.5,R,game-improvement
23.7,79.4,179,Straight,Accuracy,Left/Right,No preference,12,A,super-game-improvement
0.1,106.7,263,Draw,Accuracy,Consistent,Confidence-inspiring,9,S,blade
7.3,111.7,269,Draw,Distance,Inconsistent,Forged/Blade-like,8,X,players-cb
24.9,98.4,221,Hook,Forgiveness,Fat/Thin,Confidence-inspiring,10.5,S,super-game-improvement
19.4,108.7,244,Fade,Distance,Fat/Thin,No preference,8,S,players-distance
20.7,109.2,255,Slice,Forgiveness,Inconsistent,Forged/Blade-like,8,S,game-improvement
33.7,65.0,136,Fade,Forgiveness,Inconsistent,Confidence-inspiring,12,L,super-game-improvement
21.2,79.6,187,Slice,Forgiveness,Fat/Thin,Confidence-inspiring,12,A,super-game-improvement
22.9,72.3,175,Slice,Forgiveness,Fat/Thin,Confidence-inspiring,12,A,super-game-improvement
36.0,87.8,181,Straight,Distance,Left/Right,No preference,12,R,super-game-improvement
15.1,88.8,227,Straight,Distance,Consistent,Forged/Blade-like,10.5,R,players-cb
9.8,94.4,217,Straight,Distance,Consistent,Forged/Blade-like,10.5,R,players-cb
20.9,89.6,196,Slice,Accuracy,Fat/Thin,Confidence-inspiring,10.5,R,super-game-improvement
21.0,95.5,221,Fade,Forgiveness,Fat/Thin,No preference,10.5,R,super-game-improvement
12.3,82.8,198,Fade,Accuracy,Fat/Thin,No preference,10.5,A,game-improvement
7.7,88.2,211,Straight,Distance,Left/Right,Confidence-inspiring,10.5,R,game-improvement
36.0,81.5,181,Slice,Forgiveness,Fat/Thin,Confidence-inspiring,12,A,super-game-improvement
19.9,104.5,240,Draw,Accuracy,Fat/Thin,Confidence-inspiring,9,S,game-improvement
10.4,98.7,251,Draw,Forgiveness,Inconsistent,No preference,10.5,S,players-distance
25.2,80.9,179,Slice,Distance,Fat/Thin,Confidence-inspiring,12,A,super-game-improvement
16.0,73.6,162,Draw,Distance,Left/Right,Forged/Blade-like,12,A,players-cb
14.7,105.5,240,Draw,Forgiveness,Inconsistent,Confidence-inspiring,8,S,super-game-improvement
22.1,83.6,192,Hook,Forgiveness,Left/Right,Confidence-inspiring,9,A,super-game-improvement
5.4,90.9,223,Straight,Accuracy,Consistent,Forged/Blade-like,10.5,R,blade
20.2,75.1,172,Slice,Accuracy,Consistent,Confidence-inspiring,12,A,super-game-improvement
34.2,68.4,139,Hook,Forgiveness,Fat/Thin,Confidence-inspiring,12,L,super-game-improvement
21.2,82.0,195,Slice,Accuracy,Left/Right,Confidence-inspiring,10.5,A,super-game-improvement
13.6,94.4,237,Fade,Accuracy,Consistent,Forged/Blade-like,10.5,R,blade
12.4,85.5,200,Hook,Accuracy,Inconsistent,Forged/Blade-like,10.5,R,players-cb
13.3,98.8,247,Slice,Forgiveness,Consistent,Confidence-inspiring,10.5,X,game-improvement
14.7,93.5,225,Slice,Forgiveness,Consistent,Confidence-inspiring,10.5,R,players-distance
13.6,119.0,297,Slice,Accuracy,Consistent,Forged/Blade-like,8,X,players-cb
25.2,71.8,164,Slice,Forgiveness,Left/Right,Confidence-inspiring,12,L,super-game-improvement
1.4,106.7,261,Straight,Forgiveness,Consistent,Forged/Blade-like,9,S,blade
24.8,90.9,210,Draw,Forgiveness,Fat/Thin,Forged/Blade-like,10.5,R,game-improvement
13.6,86.4,197,Hook,Distance,Fat/Thin,Confidence-inspiring,10.5,R,game-improvement
20.4,93.1,215,Straight,Accuracy,Inconsistent,Confidence-inspiring,10.5,R,super-game-improvement
6.9,109.0,272,Draw,Accuracy,Fat/Thin,No preference,8,S,players-cb
29.0,87.2,198,Straight,Accuracy,Fat/Thin,Confidence-inspiring,10.5,R,super-game-improvement
28.2,100.7,221,Slice,Forgiveness,Fat/Thin,Confidence-inspiring,10.5,S,game-improvement
25.6,66.8,150,Slice,Forgiveness,Left/Right,Confidence-inspiring,12,L,super-game-improvement
3.4,95.3,237,Draw,Accuracy,Consistent,Confidence-inspiring,9,R,players-cb
24.5,104.1,239,Straight,Forgiveness,Left/Right,No preference,10.5,S,game-improvement
20.6,101.1,236,Slice,Forgiveness,Left/Right,Confidence-inspiring,10.5,S,super-game-improvement
2.6,109.6,269,Straight,Distance,Consistent,No preference,8,S,blade
16.8,106.9,238,Straight,Distance,Consistent,No preference,9,S,players-cb
20.3,73.0,160,Straight,Accuracy,Left/Right,Confidence-inspiring,12,A,super-game-improvement
22.0,99.0,227,Draw,Accuracy,Fat/Thin,Confidence-inspiring,9,S,super-game-improvement
18.6,104.0,245,Fade,Accuracy,Inconsistent,No preference,9,X,players-distance
19.6,86.1,202,Slice,Distance,Left/Right,No preference,10.5,R,game-improvement
30.3,111.7,237,Draw,Distance,Fat/Thin,No preference,10.5,X,super-game-improvement
28.0,88.9,194,Straight,Accuracy,Fat/Thin,Confidence-inspiring,10.5,R,super-game-improvement
0.0,84.1,195,Fade,Accuracy,Consistent,Forged/Blade-like,10.5,S,blade
14.1,100.2,220,Straight,Distance,Fat/Thin,Forged/Blade-like,9,S,players-cb
15.5,88.3,205,Slice,Forgiveness,Fat/Thin,Forged/Blade-like,10.5,R,game-improvement
1.2,116.8,297,Draw,Accuracy,Left/Right,Forged/Blade-like,8,X,blade
17.8,99.4,229,Slice,Distance,Inconsistent,Confidence-inspiring,9,S,super-game-improvement
28.2,80.8,195,Slice,Forgiveness,Fat/Thin,Confidence-inspiring,12,A,super-game-improvement
7.2,116.1,275,Fade,Distance,Consistent,Forged/Blade-like,8,X,players-cb
20.0,101.8,231,Slice,Forgiveness,Inconsistent,Confidence-inspiring,10.5,S,super-game-improvement
8.8,91.7,208,Slice,Distance,Inconsistent,Forged/Blade-like,10.5,A,players-distance
11.0,97.0,225,Fade,Accuracy,Consistent,No preference,9,S,players-cb
30.3,90.6,187,Slice,Forgiveness,Fat/Thin,No preference,12,R,super-game-improvement
12.1,94.1,206,Straight,Forgiveness,Left/Right,No preference,10.5,R,game-improvement
21.2,88.2,189,Straight,Forgiveness,Left/Right,Forged/Blade-like,10.5,R,players-distance
0.2,106.2,261,Straight,Distance,Left/Right,Confidence-inspiring,9,S,players-cb
33.8,72.4,149,Fade,Distance,Fat/Thin,Confidence-inspiring,10.5,A,super-game-improvement
22.4,68.4,149,Hook,Forgiveness,Inconsistent,Confidence-inspiring,12,L,super-game-improvement
15.4,97.9,230,Slice,Distance,Left/Right,No preference,10.5,S,game-improvement
22.2,71.0,146,Slice,Accuracy,Left/Right,Confidence-inspiring,12,L,super-game-improvement
4.3,93.1,225,Straight,Distance,Consistent,Forged/Blade-like,10.5,A,blade
27.6,69.5,161,Slice,Forgiveness,Inconsistent,No preference,12,L,super-game-improvement
14.1,79.9,194,Straight,Forgiveness,Fat/Thin,No preference,12,A,super-game-improvement
15.2,99.9,236,Draw,Accuracy,Fat/Thin,No preference,9,S,game-improvement
12.6,95.2,222,Fade,Forgiveness,Consistent,No preference,10.5,R,players-distance
11.8,95.4,218,Fade,Forgiveness,Inconsistent,Confidence-inspiring,10.5,R,super-game-improvement
23.3,77.0,172,Slice,Forgiveness,Fat/Thin,Confidence-inspiring,12,A,super-game-improvement
19.3,86.3,211,Slice,Accuracy,Left/Right,Forged/Blade-like,10.5,A,players-cb
22.9,94.2,214,Straight,Forgiveness,Left/Right,Confidence-inspiring,10.5,R,super-game-improvement
16.9,94.0,215,Fade,Accuracy,Inconsistent,No preference,10.5,S,super-game-improvement
21.6,99.5,230,Draw,Forgiveness,Fat/Thin,Confidence-inspiring,10.5,S,game-improvement
13.2,106.7,249,Hook,Forgiveness,Consistent,Forged/Blade-like,9,S,players-cb
36.0,79.0,170,Draw,Distance,Fat/Thin,Confidence-inspiring,12,A,game-improvement
2.9,85.5,205,Fade,Accuracy,Fat/Thin,Forged/Blade-like,10.5,R,players-cb
28.3,79.2,170,Slice,Forgiveness,Fat/Thin,Confidence-inspiring,10.5,R,super-game-improvement
29.3,85.1,195,Straight,Distance,Inconsistent,Forged/Blade-like,10.5,R,game-improvement
9.3,91.9,200,Draw,Forgiveness,Consistent,Confidence-inspiring,10.5,R,players-distance
36.0,71.0,155,Straight,Distance,Inconsistent,Forged/Blade-like,10.5,L,game-improvement
26.0,89.0,193,Fade,Forgiveness,Inconsistent,Confidence-inspiring,10.5,S,super-game-improvement
25.7,112.8,233,Slice,Distance,Inconsistent,No preference,10.5,X,game-improvement
17.3,89.4,196,Slice,Forgiveness,Left/Right,Confidence-inspiring,10.5,R,super-game-improvement
15.0,95.8,221,Slice,Forgiveness,Fat/Thin,No preference,10.5,R,super-game-improvement
15.1,82.6,192,Fade,Accuracy,Left/Right,No preference,10.5,L,players-distance
20.5,104.5,243,Slice,Accuracy,Left/Right,Confidence-inspiring,9,S,game-improvement
29.6,94.6,214,Straight,Distance,Fat/Thin,Confidence-inspiring,10.5,R,super-game-improvement
18.6,101.4,218,Slice,Distance,Fat/Thin,Confidence-inspiring,9,S,super-game-improvement
8.8,113.6,273,Fade,Accuracy,Consistent,No preference,8,X,players-cb
24.4,85.1,196,Straight,Distance,Left/Right,Confidence-inspiring,10.5,R,super-game-improvement
25.3,85.8,193,Straight,Forgiveness,Left/Right,No preference,10.5,R,super-game-improvement
22.9,107.5,246,Slice,Accuracy,Fat/Thin,Forged/Blade-like,9,S,players-distance
23.7,96.2,198,Slice,Forgiveness,Left/Right,No preference,10.5,R,super-game-improvement
14.6,73.9,162,Draw,Forgiveness,Consistent,Forged/Blade-like,12,A,players-distance
8.6,104.7,261,Draw,Accuracy,Consistent,No preference,9,S,players-cb
9.2,93.9,220,Draw,Forgiveness,Left/Right,Forged/Blade-like,10.5,R,players-cb
2.3,113.4,295,Fade,Accuracy,Fat/Thin,No preference,8,X,players-cb
19.1,97.1,210,Fade,Forgiveness,Inconsistent,Confidence-inspiring,10.5,S,super-game-improvement
16.2,77.6,193,Fade,Forgiveness,Fat/Thin,Confidence-inspiring,12,A,super-game-improvement
13.0,99.8,227,Hook,Accuracy,Consistent,Confidence-inspiring,9,S,players-distance
0.0,108.1,273,Straight,Forgiveness,Consistent,No preference,9,S,players-cb
5.8,105.7,251,Draw,Distance,Left/Right,No preference,9,S,players-cb
27.1,93.3,207,Draw,Forgiveness,Fat/Thin,Confidence-inspiring,10.5,R,super-game-improvement
11.0,113.5,272,Straight,Accuracy,Left/Right,No preference,8,X,players-cb
20.2,96.4,213,Fade,Distance,Left/Right,Confidence-inspiring,9,R,super-game-improvement
4.5,103.2,256,Draw,Forgiveness,Consistent,No preference,9,S,players-cb
29.9,97.1,209,Straight,Accuracy,Left/Right,Confidence-inspiring,10.5,R,super-game-improvement
15.7,117.8,274,Fade,Distance,Inconsistent,Forged/Blade-like,8,X,players-cb
19.6,101.8,208,Slice,Accuracy,Consistent,Confidence-inspiring,9,X,players-distance
36.0,83.6,175,Straight,Accuracy,Fat/Thin,Forged/Blade-like,10.5,A,game-improvement
30.6,89.5,206,Slice,Accuracy,Left/Right,Confidence-inspiring,12,R,game-improvement
14.2,98.9,236,Slice,Distance,Fat/Thin,No preference,9,S,game-improvement
11.7,98.2,238,Fade,Accuracy,Inconsistent,Forged/Blade-like,9,S,players-cb
14.1,118.1,275,Slice,Accuracy,Consistent,No preference,8,X,players-cb
21.6,83.8,204,Slice,Accuracy,Fat/Thin,Confidence-inspiring,10.5,A,super-game-improvement
16.1,106.6,248,Hook,Distance,Fat/Thin,Forged/Blade-like,9,S,players-cb
13.4,95.6,217,Draw,Accuracy,Fat/Thin,Confidence-inspiring,10.5,R,game-improvement
30.2,70.7,162,Slice,Distance,Inconsistent,Confidence-inspiring,10.5,L,super-game-improvement
16.0,93.2,223,Straight,Accuracy,Left/Right,No preference,10.5,R,players-distance
36.0,76.1,167,Slice,Forgiveness,Left/Right,Confidence-inspiring,12,A,super-game-improvement
17.8,99.7,225,Slice,Forgiveness,Consistent,Forged/Blade-like,10.5,S,players-cb
33.1,84.4,184,Slice,Forgiveness,Inconsistent,Confidence-inspiring,12,R,super-game-improvement
20.2,82.0,199,Hook,Forgiveness,Fat/Thin,Confidence-inspiring,10.5,A,super-game-improvement
25.7,103.2,233,Slice,Forgiveness,Left/Right,No preference,10.5,S,super-game-improvement
10.5,109.8,245,Straight,Forgiveness,Fat/Thin,Forged/Blade-like,9,S,players-cb
9.3,115.5,268,Hook,Accuracy,Consistent,Forged/Blade-like,8,X,players-cb
21.1,94.0,206,Straight,Forgiveness,Fat/Thin,Confidence-inspiring,10.5,R,super-game-improvement
25.9,88.0,188,Hook,Forgiveness,Left/Right,Confidence-inspiring,10.5,R,super-game-improvement
17.4,101.2,213,Draw,Forgiveness,Left/Right,Confidence-inspiring,10.5,S,super-game-improvement
5.4,96.6,249,Straight,Forgiveness,Consistent,No preference,9,R,players-cb
4.8,104.0,242,Fade,Forgiveness,Left/Right,Forged/Blade-like,9,S,players-cb
4.2,101.4,237,Straight,Accuracy,Fat/Thin,Forged/Blade-like,9,X,players-cb
1.1,90.6,204,Draw,Accuracy,Fat/Thin,Forged/Blade-like,10.5,A,blade
18.0,95.0,225,Straight,Distance,Fat/Thin,No preference,10.5,R,game-improvement
27.1,83.2,183,Straight,Accuracy,Left/Right,Confidence-inspiring,10.5,A,super-game-improvement
16.9,92.1,208,Straight,Forgiveness,Inconsistent,Forged/Blade-like,10.5,R,players-distance
0.0,109.6,266,Straight,Distance,Consistent,No preference,8,S,blade
15.3,108.3,256,Draw,Accuracy,Left/Right,No preference,8,S,players-cb
15.5,87.0,197,Fade,Forgiveness,Left/Right,Confidence-inspiring,10.5,R,super-game-improvement
35.9,78.2,148,Draw,Forgiveness,Left/Right,Confidence-inspiring,12,A,super-game-improvement
3.9,95.7,219,Straight,Accuracy,Consistent,No preference,10.5,R,blade
13.5,88.5,194,Slice,Forgiveness,Fat/Thin,No preference,10.5,R,super-game-improvement
32.4,78.0,171,Slice,Forgiveness,Fat/Thin,Confidence-inspiring,12,A,super-game-improvement
21.0,89.8,211,Straight,Accuracy,Left/Right,No preference,10.5,R,game-improvement
22.1,96.8,231,Slice,Accuracy,Left/Right,No preference,9,R,game-improvement
18.0,97.0,207,Fade,Accuracy,Inconsistent,Confidence-inspiring,10.5,X,game-improvement
20.0,81.8,191,Draw,Distance,Fat/Thin,Confidence-inspiring,10.5,A,super-game-improvement
24.0,102.6,224,Slice,Forgiveness,Fat/Thin,Confidence-inspiring,9,S,super-game-improvement
9.7,108.8,283,Hook,Forgiveness,Left/Right,Forged/Blade-like,9,S,players-cb
24.9,80.1,191,Draw,Forgiveness,Left/Right,No preference,12,A,super-game-improvement
4.6,115.1,293,Straight,Accuracy,Consistent,Confidence-inspiring,8,X,players-cb
20.0,95.7,224,Straight,Forgiveness,Fat/Thin,No preference,10.5,R,super-game-improvement
18.6,91.8,213,Fade,Forgiveness,Left/Right,Forged/Blade-like,10.5,R,players-cb
11.5,101.8,235,Straight,Forgiveness,Inconsistent,No preference,9,S,game-improvement
16.8,94.3,211,Hook,Accuracy,Consistent,Forged/Blade-like,10.5,R,players-cb
11.4,103.7,236,Slice,Distance,Consistent,Forged/Blade-like,9,S,players-cb
7.4,102.8,251,Straight,Distance,Fat/Thin,Confidence-inspiring,9,S,players-distance
13.8,93.2,231,Slice,Forgiveness,Consistent,Confidence-inspiring,10.5,R,game-improvement
7.1,80.9,190,Straight,Forgiveness,Inconsistent,Forged/Blade-like,12,A,players-distance
19.9,97.7,215,Fade,Accuracy,Left/Right,Confidence-inspiring,9,S,game-improvement
6.6,97.8,220,Draw,Accuracy,Left/Right,Forged/Blade-like,9,X,players-cb
23.4,97.9,221,Straight,Accuracy,Fat/Thin,Confidence-inspiring,9,S,super-game-improvement
6.4,106.5,266,Straight,Distance,Inconsistent,Confidence-inspiring,9,S,players-distance
11.9,94.4,233,Slice,Forgiveness,Left/Right,Forged/Blade-like,10.5,R,players-distance
11.4,108.5,267,Draw,Accuracy,Consistent,Forged/Blade-like,8,S,players-distance
28.9,88.4,197,Fade,Forgiveness,Inconsistent,Confidence-inspiring,10.5,R,super-game-improvement
20.0,94.0,214,Straight,Forgiveness,Fat/Thin,Confidence-inspiring,10.5,R,super-game-improvement
15.1,94.4,230,Straight,Distance,Fat/Thin,Forged/Blade-like,10.5,R,players-distance
21.5,108.2,234,Slice,Accuracy,Fat/Thin,Confidence-inspiring,8,S,game-improvement
0.0,98.9,238,Straight,Distance,Consistent,Forged/Blade-like,9,R,blade
16.6,91.5,226,Straight,Forgiveness,Inconsistent,Confidence-inspiring,10.5,R,super-game-improvement
35.0,69.8,139,Straight,Distance,Left/Right,Confidence-inspiring,12,L,super-game-improvement
18.2,100.9,230,Straight,Forgiveness,Inconsistent,Confidence-inspiring,10.5,S,super-game-improvement
17.6,88.2,208,Straight,Forgiveness,Left/Right,No preference,10.5,R,game-improvement
21.9,86.4,195,Straight,Forgiveness,Fat/Thin,Confidence-inspiring,10.5,R,super-game-improvement
25.1,83.8,197,Slice,Distance,Left/Right,No preference,10.5,A,game-improvement
0.0,106.6,275,Draw,Distance,Fat/Thin,Forged/Blade-like,9,S,blade
1.9,92.2,229,Fade,Distance,Fat/Thin,Forged/Blade-like,10.5,R,players-cb
18.9,70.7,174,Slice,Distance,Consistent,No preference,12,L,players-distance
10.6,103.4,235,Draw,Distance,Fat/Thin,Confidence-inspiring,9,S,players-distance
28.8,65.3,142,Straight,Forgiveness,Inconsistent,Confidence-inspiring,12,L,super-game-improvement
14.2,104.9,265,Hook,Forgiveness,Fat/Thin,Confidence-inspiring,9,S,game-improvement
0.0,120.0,311,Straight,Distance,Inconsistent,No preference,8,X,players-cb
5.6,100.5,230,Straight,Forgiveness,Left/Right,No preference,10.5,S,players-cb
0.0,119.0,291,Straight,Forgiveness,Left/Right,Confidence-inspiring,9,X,game-improvement
14.9,95.6,223,Hook,Distance,Inconsistent,Confidence-inspiring,12,R,game-improvement
15.3,111.6,262,Fade,Forgiveness,Fat/Thin,Confidence-inspiring,9,X,super-game-improvement
13.2,92.5,227,Slice,Forgiveness,Inconsistent,Forged/Blade-like,10.5,R,game-improvement
26.7,65.0,160,Slice,Forgiveness,Fat/Thin,Confidence-inspiring,12,L,super-game-improvement
27.8,86.3,190,Hook,Distance,Left/Right,No preference,10.5,R,game-improvement
15.5,112.5,270,Hook,Distance,Inconsistent,Forged/Blade-like,8,S,players-cb
0.0,111.3,279,Draw,Accuracy,Left/Right,Confidence-inspiring,8,X,players-cb
22.6,85.5,192,Slice,Accuracy,Fat/Thin,No preference,10.5,R,super-game-improvement
22.0,94.3,197,Fade,Forgiveness,Fat/Thin,No preference,10.5,R,super-game-improvement
19.8,102.2,241,Straight,Distance,Inconsistent,Confidence-inspiring,10.5,S,players-distance
25.8,87.6,200,Slice,Accuracy,Left/Right,Confidence-inspiring,10.5,R,super-game-improvement
6.5,120.0,290,Draw,Distance,Left/Right,Forged/Blade-like,8,X,blade
35.1,77.0,155,Fade,Distance,Fat/Thin,Confidence-inspiring,12,A,super-game-improvement
8.4,110.3,280,Hook,Distance,Fat/Thin,Confidence-inspiring,8,X,players-distance
23.7,97.5,219,Fade,Distance,Inconsistent,Confidence-inspiring,9,S,super-game-improvement
1.8,97.8,228,Straight,Accuracy,Consistent,Forged/Blade-like,9,S,blade
8.6,95.9,216,Hook,Distance,Inconsistent,Forged/Blade-like,10.5,R,players-cb
30.6,95.4,214,Straight,Forgiveness,Left/Right,Confidence-inspiring,10.5,R,super-game-improvement
14.7,97.5,232,Draw,Forgiveness,Fat/Thin,Forged/Blade-like,12,S,players-distance
24.6,92.7,202,Fade,Forgiveness,Fat/Thin,Forged/Blade-like,10.5,R,super-game-improvement
19.1,76.7,179,Straight,Forgiveness,Left/Right,Confidence-inspiring,12,A,super-game-improvement
16.1,101.6,240,Draw,Distance,Left/Right,Confidence-inspiring,9,S,game-improvement
29.3,88.9,196,Straight,Forgiveness,Inconsistent,Confidence-inspiring,10.5,R,super-game-improvement
14.9,95.2,214,Fade,Accuracy,Left/Right,Confidence-inspiring,10.5,R,game-improvement
1.0,108.9,274,Hook,Accuracy,Consistent,Forged/Blade-like,8,S,blade
9.8,95.2,232,Straight,Accuracy,Consistent,No preference,10.5,R,players-cb
22.0,85.1,197,Hook,Forgiveness,Inconsistent,Confidence-inspiring,10.5,R,super-game-improvement
20.6,89.6,195,Fade,Distance,Consistent,No preference,10.5,R,players-distance
2.9,99.4,229,Straight,Accuracy,Left/Right,Forged/Blade-like,9,S,blade
10.5,120.0,283,Draw,Accuracy,Left/Right,Confidence-inspiring,8,X,players-distance
11.8,107.1,259,Straight,Forgiveness,Consistent,Confidence-inspiring,9,S,game-improvement
13.7,87.0,212,Fade,Distance,Consistent,No preference,10.5,R,players-cb
4.6,120.0,294,Straight,Distance,Consistent,No preference,8,X,blade
11.3,94.0,217,Straight,Distance,Consistent,Confidence-inspiring,10.5,R,players-cb
10.4,99.2,227,Straight,Distance,Fat/Thin,Forged/Blade-like,8,S,players-cb
23.9,98.7,220,Fade,Forgiveness,Inconsistent,No preference,10.5,R,super-game-improvement
24.3,69.8,156,Straight,Distance,Left/Right,Confidence-inspiring,12,A,super-game-improvement
15.7,93.0,225,Draw,Accuracy,Fat/Thin,No preference,10.5,R,game-improvement
13.5,91.1,208,Draw,Accuracy,Fat/Thin,Confidence-inspiring,10.5,S,game-improvement
18.3,95.6,215,Draw,Accuracy,Inconsistent,Forged/Blade-like,10.5,R,players-cb
9.7,103.1,262,Straight,Distance,Left/Right,Forged/Blade-like,9,X,players-cb
6.7,100.7,255,Draw,Accuracy,Left/Right,No preference,9,S,blade
8.5,99.0,227,Straight,Accuracy,Consistent,Forged/Blade-like,9,S,players-cb
11.3,109.0,269,Straight,Distance,Left/Right,Forged/Blade-like,8,S,players-cb
6.5,104.6,240,Draw,Distance,Consistent,No preference,8,S,players-cb
18.5,93.8,210,Fade,Distance,Fat/Thin,Forged/Blade-like,10.5,R,players-distance
23.6,91.4,202,Draw,Distance,Left/Right,Confidence-inspiring,10.5,R,game-improvement
2.7,120.0,290,Draw,Distance,Left/Right,Forged/Blade-like,8,S,blade
17.2,96.0,226,Draw,Accuracy,Fat/Thin,No preference,9,R,game-improvement
15.0,90.7,211,Draw,Accuracy,Consistent,Forged/Blade-like,10.5,R,players-cb
20.1,73.2,172,Draw,Forgiveness,Left/Right,Confidence-inspiring,12,A,super-game-improvement
16.9,80.2,181,Slice,Distance,Left/Right,No preference,12,A,game-improvement
3.9,98.7,242,Fade,Accuracy,Fat/Thin,Forged/Blade-like,9,S,players-distance
5.6,101.1,243,Straight,Forgiveness,Left/Right,Forged/Blade-like,10.5,S,players-cb
17.3,88.7,191,Slice,Accuracy,Left/Right,Forged/Blade-like,10.5,R,players-cb
26.3,91.6,207,Slice,Accuracy,Fat/Thin,No preference,10.5,R,super-game-improvement
0.0,100.3,247,Draw,Distance,Consistent,Forged/Blade-like,9,S,blade
20.1,83.2,182,Slice,Forgiveness,Inconsistent,Confidence-inspiring,10.5,A,super-game-improvement
27.7,93.3,202,Slice,Accuracy,Fat/Thin,Confidence-inspiring,9,R,super-game-improvement
15.6,109.1,248,Draw,Distance,Inconsistent,No preference,8,S,players-distance
22.0,80.0,178,Slice,Forgiveness,Fat/Thin,Confidence-inspiring,12,R,super-game-improvement
10.7,101.2,254,Draw,Forgiveness,Left/Right,No preference,10.5,S,players-distance
15.9,76.1,194,Straight,Forgiveness,Consistent,No preference,10.5,A,game-improvement
2.4,89.6,193,Slice,Distance,Consistent,Forged/Blade-like,10.5,R,blade
0.0,100.1,250,Straight,Accuracy,Consistent,No preference,9,S,blade
25.5,100.0,231,Slice,Forgiveness,Inconsistent,Confidence-inspiring,9,S,super-game-improvement
8.1,92.7,218,Straight,Accuracy,Left/Right,Forged/Blade-like,10.5,R,players-cb
12.9,89.1,216,Slice,Forgiveness,Fat/Thin,Confidence-inspiring,10.5,R,super-game-improvement
4.5,103.3,264,Straight,Distance,Inconsistent,Forged/Blade-like,9,S,blade
4.3,103.4,237,Fade,Accuracy,Inconsistent,Confidence-inspiring,9,S,players-cb
15.4,87.7,204,Slice,Accuracy,Fat/Thin,Forged/Blade-like,9,R,game-improvement
10.4,118.8,298,Slice,Distance,Left/Right,No preference,8,X,players-cb
20.4,89.5,192,Slice,Forgiveness,Fat/Thin,Confidence-inspiring,10.5,R,game-improvement
21.1,92.8,209,Fade,Distance,Left/Right,Confidence-inspiring,10.5,R,super-game-improvement
19.9,88.5,197,Draw,Accuracy,Inconsistent,Forged/Blade-like,10.5,R,players-cb
19.1,97.4,231,Fade,Forgiveness,Left/Right,Confidence-inspiring,10.5,S,super-game-improvement
31.2,97.1,221,Fade,Forgiveness,Left/Right,Confidence-inspiring,12,S,super-game-improvement
7.4,117.6,282,Draw,Accuracy,Fat/Thin,Forged/Blade-like,8,X,players-cb
16.5,87.2,201,Straight,Accuracy,Consistent,Confidence-inspiring,10.5,R,players-cb
27.2,98.5,202,Slice,Distance,Left/Right,Confidence-inspiring,10.5,S,super-game-improvement
28.4,92.2,215,Hook,Forgiveness,Inconsistent,Confidence-inspiring,10.5,R,super-game-improvement
4.2,112.9,269,Straight,Accuracy,Consistent,Confidence-inspiring,8,X,players-cb
14.2,95.4,220,Draw,Distance,Consistent,Confidence-inspiring,10.5,R,players-distance
29.2,84.3,193,Fade,Accuracy,Fat/Thin,Confidence-inspiring,10.5,R,super-game-improvement
21.6,100.7,229,Slice,Distance,Fat/Thin,Confidence-inspiring,9,S,super-game-improvement
18.8,102.8,244,Hook,Accuracy,Left/Right,No preference,9,S,players-distance
15.0,111.5,264,Fade,Forgiveness,Consistent,Confidence-inspiring,9,X,players-distance
13.5,98.8,232,Straight,Forgiveness,Left/Right,Confidence-inspiring,10.5,S,super-game-improvement
19.6,91.6,211,Slice,Distance,Fat/Thin,No preference,10.5,R,game-improvement
14.7,71.4,155,Slice,Accuracy,Left/Right,Confidence-inspiring,12,L,super-game-improvement
16.6,78.6,179,Draw,Forgiveness,Inconsistent,Confidence-inspiring,12,A,game-improvement
17.7,90.0,216,Draw,Accuracy,Left/Right,Forged/Blade-like,10.5,R,players-cb
10.9,87.6,198,Fade,Forgiveness,Inconsistent,Confidence-inspiring,10.5,A,super-game-improvement
21.8,99.3,217,Slice,Forgiveness,Inconsistent,No preference,10.5,S,super-game-improvement
36.0,68.4,138,Straight,Forgiveness,Fat/Thin,Forged/Blade-like,12,L,super-game-improvement
1.0,100.3,246,Fade,Accuracy,Consistent,No preference,9,R,blade
19.9,87.8,212,Fade,Accuracy,Left/Right,Confidence-inspiring,10.5,R,game-improvement
10.2,111.1,267,Draw,Forgiveness,Consistent,Confidence-inspiring,9,X,players-distance
22.2,84.8,171,Straight,Forgiveness,Left/Right,Confidence-inspiring,9,R,super-game-improvement
17.4,98.7,232,Fade,Distance,Fat/Thin,Confidence-inspiring,9,S,game-improvement
23.9,91.7,201,Straight,Distance,Fat/Thin,Confidence-inspiring,12,R,super-game-improvement
27.6,96.3,217,Draw,Distance,Fat/Thin,Confidence-inspiring,10.5,R,super-game-improvement
18.7,101.8,231,Straight,Distance,Inconsistent,Confidence-inspiring,8,X,game-improvement
27.2,87.2,185,Fade,Forgiveness,Fat/Thin,Confidence-inspiring,10.5,R,game-improvement
0.0,89.0,217,Straight,Distance,Left/Right,Forged/Blade-like,10.5,R,blade
31.3,82.4,175,Fade,Forgiveness,Left/Right,No preference,10.5,A,super-game-improvement
20.4,91.9,211,Fade,Forgiveness,Fat/Thin,Forged/Blade-like,10.5,R,game-improvement
26.7,90.7,192,Slice,Distance,Inconsistent,Confidence-inspiring,10.5,A,super-game-improvement
6.0,94.5,216,Slice,Accuracy,Left/Right,No preference,10.5,R,players-distance
9.5,110.9,269,Draw,Distance,Left/Right,No preference,8,X,players-cb
18.3,93.7,224,Draw,Forgiveness,Fat/Thin,Confidence-inspiring,10.5,R,super-game-improvement
16.8,85.4,202,Fade,Accuracy,Fat/Thin,No preference,10.5,R,game-improvement
19.5,88.2,195,Straight,Forgiveness,Fat/Thin,No preference,9,R,super-game-improvement
26.8,107.1,230,Slice,Forgiveness,Left/Right,Confidence-inspiring,10.5,S,super-game-improvement
1.1,111.9,267,Draw,Accuracy,Left/Right,Forged/Blade-like,8,X,blade
25.8,98.9,227,Hook,Forgiveness,Left/Right,Confidence-inspiring,10.5,S,super-game-improvement
17.1,84.0,185,Fade,Distance,Inconsistent,Confidence-inspiring,9,R,game-improvement
15.2,88.8,213,Fade,Forgiveness,Consistent,Forged/Blade-like,10.5,R,players-cb
3.8,96.6,239,Straight,Accuracy,Left/Right,Forged/Blade-like,9,R,blade
21.5,93.2,221,Slice,Distance,Inconsistent,Confidence-inspiring,10.5,R,super-game-improvement
0.0,104.3,265,Draw,Distance,Consistent,No preference,9,S,players-cb
22.8,85.6,197,Draw,Accuracy,Left/Right,No preference,10.5,R,game-improvement
3.6,99.9,228,Fade,Distance,Left/Right,No preference,9,S,players-cb
17.5,86.2,203,Slice,Distance,Consistent,Confidence-inspiring,10.5,R,players-distance
15.9,93.4,217,Slice,Accuracy,Fat/Thin,Confidence-inspiring,10.5,R,super-game-improvement
27.5,98.4,213,Slice,Forgiveness,Left/Right,Forged/Blade-like,10.5,S,game-improvement
15.4,80.4,198,Straight,Forgiveness,Left/Right,No preference,12,A,game-improvement
10.8,102.1,239,Hook,Distance,Left/Right,No preference,9,X,players-cb
12.4,111.4,256,Straight,Forgiveness,Left/Right,No preference,9,X,game-improvement
28.5,84.8,196,Slice,Forgiveness,Inconsistent,Confidence-inspiring,10.5,R,super-game-improvement
21.8,85.9,190,Fade,Forgiveness,Inconsistent,Confidence-inspiring,10.5,S,super-game-improvement
13.5,106.1,242,Straight,Distance,Fat/Thin,Forged/Blade-like,9,S,players-cb
14.9,86.0,189,Straight,Accuracy,Fat/Thin,Forged/Blade-like,10.5,R,players-cb
2.9,103.8,244,Fade,Forgiveness,Fat/Thin,Confidence-inspiring,9,X,game-improvement
20.5,81.7,178,Straight,Forgiveness,Left/Right,Confidence-inspiring,12,A,super-game-improvement
1.2,86.5,217,Fade,Distance,Consistent,Forged/Blade-like,10.5,R,blade
23.8,88.3,188,Slice,Distance,Left/Right,Confidence-inspiring,10.5,R,super-game-improvement
18.2,81.0,168,Fade,Distance,Left/Right,Forged/Blade-like,12,A,players-distance
36.0,81.4,176,Fade,Forgiveness,Left/Right,Confidence-inspiring,12,R,super-game-improvement
7.1,112.3,262,Straight,Accuracy,Inconsistent,Forged/Blade-like,8,X,players-cb
16.1,113.6,262,Hook,Accuracy,Left/Right,Forged/Blade-like,8,X,players-cb
33.2,84.4,193,Straight,Accuracy,Inconsistent,Forged/Blade-like,10.5,R,game-improvement
27.7,97.4,215,Slice,Forgiveness,Fat/Thin,Forged/Blade-like,10.5,R,super-game-improvement
10.7,102.7,255,Draw,Forgiveness,Left/Right,Confidence-inspiring,9,S,game-improvement
19.0,89.2,203,Fade,Accuracy,Inconsistent,Confidence-inspiring,10.5,R,game-improvement
17.0,75.2,182,Fade,Distance,Left/Right,Confidence-inspiring,12,A,game-improvement
19.5,109.0,243,Straight,Distance,Left/Right,No preference,8,S,players-distance
10.7,88.2,209,Slice,Forgiveness,Left/Right,No preference,10.5,R,game-improvement
16.2,108.8,242,Fade,Accuracy,Consistent,Confidence-inspiring,9,S,players-cb
2.6,109.6,259,Fade,Forgiveness,Inconsistent,No preference,9,X,players-distance
18.2,83.9,190,Slice,Forgiveness,Consistent,Confidence-inspiring,10.5,A,game-improvement
21.1,94.8,202,Slice,Forgiveness,Fat/Thin,Confidence-inspiring,10.5,S,super-game-improvement
15.0,117.1,273,Straight,Distance,Consistent,No preference,8,X,players-cb
2.5,119.7,288,Straight,Accuracy,Consistent,Confidence-inspiring,8,S,players-distance
25.9,83.3,187,Hook,Distance,Fat/Thin,Confidence-inspiring,9,A,super-game-improvement
20.3,85.1,181,Slice,Accuracy,Left/Right,Confidence-inspiring,10.5,S,super-game-improvement
10.5,99.9,242,Slice,Distance,Fat/Thin,Forged/Blade-like,9,S,players-cb
14.5,94.5,234,Slice,Forgiveness,Fat/Thin,Forged/Blade-like,10.5,R,players-distance
3.5,115.6,293,Hook,Accuracy,Left/Right,No preference,8,X,players-cb
7.8,108.1,274,Draw,Accuracy,Consistent,Confidence-inspiring,8,S,players-cb
12.2,80.8,189,Hook,Accuracy,Inconsistent,Forged/Blade-like,12,A,players-cb
28.1,91.5,198,Straight,Forgiveness,Fat/Thin,Confidence-inspiring,10.5,R,super-game-improvement
11.2,96.6,231,Draw,Forgiveness,Inconsistent,No preference,10.5,A,game-improvement
22.8,90.9,202,Slice,Forgiveness,Left/Right,Confidence-inspiring,10.5,R,super-game-improvement
12.2,100.2,219,Slice,Forgiveness,Inconsistent,Confidence-inspiring,10.5,S,super-game-improvement
19.2,104.9,246,Straight,Forgiveness,Left/Right,Forged/Blade-like,9,S,players-distance
15.7,105.1,241,Straight,Accuracy,Inconsistent,Confidence-inspiring,9,S,game-improvement
24.9,81.6,168,Straight,Forgiveness,Left/Right,Confidence-inspiring,12,A,super-game-improvement
12.2,97.1,223,Draw,Accuracy,Inconsistent,Confidence-inspiring,9,S,game-improvement
2.8,99.6,240,Straight,Forgiveness,Left/Right,Forged/Blade-like,10.5,S,players-cb
4.6,86.1,207,Fade,Forgiveness,Left/Right,No preference,10.5,R,players-distance
12.2,96.6,226,Fade,Accuracy,Left/Right,Forged/Blade-like,9,R,players-cb
5.8,120.0,300,Straight,Distance,Left/Right,Confidence-inspiring,8,X,players-cb
20.7,74.8,158,Straight,Distance,Fat/Thin,Confidence-inspiring,12,A,super-game-improvement
12.8,97.1,225,Hook,Accuracy,Consistent,Confidence-inspiring,9,S,players-distance
36.0,81.0,164,Draw,Distance,Left/Right,Confidence-inspiring,12,A,game-improvement
1.4,107.9,274,Draw,Forgiveness,Consistent,Forged/Blade-like,9,S,blade
18.8,83.6,186,Straight,Forgiveness,Fat/Thin,Forged/Blade-like,10.5,R,game-improvement
6.8,87.1,205,Draw,Distance,Fat/Thin,No preference,10.5,R,players-distance
12.6,83.6,205,Hook,Accuracy,Consistent,No preference,10.5,A,players-cb
18.3,106.9,256,Straight,Forgiveness,Consistent,No preference,10.5,S,players-distance
0.0,96.2,249,Straight,Distance,Inconsistent,Forged/Blade-like,9,R,blade
19.1,88.0,186,Slice,Accuracy,Left/Right,Forged/Blade-like,10.5,R,players-cb
34.1,103.9,227,Draw,Distance,Left/Right,Confidence-inspiring,10.5,S,game-improvement
12.9,89.9,212,Hook,Distance,Fat/Thin,Confidence-inspiring,10.5,R,game-improvement
19.3,96.3,219,Straight,Forgiveness,Fat/Thin,Confidence-inspiring,10.5,R,super-game-improvement
26.2,98.8,219,Slice,Forgiveness,Fat/Thin,Confidence-inspiring,10.5,S,game-improvement
15.5,105.6,256,Straight,Distance,Fat/Thin,Forged/Blade-like,9,S,blade
11.8,84.7,208,Draw,Accuracy,Left/Right,Confidence-inspiring,9,R,players-distance
0.0,98.9,250,Hook,Distance,Left/Right,No preference,9,S,players-cb
22.8,93.5,212,Fade,Forgiveness,Left/Right,Confidence-inspiring,10.5,R,super-game-improvement
16.0,114.4,284,Straight,Distance,Consistent,Confidence-inspiring,8,X,players-cb
7.9,93.0,218,Slice,Distance,Inconsistent,Forged/Blade-like,10.5,R,players-cb
18.1,88.8,189,Slice,Distance,Consistent,Confidence-inspiring,10.5,R,players-distance
11.7,102.2,237,Fade,Distance,Inconsistent,No preference,9,S,players-cb
12.2,103.9,244,Slice,Forgiveness,Left/Right,Forged/Blade-like,9,X,players-distance
22.5,97.5,231,Slice,Forgiveness,Inconsistent,Confidence-inspiring,10.5,S,super-game-improvement
5.0,94.1,222,Straight,Distance,Left/Right,Forged/Blade-like,10.5,R,blade
26.4,82.7,187,Draw,Forgiveness,Left/Right,No preference,10.5,A,game-improvement
4.4,105.2,240,Fade,Distance,Inconsistent,No preference,9,S,players-cb
11.0,111.1,271,Slice,Distance,Left/Right,No preference,8,X,players-cb
34.3,80.3,173,Slice,Forgiveness,Inconsistent,Confidence-inspiring,12,A,super-game-improvement
27.1,87.3,190,Slice,Distance,Fat/Thin,Confidence-inspiring,10.5,R,super-game-improvement
17.9,83.6,211,Draw,Distance,Left/Right,Forged/Blade-like,10.5,A,players-cb
8.5,118.9,292,Straight,Accuracy,Consistent,Forged/Blade-like,8,X,players-cb
12.2,99.2,223,Slice,Accuracy,Consistent,Confidence-inspiring,9,S,players-cb
17.7,104.7,239,Draw,Accuracy,Left/Right,Confidence-inspiring,9,S,players-distance
17.3,94.5,241,Draw,Accuracy,Left/Right,No preference,10.5,R,players-distance
16.2,95.8,239,Slice,Distance,Left/Right,Confidence-inspiring,12,R,game-improvement
16.7,79.6,191,Draw,Accuracy,Left/Right,Forged/Blade-like,12,L,players-cb
15.1,74.2,155,Hook,Distance,Fat/Thin,No preference,12,A,game-improvement
4.0,115.8,292,Draw,Distance,Consistent,No preference,9,X,players-cb
12.4,98.3,224,Slice,Forgiveness,Left/Right,Confidence-inspiring,10.5,S,super-game-improvement
25.2,90.9,214,Slice,Distance,Fat/Thin,Confidence-inspiring,10.5,R,super-game-improvement
4.7,90.3,211,Hook,Accuracy,Left/Right,Confidence-inspiring,10.5,R,players-distance
15.3,86.6,205,Fade,Accuracy,Left/Right,Confidence-inspiring,10.5,R,game-improvement
9.6,110.1,254,Draw,Accuracy,Consistent,Confidence-inspiring,8,X,players-cb
18.0,111.2,251,Slice,Distance,Left/Right,No preference,8,X,players-distance
13.5,90.6,217,Draw,Forgiveness,Inconsistent,No preference,10.5,R,game-improvement
30.3,92.1,189,Slice,Forgiveness,Fat/Thin,No preference,10.5,R,game-improvement
21.6,93.2,232,Hook,Forgiveness,Inconsistent,No preference,10.5,R,super-game-improvement
5.2,101.3,234,Slice,Accuracy,Consistent,No preference,9,S,players-cb
23.0,108.9,235,Fade,Accuracy,Fat/Thin,No preference,8,S,game-improvement
10.0,94.7,229,Straight,Accuracy,Fat/Thin,Forged/Blade-like,10.5,R,players-cb
11.8,110.4,270,Fade,Distance,Fat/Thin,Forged/Blade-like,8,X,blade
19.8,96.4,216,Fade,Distance,Inconsistent,Confidence-inspiring,9,R,game-improvement
12.6,97.3,218,Straight,Forgiveness,Left/Right,No preference,10.5,S,game-improvement
25.0,102.7,220,Slice,Accuracy,Fat/Thin,No preference,10.5,S,players-distance
10.0,102.1,232,Draw,Accuracy,Inconsistent,Forged/Blade-like,9,S,players-cb
11.4,97.3,231,Straight,Distance,Left/Right,Forged/Blade-like,9,S,players-cb
11.1,112.2,263,Straight,Accuracy,Left/Right,Forged/Blade-like,8,S,players-cb
11.9,110.4,262,Straight,Accuracy,Fat/Thin,Confidence-inspiring,8,X,players-distance
26.9,99.7,223,Slice,Accuracy,Fat/Thin,Confidence-inspiring,10.5,S,super-game-improvement
22.7,65.0,153,Fade,Distance,Fat/Thin,Confidence-inspiring,12,L,super-game-improvement
32.4,88.4,187,Draw,Distance,Fat/Thin,Confidence-inspiring,10.5,R,super-game-improvement
36.0,83.6,171,Slice,Accuracy,Fat/Thin,No preference,10.5,A,super-game-improvement
7.7,100.4,240,Straight,Distance,Inconsistent,Forged/Blade-like,9,S,players-cb
17.6,100.1,229,Slice,Forgiveness,Left/Right,Confidence-inspiring,10.5,S,super-game-improvement
6.4,104.3,252,Draw,Distance,Left/Right,Forged/Blade-like,10.5,S,blade
10.0,106.0,244,Straight,Accuracy,Left/Right,Forged/Blade-like,9,S,players-cb
11.3,95.6,230,Slice,Accuracy,Fat/Thin,No preference,10.5,R,game-improvement
7.5,115.9,266,Hook,Forgiveness,Inconsistent,Forged/Blade-like,9,S,players-cb
7.5,108.7,255,Straight,Distance,Consistent,No preference,9,S,players-cb
15.7,100.7,243,Fade,Forgiveness,Fat/Thin,No preference,10.5,S,super-game-improvement
6.0,106.9,246,Straight,Forgiveness,Consistent,Forged/Blade-like,8,S,blade
24.6,100.8,234,Fade,Accuracy,Inconsistent,Confidence-inspiring,12,R,super-game-improvement
8.7,110.3,249,Hook,Forgiveness,Left/Right,Forged/Blade-like,9,S,blade
36.0,80.4,157,Straight,Accuracy,Fat/Thin,Confidence-inspiring,12,A,game-improvement
12.9,107.1,237,Straight,Accuracy,Left/Right,Forged/Blade-like,10.5,S,players-cb
17.6,95.8,221,Slice,Forgiveness,Left/Right,Confidence-inspiring,10.5,R,super-game-improvement
5.3,120.0,295,Hook,Forgiveness,Fat/Thin,No preference,9,X,players-distance
32.4,94.9,216,Slice,Forgiveness,Fat/Thin,Confidence-inspiring,10.5,R,super-game-improvement
27.1,81.3,190,Hook,Forgiveness,Fat/Thin,No preference,12,A,super-game-improvement
19.7,115.9,271,Fade,Distance,Left/Right,No preference,8,X,players-distance
4.9,81.6,189,Straight,Accuracy,Consistent,Confidence-inspiring,12,A,players-cb
18.9,99.5,219,Fade,Distance,Fat/Thin,No preference,9,S,game-improvement
6.9,94.3,232,Draw,Accuracy,Left/Right,No preference,10.5,R,players-cb
30.2,104.3,240,Slice,Forgiveness,Left/Right,Confidence-inspiring,10.5,S,super-game-improvement
24.3,92.0,196,Slice,Forgiveness,Fat/Thin,Confidence-inspiring,10.5,R,super-game-improvement
17.9,85.9,208,Fade,Forgiveness,Inconsistent,Confidence-inspiring,10.5,R,super-game-improvement
0.0,103.3,236,Straight,Accuracy,Fat/Thin,Forged/Blade-like,9,S,blade
8.1,93.4,226,Straight,Accuracy,Consistent,No preference,10.5,R,players-cb
23.2,87.2,194,Fade,Forgiveness,Consistent,Confidence-inspiring,10.5,R,super-game-improvement
27.9,83.7,182,Fade,Forgiveness,Left/Right,No preference,10.5,A,super-game-improvement
27.0,80.1,177,Straight,Forgiveness,Fat/Thin,No preference,12,A,super-game-improvement
2.7,106.9,252,Fade,Distance,Left/Right,Confidence-inspiring,9,S,players-cb
19.7,96.5,223,Fade,Distance,Inconsistent,Confidence-inspiring,9,R,game-improvement
26.1,78.3,174,Fade,Forgiveness,Inconsistent,Confidence-inspiring,12,A,super-game-improvement
2.1,88.0,222,Straight,Forgiveness,Consistent,Forged/Blade-like,10.5,R,blade
16.9,97.6,239,Slice,Distance,Inconsistent,No preference,10.5,S,game-improvement
19.5,98.1,224,Slice,Accuracy,Fat/Thin,Confidence-inspiring,10.5,S,super-game-improvement
14.3,103.6,233,Draw,Forgiveness,Consistent,Confidence-inspiring,9,S,players-distance
0.3,111.3,262,Straight,Forgiveness,Consistent,No preference,9,X,players-cb
14.1,112.1,276,Fade,Distance,Fat/Thin,No preference,8,X,players-distance
14.1,106.4,261,Slice,Forgiveness,Left/Right,Confidence-inspiring,9,X,super-game-improvement
15.7,120.0,285,Draw,Accuracy,Fat/Thin,Confidence-inspiring,8,X,game-improvement
11.9,120.0,282,Hook,Distance,Fat/Thin,No preference,8,X,players-cb
13.0,79.6,193,Slice,Distance,Consistent,No preference,12,A,players-distance
16.6,72.7,179,Fade,Forgiveness,Inconsistent,Forged/Blade-like,12,A,game-improvement
21.0,91.6,202,Fade,Forgiveness,Left/Right,Confidence-inspiring,10.5,R,super-game-improvement
14.3,101.3,235,Fade,Distance,Inconsistent,Forged/Blade-like,9,S,players-cb
13.3,96.2,214,Draw,Distance,Fat/Thin,Forged/Blade-like,9,A,players-cb
17.8,100.9,230,Draw,Accuracy,Left/Right,Confidence-inspiring,9,S,game-improvement
0.0,103.3,267,Straight,Forgiveness,Left/Right,Forged/Blade-like,9,S,players-cb
21.3,84.6,201,Draw,Forgiveness,Left/Right,Confidence-inspiring,10.5,R,super-game-improvement
17.0,89.0,206,Draw,Forgiveness,Left/Right,Forged/Blade-like,10.5,R,players-distance
17.4,92.2,187,Slice,Accuracy,Left/Right,Confidence-inspiring,10.5,R,game-improvement
25.6,97.0,209,Straight,Accuracy,Fat/Thin,No preference,10.5,S,game-improvement
0.0,101.1,249,Fade,Forgiveness,Consistent,Forged/Blade-like,9,S,players-cb
0.0,103.1,251,Straight,Forgiveness,Consistent,Forged/Blade-like,9,S,blade
19.5,98.4,224,Slice,Accuracy,Fat/Thin,Forged/Blade-like,8,S,players-distance
16.9,92.5,215,Draw,Forgiveness,Inconsistent,Confidence-inspiring,10.5,R,super-game-improvement
18.5,104.6,234,Slice,Distance,Inconsistent,Confidence-inspiring,9,S,game-improvement
12.8,88.1,206,Straight,Distance,Left/Right,Forged/Blade-like,10.5,R,players-cb
23.0,79.0,176,Slice,Forgiveness,Inconsistent,No preference,12,A,super-game-improvement
25.4,91.8,198,Draw,Forgiveness,Fat/Thin,Confidence-inspiring,10.5,R,super-game-improvement
21.4,95.5,232,Slice,Forgiveness,Inconsistent,Confidence-inspiring,12,R,super-game-improvement
14.7,87.4,198,Fade,Distance,Fat/Thin,Confidence-inspiring,10.5,R,game-improvement
0.0,119.4,272,Hook,Distance,Consistent,Confidence-inspiring,8,X,blade
23.9,109.0,260,Fade,Distance,Fat/Thin,Confidence-inspiring,8,S,super-game-improvement
28.0,80.7,170,Straight,Accuracy,Fat/Thin,Forged/Blade-like,12,A,game-improvement
22.8,105.4,245,Slice,Forgiveness,Left/Right,Confidence-inspiring,9,X,super-game-improvement
9.1,76.0,174,Draw,Distance,Consistent,Confidence-inspiring,12,A,players-distance
23.1,101.1,232,Straight,Distance,Inconsistent,Confidence-inspiring,9,S,super-game-improvement
24.7,80.6,179,Slice,Distance,Inconsistent,Confidence-inspiring,12,A,super-game-improvement
31.0,94.7,215,Straight,Distance,Fat/Thin,Confidence-inspiring,10.5,R,super-game-improvement
9.1,90.2,212,Fade,Distance,Left/Right,No preference,9,R,players-distance
15.0,95.1,214,Fade,Accuracy,Left/Right,Confidence-inspiring,10.5,R,players-distance
23.7,81.8,185,Slice,Accuracy,Fat/Thin,No preference,12,A,game-improvement
17.5,92.0,207,Draw,Forgiveness,Inconsistent,Forged/Blade-like,10.5,R,players-distance
6.9,119.6,268,Draw,Accuracy,Consistent,No preference,8,X,blade
20.7,90.8,200,Slice,Forgiveness,Fat/Thin,No preference,10.5,R,game-improvement
22.2,112.0,278,Slice,Accuracy,Inconsistent,Confidence-inspiring,8,X,super-game-improvement
17.8,90.0,190,Straight,Accuracy,Left/Right,Forged/Blade-like,10.5,R,players-cb
19.0,108.0,248,Slice,Accuracy,Left/Right,No preference,8,S,players-distance
14.7,79.7,183,Draw,Accuracy,Fat/Thin,No preference,12,A,game-improvement
30.3,82.5,196,Slice,Forgiveness,Inconsistent,No preference,10.5,A,game-improvement
8.9,94.6,214,Fade,Distance,Consistent,Confidence-inspiring,12,R,players-cb
11.7,113.4,267,Fade,Accuracy,Inconsistent,Confidence-inspiring,8,X,players-distance
17.1,96.2,227,Fade,Accuracy,Fat/Thin,Confidence-inspiring,9,S,game-improvement
24.9,68.2,150,Straight,Forgiveness,Inconsistent,Confidence-inspiring,12,L,super-game-improvement
3.5,90.5,212,Draw,Accuracy,Consistent,Forged/Blade-like,10.5,R,blade
5.2,92.3,222,Draw,Distance,Fat/Thin,Confidence-inspiring,10.5,A,players-distance
0.0,115.3,280,Fade,Distance,Consistent,Confidence-inspiring,8,X,blade
17.3,102.3,232,Straight,Forgiveness,Left/Right,No preference,9,S,game-improvement
6.9,98.3,243,Fade,Distance,Left/Right,No preference,9,R,players-distance
13.5,91.3,216,Slice,Accuracy,Left/Right,No preference,10.5,R,game-improvement
23.0,97.5,224,Draw,Accuracy,Fat/Thin,Confidence-inspiring,9,S,super-game-improvement
11.2,87.1,208,Draw,Distance,Inconsistent,Forged/Blade-like,9,S,players-cb
19.1,97.6,231,Slice,Accuracy,Inconsistent,No preference,9,S,game-improvement
14.3,100.0,244,Straight,Forgiveness,Left/Right,Forged/Blade-like,10.5,S,players-distance
23.0,87.6,194,Draw,Distance,Inconsistent,Confidence-inspiring,10.5,R,super-game-improvement
21.3,95.5,223,Straight,Forgiveness,Inconsistent,Forged/Blade-like,10.5,R,game-improvement
10.8,99.7,223,Straight,Distance,Inconsistent,Confidence-inspiring,9,S,players-distance
15.5,100.4,212,Slice,Distance,Left/Right,No preference,9,S,game-improvement
26.4,74.7,182,Straight,Forgiveness,Inconsistent,No preference,12,A,super-game-improvement
20.5,98.2,219,Straight,Accuracy,Left/Right,Confidence-inspiring,9,S,super-game-improvement
4.4,113.3,275,Draw,Distance,Consistent,No preference,8,X,blade
22.9,93.6,199,Fade,Distance,Fat/Thin,Confidence-inspiring,10.5,R,super-game-improvement
7.2,107.1,244,Fade,Distance,Left/Right,Confidence-inspiring,9,S,players-distance
29.7,84.7,178,Fade,Distance,Left/Right,Confidence-inspiring,10.5,R,super-game-improvement
26.2,97.1,221,Fade,Forgiveness,Fat/Thin,Confidence-inspiring,10.5,S,super-game-improvement
19.6,93.3,207,Slice,Distance,Inconsistent,Confidence-inspiring,10.5,R,super-game-improvement
18.4,82.0,184,Straight,Forgiveness,Inconsistent,Forged/Blade-like,10.5,A,game-improvement
15.1,103.9,234,Straight,Accuracy,Inconsistent,Confidence-inspiring,9,R,players-distance
23.1,74.0,176,Hook,Forgiveness,Inconsistent,Confidence-inspiring,12,A,super-game-improvement
13.7,99.5,239,Draw,Accuracy,Fat/Thin,Confidence-inspiring,9,S,players-distance
19.1,89.2,199,Straight,Distance,Inconsistent,No preference,10.5,R,game-improvement
24.8,84.7,195,Draw,Accuracy,Left/Right,No preference,10.5,R,game-improvement
11.9,99.6,231,Hook,Distance,Fat/Thin,Forged/Blade-like,9,S,players-cb
11.5,91.1,211,Straight,Forgiveness,Fat/Thin,Confidence-inspiring,10.5,R,super-game-improvement
6.3,106.8,255,Fade,Distance,Consistent,Confidence-inspiring,9,S,players-cb
7.4,101.5,248,Fade,Distance,Inconsistent,No preference,9,S,players-cb
0.5,99.5,235,Draw,Accuracy,Consistent,Confidence-inspiring,9,S,players-cb
23.6,103.3,236,Slice,Forgiveness,Inconsistent,Confidence-inspiring,9,S,super-game-improvement
33.3,85.4,206,Hook,Forgiveness,Inconsistent,Confidence-inspiring,10.5,A,super-game-improvement
29.8,92.0,202,Draw,Forgiveness,Fat/Thin,Confidence-inspiring,10.5,R,super-game-improvement
2.4,118.5,288,Fade,Forgiveness,Consistent,Forged/Blade-like,9,X,blade
23.5,104.0,232,Fade,Distance,Left/Right,Forged/Blade-like,9,S,players-cb
29.8,91.5,204,Hook,Forgiveness,Consistent,Confidence-inspiring,10.5,R,super-game-improvement
12.9,94.2,205,Fade,Forgiveness,Inconsistent,Forged/Blade-like,10.5,R,players-distance
17.9,79.5,197,Draw,Distance,Left/Right,No preference,10.5,A,players-distance
0.0,108.1,274,Draw,Accuracy,Fat/Thin,Forged/Blade-like,8,S,blade
19.4,103.8,230,Fade,Accuracy,Fat/Thin,Confidence-inspiring,9,S,game-improvement
7.4,104.5,249,Draw,Forgiveness,Consistent,Forged/Blade-like,9,S,players-cb
18.8,65.0,143,Straight,Forgiveness,Fat/Thin,Forged/Blade-like,12,L,game-improvement
2.9,112.7,276,Fade,Accuracy,Consistent,Confidence-inspiring,8,X,players-distance
21.9,100.4,227,Straight,Forgiveness,Inconsistent,Confidence-inspiring,12,S,game-improvement
26.2,85.2,191,Straight,Forgiveness,Inconsistent,Confidence-inspiring,10.5,R,super-game-improvement
10.0,109.1,248,Slice,Forgiveness,Consistent,Forged/Blade-like,9,S,players-cb
6.8,107.7,253,Slice,Distance,Consistent,Forged/Blade-like,9,S,blade
0.0,99.1,253,Fade,Accuracy,Left/Right,No preference,10.5,S,players-cb
14.6,108.8,247,Fade,Accuracy,Consistent,Forged/Blade-like,8,X,players-cb
11.8,85.3,176,Slice,Accuracy,Left/Right,Confidence-inspiring,10.5,A,game-improvement
3.0,103.4,249,Hook,Forgiveness,Fat/Thin,Forged/Blade-like,9,S,players-cb
21.1,90.1,225,Fade,Forgiveness,Fat/Thin,Confidence-inspiring,10.5,R,super-game-improvement
13.0,88.9,215,Fade,Forgiveness,Fat/Thin,Confidence-inspiring,10.5,R,super-game-improvement
7.3,104.1,243,Slice,Accuracy,Inconsistent,Confidence-inspiring,8,S,game-improvement
12.0,110.9,259,Slice,Distance,Fat/Thin,No preference,8,S,game-improvement
26.6,100.4,228,Straight,Distance,Fat/Thin,Confidence-inspiring,10.5,S,game-improvement
22.4,98.0,205,Slice,Forgiveness,Fat/Thin,Confidence-inspiring,10.5,X,super-game-improvement
15.8,78.3,173,Straight,Forgiveness,Inconsistent,Forged/Blade-like,12,A,game-improvement
22.6,77.3,177,Slice,Accuracy,Fat/Thin,Confidence-inspiring,12,A,super-game-improvement
6.6,103.2,261,Hook,Distance,Consistent,Forged/Blade-like,8,S,blade
17.3,93.9,211,Slice,Distance,Fat/Thin,Forged/Blade-like,9,R,players-distance
18.3,88.6,217,Hook,Accuracy,Fat/Thin,Forged/Blade-like,12,R,players-cb
12.8,116.3,265,Hook,Distance,Left/Right,No preference,8,X,players-distance
20.9,92.8,179,Fade,Accuracy,Left/Right,Confidence-inspiring,10.5,S,super-game-improvement
10.0,104.6,254,Straight,Distance,Consistent,Confidence-inspiring,10.5,S,players-cb
21.6,101.2,233,Slice,Forgiveness,Fat/Thin,No preference,10.5,R,super-game-improvement
22.0,91.6,213,Slice,Accuracy,Inconsistent,Confidence-inspiring,10.5,R,super-game-improvement
0.0,120.0,300,Fade,Accuracy,Consistent,Forged/Blade-like,8,X,blade
27.7,77.8,173,Fade,Forgiveness,Inconsistent,Confidence-inspiring,12,A,super-game-improvement
0.0,99.9,242,Straight,Accuracy,Left/Right,Confidence-inspiring,9,S,players-distance
11.5,88.8,206,Straight,Accuracy,Left/Right,Forged/Blade-like,12,R,players-cb
26.2,103.8,226,Straight,Forgiveness,Inconsistent,Forged/Blade-like,9,S,game-improvement
14.1,104.4,239,Draw,Distance,Inconsistent,Confidence-inspiring,9,S,game-improvement
3.8,98.0,220,Straight,Forgiveness,Inconsistent,Forged/Blade-like,10.5,S,players-cb
7.2,92.5,210,Straight,Accuracy,Consistent,Forged/Blade-like,10.5,A,players-cb
26.2,102.0,224,Slice,Accuracy,Left/Right,Confidence-inspiring,10.5,S,super-game-improvement
0.0,109.6,248,Draw,Distance,Consistent,No preference,9,S,blade
27.2,101.6,206,Slice,Accuracy,Consistent,Confidence-inspiring,12,S,game-improvement
16.5,94.2,214,Straight,Accuracy,Fat/Thin,No preference,10.5,R,game-improvement
6.3,106.8,254,Fade,Forgiveness,Inconsistent,Forged/Blade-like,10.5,S,players-cb
11.8,101.0,234,Fade,Forgiveness,Left/Right,Forged/Blade-like,10.5,S,players-cb
7.8,94.5,203,Fade,Accuracy,Left/Right,No preference,12,R,players-distance
24.8,87.7,209,Slice,Distance,Left/Right,Confidence-inspiring,10.5,R,super-game-improvement
23.6,78.1,162,Straight,Forgiveness,Left/Right,No preference,12,A,super-game-improvement
1.5,109.9,260,Draw,Distance,Fat/Thin,No preference,8,S,players-distance
13.4,104.5,232,Hook,Forgiveness,Inconsistent,Forged/Blade-like,9,S,players-distance
9.2,109.6,271,Draw,Accuracy,Consistent,No preference,8,S,players-cb
28.6,93.2,208,Slice,Forgiveness,Left/Right,Confidence-inspiring,12,R,super-game-improvement
4.8,101.5,240,Straight,Forgiveness,Consistent,Forged/Blade-like,10.5,S,blade
31.4,100.2,212,Slice,Accuracy,Left/Right,Confidence-inspiring,10.5,S,super-game-improvement
16.7,103.6,240,Straight,Accuracy,Inconsistent,Forged/Blade-like,9,S,players-cb
6.5,115.5,265,Straight,Accuracy,Left/Right,Forged/Blade-like,8,X,blade
10.9,113.1,269,Straight,Distance,Left/Right,No preference,8,S,players-cb
9.8,98.1,227,Slice,Forgiveness,Left/Right,Confidence-inspiring,10.5,S,super-game-improvement
5.5,106.1,259,Fade,Accuracy,Consistent,Forged/Blade-like,9,S,blade
17.9,101.6,237,Hook,Forgiveness,Consistent,Confidence-inspiring,10.5,S,game-improvement
5.9,90.5,212,Draw,Forgiveness,Consistent,No preference,12,R,blade
0.0,94.7,214,Fade,Distance,Consistent,Forged/Blade-like,10.5,R,blade
13.6,83.8,193,Fade,Forgiveness,Inconsistent,No preference,10.5,A,super-game-improvement
0.8,104.4,242,Straight,Distance,Left/Right,No preference,9,S,players-cb
10.2,95.7,226,Fade,Forgiveness,Left/Right,Forged/Blade-like,10.5,R,players-cb
8.8,85.7,201,Draw,Accuracy,Consistent,Confidence-inspiring,10.5,R,blade
9.2,101.2,234,Straight,Forgiveness,Left/Right,Forged/Blade-like,10.5,S,players-cb
35.0,81.2,162,Slice,Forgiveness,Inconsistent,Confidence-inspiring,12,A,super-game-improvement
17.5,105.9,253,Hook,Accuracy,Left/Right,Confidence-inspiring,9,S,players-distance
19.2,113.1,253,Draw,Distance,Left/Right,Confidence-inspiring,8,X,players-distance
1.0,109.9,289,Hook,Distance,Fat/Thin,No preference,8,S,players-cb
11.1,91.5,215,Straight,Accuracy,Left/Right,Confidence-inspiring,10.5,R,players-distance
18.9,99.6,230,Fade,Accuracy,Fat/Thin,No preference,9,S,game-improvement
7.8,100.8,240,Straight,Accuracy,Inconsistent,Forged/Blade-like,9,S,players-cb
25.2,86.5,195,Straight,Accuracy,Fat/Thin,No preference,10.5,R,game-improvement
6.2,93.2,233,Draw,Accuracy,Consistent,No preference,10.5,R,players-cb
14.4,91.6,222,Fade,Distance,Left/Right,No preference,10.5,R,players-distance
11.7,96.3,210,Straight,Forgiveness,Left/Right,Confidence-inspiring,10.5,R,game-improvement
18.5,101.5,239,Fade,Forgiveness,Fat/Thin,Confidence-inspiring,10.5,S,game-improvement
11.2,103.5,248,Draw,Accuracy,Left/Right,Confidence-inspiring,9,S,players-distance
14.6,114.3,265,Draw,Accuracy,Inconsistent,Forged/Blade-like,8,X,players-cb
14.9,102.6,253,Straight,Distance,Consistent,Forged/Blade-like,9,S,players-cb
10.4,103.2,259,Hook,Accuracy,Left/Right,Confidence-inspiring,9,S,players-distance
21.4,88.4,208,Slice,Accuracy,Fat/Thin,Confidence-inspiring,12,R,super-game-improvement
19.1,82.6,183,Straight,Forgiveness,Fat/Thin,No preference,10.5,A,game-improvement
16.2,89.3,195,Slice,Accuracy,Fat/Thin,No preference,10.5,R,game-improvement
13.1,90.1,217,Straight,Accuracy,Left/Right,Confidence-inspiring,10.5,R,game-improvement
24.2,65.0,157,Slice,Forgiveness,Left/Right,Forged/Blade-like,10.5,L,super-game-improvement
14.9,85.8,180,Slice,Distance,Left/Right,Forged/Blade-like,10.5,R,players-distance
14.2,112.4,271,Slice,Distance,Left/Right,Confidence-inspiring,9,X,game-improvement
17.9,97.5,221,Straight,Distance,Left/Right,Confidence-inspiring,9,S,super-game-improvement
32.3,80.3,157,Slice,Forgiveness,Left/Right,Confidence-inspiring,12,A,super-game-improvement
4.9,106.7,261,Straight,Accuracy,Left/Right,Forged/Blade-like,9,S,blade
23.9,70.2,165,Draw,Forgiveness,Consistent,Confidence-inspiring,12,A,super-game-improvement
0.0,108.8,263,Hook,Accuracy,Inconsistent,No preference,8,S,players-cb
19.0,105.9,232,Hook,Accuracy,Inconsistent,No preference,10.5,S,players-distance
31.2,83.6,197,Straight,Accuracy,Fat/Thin,No preference,9,A,super-game-improvement
21.4,73.7,160,Slice,Distance,Fat/Thin,Confidence-inspiring,12,A,super-game-improvement
18.5,89.3,214,Fade,Distance,Consistent,Confidence-inspiring,10.5,R,players-cb
12.0,110.6,245,Hook,Forgiveness,Left/Right,Confidence-inspiring,9,X,game-improvement
17.3,96.8,226,Fade,Forgiveness,Inconsistent,No preference,10.5,R,super-game-improvement
14.7,81.8,193,Hook,Distance,Consistent,No preference,12,A,players-cb
9.9,120.0,291,Straight,Forgiveness,Consistent,Forged/Blade-like,9,X,players-cb
14.4,83.7,208,Slice,Forgiveness,Inconsistent,Forged/Blade-like,10.5,A,game-improvement
18.8,90.8,200,Fade,Distance,Left/Right,Confidence-inspiring,10.5,R,game-improvement
10.1,88.8,214,Draw,Distance,Fat/Thin,Forged/Blade-like,10.5,R,players-cb
9.7,89.0,198,Hook,Accuracy,Left/Right,Forged/Blade-like,10.5,R,players-cb
4.8,98.2,224,Slice,Accuracy,Inconsistent,No preference,10.5,S,players-distance
20.5,98.4,218,Slice,Accuracy,Left/Right,Confidence-inspiring,9,R,super-game-improvement
21.9,104.0,238,Slice,Distance,Inconsistent,Confidence-inspiring,9,S,super-game-improvement
19.1,89.2,218,Straight,Accuracy,Fat/Thin,No preference,10.5,R,game-improvement
25.7,78.4,191,Straight,Distance,Inconsistent,Confidence-inspiring,12,A,super-game-improvement
17.8,98.7,223,Straight,Accuracy,Inconsistent,Forged/Blade-like,9,S,players-cb
20.5,97.1,223,Slice,Forgiveness,Inconsistent,No preference,10.5,S,super-game-improvement
19.7,95.0,224,Slice,Accuracy,Left/Right,Forged/Blade-like,10.5,R,players-cb
16.2,97.7,232,Slice,Forgiveness,Fat/Thin,Forged/Blade-like,9,S,game-improvement
12.2,96.6,225,Slice,Accuracy,Inconsistent,Forged/Blade-like,9,R,players-distance
36.0,82.5,176,Straight,Distance,Fat/Thin,Confidence-inspiring,10.5,A,super-game-improvement
12.9,95.4,222,Straight,Forgiveness,Inconsistent,Forged/Blade-like,10.5,R,game-improvement
11.0,109.2,255,Hook,Forgiveness,Left/Right,No preference,10.5,S,players-distance
20.9,114.1,255,Straight,Forgiveness,Fat/Thin,Confidence-inspiring,9,X,super-game-improvement
19.3,94.7,214,Draw,Forgiveness,Inconsistent,No preference,10.5,R,game-improvement
4.4,102.9,244,Draw,Accuracy,Inconsistent,Forged/Blade-like,9,S,blade
27.1,90.1,189,Slice,Forgiveness,Left/Right,Confidence-inspiring,10.5,R,super-game-improvement
16.2,88.4,211,Straight,Accuracy,Left/Right,Confidence-inspiring,10.5,R,game-improvement
7.0,108.9,265,Fade,Accuracy,Consistent,Confidence-inspiring,8,S,players-cb
27.7,91.6,218,Fade,Distance,Inconsistent,No preference,10.5,R,game-improvement
22.6,86.4,197,Slice,Accuracy,Inconsistent,Confidence-inspiring,10.5,R,super-game-improvement
5.6,111.2,263,Fade,Accuracy,Consistent,Forged/Blade-like,8,X,players-cb
33.0,83.7,175,Straight,Forgiveness,Fat/Thin,No preference,10.5,A,super-game-improvement
22.9,80.7,182,Hook,Forgiveness,Left/Right,Confidence-inspiring,12,R,super-game-improvement
16.9,98.0,230,Straight,Distance,Left/Right,Forged/Blade-like,9,S,players-cb
31.3,87.1,187,Slice,Forgiveness,Inconsistent,Confidence-inspiring,10.5,R,game-improvement
18.4,103.1,222,Straight,Accuracy,Left/Right,Confidence-inspiring,9,S,players-distance
16.7,103.0,230,Slice,Distance,Left/Right,No preference,9,S,players-distance
11.1,97.4,229,Hook,Accuracy,Left/Right,Confidence-inspiring,9,S,players-distance
22.2,86.2,201,Fade,Accuracy,Fat/Thin,Forged/Blade-like,9,R,players-distance
21.3,91.5,193,Hook,Forgiveness,Left/Right,No preference,10.5,R,super-game-improvement
17.1,98.0,227,Straight,Forgiveness,Inconsistent,Forged/Blade-like,10.5,S,players-distance
9.9,104.1,248,Fade,Accuracy,Fat/Thin,No preference,9,S,players-distance
18.2,96.6,217,Draw,Forgiveness,Left/Right,Forged/Blade-like,10.5,R,players-distance
16.4,93.9,211,Hook,Forgiveness,Left/Right,No preference,12,R,game-improvement
5.0,112.6,264,Draw,Distance,Inconsistent,No preference,8,X,players-cb
3.8,96.7,235,Draw,Accuracy,Consistent,No preference,9,R,blade
22.1,115.8,271,Slice,Forgiveness,Inconsistent,Confidence-inspiring,9,X,super-game-improvement
0.0,113.6,289,Slice,Forgiveness,Consistent,Forged/Blade-like,9,X,blade
18.8,81.9,177,Slice,Forgiveness,Fat/Thin,Forged/Blade-like,12,A,super-game-improvement
12.7,99.2,230,Draw,Forgiveness,Left/Right,Confidence-inspiring,10.5,S,super-game-improvement
28.8,94.1,186,Fade,Accuracy,Consistent,Confidence-inspiring,10.5,R,game-improvement
12.6,93.9,220,Straight,Accuracy,Left/Right,Forged/Blade-like,10.5,R,players-cb
22.9,75.5,175,Fade,Forgiveness,Inconsistent,No preference,12,A,super-game-improvement
13.4,86.5,216,Slice,Accuracy,Left/Right,Confidence-inspiring,10.5,R,game-improvement
18.0,99.2,211,Draw,Forgiveness,Left/Right,No preference,10.5,S,game-improvement
23.6,72.4,152,Slice,Distance,Fat/Thin,Confidence-inspiring,12,A,super-game-improvement
12.8,82.8,195,Straight,Accuracy,Inconsistent,Forged/Blade-like,10.5,A,players-cb
26.0,93.7,193,Fade,Accuracy,Fat/Thin,Confidence-inspiring,10.5,S,super-game-improvement
8.1,98.3,235,Fade,Accuracy,Consistent,Forged/Blade-like,9,S,players-cb
19.7,85.6,200,Draw,Distance,Inconsistent,Forged/Blade-like,10.5,R,players-cb
25.3,83.8,175,Hook,Distance,Consistent,Confidence-inspiring,10.5,A,game-improvement
22.9,75.7,171,Straight,Accuracy,Fat/Thin,Forged/Blade-like,12,A,game-improvement
34.2,87.6,177,Slice,Accuracy,Left/Right,Confidence-inspiring,10.5,R,super-game-improvement
10.1,91.1,227,Straight,Distance,Inconsistent,No preference,10.5,R,players-distance
4.6,97.5,237,Fade,Accuracy,Left/Right,Confidence-inspiring,9,S,players-distance
8.1,104.0,241,Draw,Accuracy,Consistent,Forged/Blade-like,8,S,players-cb
22.9,87.9,186,Straight,Forgiveness,Consistent,No preference,10.5,R,game-improvement
21.5,84.3,194,Slice,Accuracy,Left/Right,Confidence-inspiring,12,R,super-game-improvement
17.9,73.9,181,Slice,Forgiveness,Inconsistent,Forged/Blade-like,12,A,game-improvement
6.9,105.0,244,Slice,Accuracy,Consistent,Forged/Blade-like,8,S,blade
23.9,90.5,198,Slice,Accuracy,Fat/Thin,Confidence-inspiring,10.5,A,super-game-improvement
6.0,96.7,225,Fade,Accuracy,Left/Right,No preference,9,R,players-distance
27.4,77.0,184,Hook,Distance,Inconsistent,Confidence-inspiring,12,A,super-game-improvement
36.0,81.6,156,Draw,Accuracy,Inconsistent,Confidence-inspiring,12,A,super-game-improvement
20.3,97.0,231,Slice,Forgiveness,Inconsistent,Confidence-inspiring,10.5,S,super-game-improvement
22.2,91.9,203,Fade,Forgiveness,Left/Right,Confidence-inspiring,10.5,R,super-game-improvement
12.6,113.8,265,Slice,Accuracy,Left/Right,No preference,8,X,players-distance
0.7,112.6,272,Straight,Accuracy,Left/Right,No preference,8,S,players-cb
11.6,97.0,230,Slice,Accuracy,Inconsistent,No preference,8,S,players-distance
7.2,108.5,252,Fade,Forgiveness,Fat/Thin,Forged/Blade-like,9,R,players-cb
4.0,103.8,260,Draw,Distance,Inconsistent,No preference,9,S,players-cb
32.5,84.4,192,Slice,Forgiveness,Left/Right,Confidence-inspiring,10.5,R,super-game-improvement
19.5,105.7,232,Straight,Accuracy,Inconsistent,No preference,9,S,players-distance
20.4,83.1,194,Slice,Forgiveness,Left/Right,Confidence-inspiring,10.5,A,game-improvement
14.2,96.6,221,Slice,Accuracy,Left/Right,Confidence-inspiring,9,R,game-improvement
15.4,107.4,249,Slice,Accuracy,Consistent,Forged/Blade-like,9,S,players-cb
25.7,91.6,217,Fade,Distance,Left/Right,Confidence-inspiring,10.5,R,super-game-improvement
16.7,91.0,203,Draw,Accuracy,Consistent,Forged/Blade-like,10.5,R,players-cb
21.8,74.1,175,Draw,Accuracy,Fat/Thin,No preference,12,A,super-game-improvement
15.2,73.0,173,Fade,Accuracy,Inconsistent,Confidence-inspiring,12,A,super-game-improvement
13.9,117.3,271,Slice,Forgiveness,Inconsistent,No preference,8,X,game-improvement
4.3,106.2,259,Draw,Accuracy,Consistent,Forged/Blade-like,9,S,blade
0.0,100.2,248,Draw,Forgiveness,Consistent,No preference,10.5,X,players-cb
14.6,99.6,221,Slice,Distance,Fat/Thin,Confidence-inspiring,9,S,super-game-improvement
17.5,84.6,188,Fade,Distance,Left/Right,Confidence-inspiring,10.5,R,players-distance
5.4,99.0,228,Straight,Distance,Left/Right,Confidence-inspiring,9,S,players-cb
16.7,85.2,193,Fade,Accuracy,Left/Right,No preference,10.5,R,game-improvement
17.5,80.0,196,Slice,Distance,Inconsistent,Forged/Blade-like,12,A,players-distance
0.0,85.0,213,Straight,Accuracy,Fat/Thin,No preference,10.5,R,players-cb
8.8,84.0,186,Straight,Accuracy,Consistent,No preference,10.5,R,players-cb
20.7,102.1,229,Slice,Forgiveness,Left/Right,Confidence-inspiring,8,S,super-game-improvement
20.5,82.2,188,Straight,Accuracy,Left/Right,Confidence-inspiring,10.5,A,super-game-improvement
6.6,106.9,262,Fade,Accuracy,Left/Right,No preference,9,S,players-distance
18.4,103.1,230,Slice,Forgiveness,Fat/Thin,Confidence-inspiring,9,S,game-improvement
26.2,88.3,184,Straight,Accuracy,Left/Right,No preference,10.5,R,super-game-improvement
24.0,86.7,193,Slice,Forgiveness,Left/Right,Confidence-inspiring,10.5,R,super-game-improvement
16.1,96.4,227,Draw,Forgiveness,Fat/Thin,Confidence-inspiring,10.5,R,super-game-improvement
12.8,93.1,219,Straight,Distance,Inconsistent,No preference,10.5,R,players-distance
11.3,110.4,251,Draw,Distance,Inconsistent,Confidence-inspiring,8,X,players-distance
21.2,110.3,265,Slice,Forgiveness,Left/Right,Confidence-inspiring,9,X,super-game-improvement
18.8,107.7,245,Draw,Distance,Left/Right,Forged/Blade-like,9,R,players-cb
22.7,69.0,157,Slice,Accuracy,Inconsistent,Confidence-inspiring,12,L,super-game-improvement
18.2,89.3,198,Fade,Accuracy,Left/Right,Forged/Blade-like,10.5,R,players-cb
24.4,89.4,209,Straight,Forgiveness,Inconsistent,Confidence-inspiring,10.5,R,super-game-improvement
17.9,98.5,231,Fade,Accuracy,Inconsistent,Forged/Blade-like,9,S,players-cb
24.1,72.3,164,Slice,Forgiveness,Fat/Thin,No preference,12,A,super-game-improvement
24.8,71.7,149,Straight,Forgiveness,Fat/Thin,No preference,12,L,game-improvement
9.8,112.4,275,Fade,Accuracy,Fat/Thin,Forged/Blade-like,8,X,players-cb
0.7,99.9,251,Draw,Distance,Consistent,No preference,9,S,blade
30.9,70.1,161,Fade,Forgiveness,Fat/Thin,No preference,12,L,super-game-improvement
19.3,81.8,187,Slice,Accuracy,Inconsistent,No preference,12,A,players-distance
1.6,108.8,264,Slice,Accuracy,Consistent,No preference,8,S,blade
10.6,90.6,212,Straight,Distance,Left/Right,No preference,10.5,R,players-distance
23.9,92.2,227,Slice,Forgiveness,Left/Right,Confidence-inspiring,10.5,R,super-game-improvement
14.5,86.4,196,Slice,Distance,Left/Right,No preference,10.5,S,game-improvement
12.4,80.1,177,Straight,Accuracy,Consistent,Confidence-inspiring,12,A,game-improvement
29.6,100.1,215,Draw,Distance,Fat/Thin,Confidence-inspiring,10.5,S,super-game-improvement
7.6,104.8,245,Hook,Accuracy,Left/Right,No preference,10.5,S,players-cb
9.8,96.0,238,Draw,Accuracy,Consistent,Forged/Blade-like,9,R,players-cb
18.9,87.9,188,Slice,Accuracy,Fat/Thin,Confidence-inspiring,10.5,A,super-game-improvement
20.5,106.7,237,Fade,Forgiveness,Inconsistent,Confidence-inspiring,9,S,game-improvement
21.5,97.3,221,Fade,Distance,Fat/Thin,Forged/Blade-like,9,S,players-distance
25.2,100.3,234,Slice,Accuracy,Left/Right,No preference,10.5,S,game-improvement
18.8,87.4,206,Slice,Distance,Inconsistent,Forged/Blade-like,10.5,R,players-distance
21.4,92.0,222,Straight,Forgiveness,Left/Right,Confidence-inspiring,10.5,R,super-game-improvement
14.7,100.0,235,Slice,Forgiveness,Consistent,No preference,10.5,S,game-improvement
17.6,88.5,201,Slice,Accuracy,Inconsistent,Forged/Blade-like,10.5,R,players-distance
18.0,92.8,220,Hook,Forgiveness,Fat/Thin,Forged/Blade-like,10.5,R,players-distance
18.9,87.3,187,Fade,Accuracy,Left/Right,Confidence-inspiring,10.5,R,game-improvement
24.0,93.7,194,Fade,Distance,Fat/Thin,Confidence-inspiring,10.5,R,super-game-improvement
22.0,77.8,184,Fade,Forgiveness,Fat/Thin,No preference,12,A,super-game-improvement
17.4,99.9,231,Fade,Forgiveness,Left/Right,Confidence-inspiring,10.5,S,super-game-improvement
9.7,102.5,251,Straight,Accuracy,Left/Right,Forged/Blade-like,9,S,players-cb
17.6,92.0,203,Straight,Forgiveness,Fat/Thin,Forged/Blade-like,10.5,R,game-improvement
16.7,99.1,239,Straight,Accuracy,Fat/Thin,Forged/Blade-like,9,S,players-distance
18.7,89.6,210,Straight,Forgiveness,Inconsistent,No preference,10.5,R,super-game-improvement
36.0,74.8,159,Straight,Accuracy,Consistent,Forged/Blade-like,12,A,players-distance
12.3,103.1,243,Draw,Distance,Inconsistent,No preference,9,S,players-distance
20.8,97.7,224,Draw,Forgiveness,Inconsistent,Confidence-inspiring,10.5,S,game-improvement
26.6,82.8,175,Fade,Forgiveness,Fat/Thin,Confidence-inspiring,10.5,A,super-game-improvement
17.9,87.9,198,Slice,Forgiveness,Inconsistent,Forged/Blade-like,10.5,R,game-improvement
36.0,79.7,172,Straight,Forgiveness,Inconsistent,Confidence-inspiring,10.5,A,super-game-improvement
13.6,91.2,208,Straight,Distance,Inconsistent,No preference,10.5,R,game-improvement
19.9,107.7,231,Slice,Distance,Fat/Thin,Confidence-inspiring,8,S,game-improvement
9.8,102.5,245,Slice,Accuracy,Inconsistent,Confidence-inspiring,9,S,game-improvement
13.8,96.8,233,Draw,Forgiveness,Left/Right,No preference,12,R,game-improvement
19.2,83.6,200,Straight,Distance,Fat/Thin,No preference,12,A,game-improvement
24.6,96.7,220,Slice,Distance,Left/Right,No preference,10.5,R,game-improvement
19.9,86.4,204,Straight,Forgiveness,Left/Right,No preference,10.5,R,game-improvement
28.3,80.2,185,Fade,Forgiveness,Left/Right,Confidence-inspiring,12,A,super-game-improvement
16.1,102.8,238,Draw,Forgiveness,Fat/Thin,Forged/Blade-like,9,S,players-distance
14.0,100.4,214,Straight,Distance,Left/Right,Forged/Blade-like,9,R,players-cb
36.0,65.0,149,Fade,Forgiveness,Fat/Thin,Confidence-inspiring,12,L,super-game-improvement
20.5,90.5,197,Fade,Forgiveness,Fat/Thin,No preference,10.5,R,super-game-improvement
10.5,100.1,226,Hook,Accuracy,Inconsistent,Forged/Blade-like,9,S,players-cb
10.8,95.3,214,Fade,Distance,Left/Right,No preference,10.5,A,players-distance
8.5,101.8,264,Slice,Accuracy,Consistent,Confidence-inspiring,9,S,players-cb
25.4,70.6,161,Fade,Forgiveness,Left/Right,Forged/Blade-like,12,L,game-improvement
13.7,68.4,150,Straight,Accuracy,Fat/Thin,Confidence-inspiring,12,L,super-game-improvement
18.1,83.9,186,Straight,Accuracy,Left/Right,Confidence-inspiring,9,A,game-improvement
16.4,97.7,225,Draw,Accuracy,Left/Right,Confidence-inspiring,10.5,S,game-improvement
23.6,65.0,150,Fade,Forgiveness,Inconsistent,Forged/Blade-like,12,L,super-game-improvement
9.4,91.2,218,Straight,Distance,Consistent,No preference,10.5,R,players-cb
7.3,81.8,187,Straight,Accuracy,Fat/Thin,Forged/Blade-like,12,A,players-cb
19.0,90.7,210,Straight,Forgiveness,Left/Right,No preference,10.5,R,game-improvement
22.4,110.3,242,Slice,Distance,Left/Right,Confidence-inspiring,8,X,game-improvement
20.0,90.2,214,Slice,Distance,Left/Right,Confidence-inspiring,10.5,R,super-game-improvement
9.7,98.3,233,Hook,Forgiveness,Consistent,Forged/Blade-like,10.5,S,players-cb
23.1,98.7,214,Slice,Forgiveness,Fat/Thin,Confidence-inspiring,10.5,X,super-game-improvement
10.3,99.2,240,Slice,Accuracy,Left/Right,Confidence-inspiring,10.5,S,game-improvement
12.3,95.5,227,Straight,Distance,Fat/Thin,Confidence-inspiring,10.5,R,game-improvement
8.5,109.5,256,Draw,Distance,Consistent,Forged/Blade-like,8,S,players-cb
28.7,91.2,206,Slice,Forgiveness,Fat/Thin,Confidence-inspiring,10.5,R,super-game-improvement
22.7,93.5,216,Slice,Forgiveness,Fat/Thin,Confidence-inspiring,10.5,A,super-game-improvement
22.4,89.4,212,Fade,Forgiveness,Inconsistent,Confidence-inspiring,10.5,R,super-game-improvement
28.2,83.4,190,Hook,Distance,Inconsistent,No preference,10.5,A,super-game-improvement
36.0,90.7,191,Straight,Distance,Inconsistent,Confidence-inspiring,10.5,R,game-improvement
1.6,101.5,232,Fade,Forgiveness,Inconsistent,Confidence-inspiring,10.5,S,game-improvement
10.4,111.2,264,Straight,Forgiveness,Left/Right,No preference,9,X,players-distance
11.5,87.7,209,Slice,Accuracy,Left/Right,Confidence-inspiring,10.5,R,game-improvement
9.3,114.0,270,Fade,Distance,Left/Right,No preference,8,X,players-cb
7.3,105.8,225,Fade,Accuracy,Consistent,No preference,10.5,S,players-cb
14.3,86.6,207,Draw,Accuracy,Consistent,No preference,10.5,R,players-cb
6.1,106.9,248,Straight,Accuracy,Consistent,No preference,9,S,players-cb
20.0,85.9,201,Slice,Forgiveness,Inconsistent,No preference,10.5,R,super-game-improvement
17.5,94.4,232,Fade,Accuracy,Left/Right,No preference,10.5,R,players-distance
21.3,86.6,193,Slice,Forgiveness,Left/Right,Confidence-inspiring,10.5,R,super-game-improvement
21.6,90.0,207,Slice,Forgiveness,Left/Right,Confidence-inspiring,10.5,R,super-game-improvement
22.4,100.2,226,Fade,Forgiveness,Fat/Thin,Confidence-inspiring,10.5,S,super-game-improvement
13.6,101.9,242,Fade,Accuracy,Inconsistent,Forged/Blade-like,9,S,players-cb
36.0,70.3,150,Straight,Distance,Fat/Thin,Confidence-inspiring,12,L,super-game-improvement
19.1,82.3,183,Fade,Distance,Consistent,Confidence-inspiring,10.5,L,game-improvement
0.2,108.6,258,Straight,Forgiveness,Left/Right,No preference,9,S,players-cb
8.0,104.0,262,Draw,Distance,Fat/Thin,No preference,9,S,players-cb
1.3,98.4,244,Fade,Distance,Inconsistent,Forged/Blade-like,9,S,blade
17.2,110.2,260,Draw,Forgiveness,Consistent,Forged/Blade-like,10.5,X,players-cb
15.9,103.3,242,Hook,Forgiveness,Left/Right,No preference,9,R,game-improvement
12.8,91.0,221,Draw,Accuracy,Left/Right,Confidence-inspiring,10.5,R,game-improvement
35.1,74.9,152,Slice,Distance,Left/Right,Confidence-inspiring,12,A,super-game-improvement
21.9,88.8,201,Straight,Forgiveness,Left/Right,Confidence-inspiring,12,R,super-game-improvement
23.5,86.7,199,Straight,Accuracy,Inconsistent,Confidence-inspiring,10.5,R,super-game-improvement
8.6,112.7,279,Draw,Distance,Consistent,Confidence-inspiring,8,X,players-cb
8.0,110.4,287,Fade,Accuracy,Left/Right,Forged/Blade-like,8,X,blade
17.3,94.6,221,Straight,Accuracy,Left/Right,Confidence-inspiring,10.5,R,game-improvement
18.6,100.1,223,Slice,Accuracy,Left/Right,Confidence-inspiring,9,S,game-improvement
0.3,114.0,268,Straight,Distance,Consistent,Forged/Blade-like,8,S,blade
15.4,96.1,214,Fade,Accuracy,Inconsistent,Forged/Blade-like,9,R,blade
17.1,98.4,219,Fade,Accuracy,Left/Right,Confidence-inspiring,9,S,game-improvement
15.1,101.7,209,Draw,Distance,Inconsistent,No preference,9,S,players-distance
9.7,104.3,240,Draw,Distance,Consistent,Forged/Blade-like,9,S,players-cb
12.1,90.0,217,Fade,Accuracy,Left/Right,Forged/Blade-like,10.5,R,players-cb
15.4,88.8,206,Slice,Forgiveness,Left/Right,Confidence-inspiring,10.5,R,super-game-improvement
17.8,91.0,206,Straight,Distance,Left/Right,Confidence-inspiring,9,R,game-improvement
22.4,83.7,174,Slice,Forgiveness,Left/Right,Confidence-inspiring,10.5,A,super-game-improvement
26.7,73.1,171,Straight,Forgiveness,Left/Right,Confidence-inspiring,12,A,super-game-improvement
14.4,103.0,244,Slice,Distance,Fat/Thin,No preference,9,S,game-improvement
12.9,100.7,235,Fade,Accuracy,Fat/Thin,Confidence-inspiring,9,S,super-game-improvement
20.9,78.4,158,Draw,Forgiveness,Fat/Thin,No preference,12,A,game-improvement
22.5,88.3,194,Hook,Forgiveness,Left/Right,Confidence-inspiring,10.5,R,super-game-improvement
13.1,95.2,226,Straight,Forgiveness,Inconsistent,Confidence-inspiring,10.5,R,super-game-improvement
24.1,91.4,204,Slice,Accuracy,Fat/Thin,Confidence-inspiring,10.5,R,super-game-improvement
25.8,77.6,174,Hook,Distance,Left/Right,Confidence-inspiring,12,A,game-improvement
28.6,73.0,166,Slice,Accuracy,Inconsistent,Confidence-inspiring,12,A,super-game-improvement
33.0,88.8,193,Straight,Forgiveness,Inconsistent,Confidence-inspiring,10.5,R,super-game-improvement
9.2,84.4,206,Fade,Distance,Inconsistent,Forged/Blade-like,10.5,R,players-cb
17.1,92.0,204,Straight,Accuracy,Inconsistent,No preference,10.5,R,game-improvement
17.1,91.1,198,Fade,Distance,Fat/Thin,No preference,10.5,R,game-improvement
16.1,93.8,221,Straight,Accuracy,Inconsistent,Forged/Blade-like,10.5,R,players-cb
11.2,100.9,243,Straight,Accuracy,Left/Right,No preference,9,R,players-distance
3.6,119.5,294,Draw,Accuracy,Consistent,Forged/Blade-like,8,X,blade
17.8,77.9,180,Fade,Accuracy,Left/Right,No preference,12,A,game-improvement
10.1,107.9,252,Straight,Accuracy,Left/Right,No preference,9,S,players-cb
17.8,68.8,159,Slice,Forgiveness,Fat/Thin,Forged/Blade-like,12,L,super-game-improvement
9.9,113.2,271,Draw,Accuracy,Inconsistent,Forged/Blade-like,8,S,players-cb
7.1,80.7,197,Slice,Accuracy,Consistent,Forged/Blade-like,12,A,players-cb
19.1,117.4,291,Draw,Distance,Inconsistent,No preference,8,X,players-distance
18.4,89.6,196,Draw,Forgiveness,Inconsistent,No preference,10.5,R,game-improvement
22.2,103.8,263,Draw,Forgiveness,Fat/Thin,Confidence-inspiring,9,S,super-game-improvement
36.0,92.4,185,Straight,Forgiveness,Inconsistent,Confidence-inspiring,9,R,super-game-improvement
19.5,88.4,205,Slice,Distance,Left/Right,Confidence-inspiring,10.5,R,game-improvement
21.4,87.9,188,Slice,Accuracy,Fat/Thin,No preference,10.5,R,super-game-improvement
7.3,92.7,224,Straight,Distance,Consistent,Forged/Blade-like,10.5,R,players-cb
5.4,110.2,273,Straight,Forgiveness,Left/Right,No preference,9,S,players-cb
31.2,80.5,175,Straight,Distance,Fat/Thin,Confidence-inspiring,12,A,game-improvement
8.7,91.9,227,Fade,Distance,Consistent,Forged/Blade-like,10.5,R,players-cb
7.6,106.2,249,Hook,Accuracy,Consistent,No preference,9,S,players-cb
16.6,85.7,179,Draw,Forgiveness,Fat/Thin,Confidence-inspiring,10.5,R,super-game-improvement
16.2,91.7,217,Slice,Distance,Fat/Thin,No preference,10.5,R,game-improvement
8.9,101.0,240,Slice,Forgiveness,Consistent,Forged/Blade-like,10.5,S,players-cb
14.3,89.9,204,Fade,Forgiveness,Fat/Thin,Confidence-inspiring,10.5,R,super-game-improvement
28.1,82.0,176,Slice,Distance,Left/Right,Confidence-inspiring,10.5,A,super-game-improvement
9.7,114.8,275,Straight,Accuracy,Consistent,Forged/Blade-like,8,X,players-cb
4.5,100.9,236,Slice,Distance,Inconsistent,Confidence-inspiring,9,S,players-distance
25.5,85.1,192,Straight,Distance,Inconsistent,Confidence-inspiring,10.5,R,super-game-improvement
21.4,89.7,213,Slice,Forgiveness,Inconsistent,Confidence-inspiring,10.5,R,game-improvement
11.4,102.8,260,Slice,Accuracy,Inconsistent,Forged/Blade-like,9,S,players-cb
2.8,93.8,240,Fade,Accuracy,Consistent,Confidence-inspiring,12,R,players-cb
10.3,103.3,245,Fade,Forgiveness,Consistent,Confidence-inspiring,9,S,players-distance
16.5,97.3,226,Slice,Distance,Inconsistent,No preference,9,S,game-improvement
27.5,69.4,149,Fade,Accuracy,Inconsistent,Confidence-inspiring,12,L,game-improvement
7.7,118.7,278,Draw,Accuracy,Consistent,Forged/Blade-like,8,X,players-cb
16.2,109.6,260,Fade,Forgiveness,Inconsistent,Confidence-inspiring,9,S,game-improvement
23.1,82.3,182,Fade,Distance,Inconsistent,Forged/Blade-like,10.5,A,game-improvement
0.0,94.8,236,Straight,Accuracy,Consistent,Forged/Blade-like,10.5,S,blade
26.3,90.4,191,Hook,Forgiveness,Consistent,Confidence-inspiring,12,R,game-improvement
6.4,87.4,221,Fade,Forgiveness,Fat/Thin,No preference,10.5,S,game-improvement
20.0,106.0,238,Slice,Forgiveness,Inconsistent,Confidence-inspiring,9,S,super-game-improvement
19.2,88.3,211,Draw,Distance,Left/Right,Confidence-inspiring,10.5,S,game-improvement
26.8,104.0,223,Hook,Forgiveness,Fat/Thin,Confidence-inspiring,10.5,R,super-game-improvement
22.0,82.8,180,Draw,Forgiveness,Inconsistent,Confidence-inspiring,10.5,A,super-game-improvement
0.0,104.9,269,Draw,Accuracy,Consistent,No preference,9,S,blade
9.9,111.9,259,Fade,Accuracy,Left/Right,Confidence-inspiring,8,X,players-distance
18.2,90.4,193,Fade,Accuracy,Left/Right,Forged/Blade-like,10.5,R,blade
15.2,98.4,218,Straight,Accuracy,Consistent,Confidence-inspiring,8,X,players-distance
21.3,102.4,239,Straight,Forgiveness,Left/Right,Confidence-inspiring,9,S,game-improvement
24.1,84.1,195,Hook,Forgiveness,Fat/Thin,Confidence-inspiring,10.5,R,super-game-improvement
22.5,78.1,169,Slice,Forgiveness,Left/Right,Confidence-inspiring,12,A,super-game-improvement
15.1,81.1,182,Straight,Accuracy,Inconsistent,Forged/Blade-like,12,A,players-distance
0.4,111.6,279,Fade,Accuracy,Fat/Thin,No preference,8,X,players-cb
12.9,101.1,248,Fade,Accuracy,Inconsistent,Forged/Blade-like,9,R,players-cb
20.7,102.5,231,Slice,Forgiveness,Inconsistent,Confidence-inspiring,8,S,super-game-improvement
7.2,98.4,240,Draw,Accuracy,Consistent,No preference,9,S,players-cb
22.7,76.3,179,Slice,Forgiveness,Fat/Thin,Confidence-inspiring,12,A,super-game-improvement
25.2,65.3,165,Slice,Forgiveness,Left/Right,No preference,12,A,super-game-improvement
18.1,120.0,264,Fade,Accuracy,Inconsistent,Forged/Blade-like,8,X,blade
0.0,111.3,267,Hook,Accuracy,Consistent,Forged/Blade-like,8,X,players-cb
5.5,103.6,244,Straight,Distance,Consistent,Forged/Blade-like,9,S,blade
34.0,85.7,191,Straight,Forgiveness,Inconsistent,No preference,10.5,R,super-game-improvement
12.1,83.5,193,Draw,Distance,Inconsistent,Confidence-inspiring,10.5,A,game-improvement
0.0,98.1,243,Straight,Distance,Consistent,Confidence-inspiring,9,S,players-cb
28.1,104.3,230,Draw,Accuracy,Left/Right,Confidence-inspiring,10.5,S,game-improvement
17.1,101.0,232,Slice,Forgiveness,Inconsistent,Forged/Blade-like,10.5,R,game-improvement
26.9,80.1,178,Straight,Forgiveness,Left/Right,Confidence-inspiring,12,A,super-game-improvement
19.5,80.5,192,Draw,Distance,Inconsistent,Confidence-inspiring,12,A,game-improvement
21.1,86.5,187,Straight,Accuracy,Fat/Thin,No preference,10.5,R,game-improvement
20.3,89.0,200,Draw,Forgiveness,Inconsistent,Forged/Blade-like,10.5,R,game-improvement
23.3,110.6,237,Straight,Accuracy,Fat/Thin,Confidence-inspiring,8,X,super-game-improvement
36.0,79.6,171,Slice,Distance,Fat/Thin,Confidence-inspiring,12,A,super-game-improvement
25.7,76.6,168,Hook,Accuracy,Fat/Thin,Confidence-inspiring,12,R,super-game-improvement
2.8,103.5,261,Draw,Accuracy,Consistent,Forged/Blade-like,9,S,blade
21.0,94.4,213,Straight,Forgiveness,Fat/Thin,No preference,10.5,R,super-game-improvement
27.3,74.6,160,Fade,Accuracy,Left/Right,Confidence-inspiring,12,A,game-improvement
27.8,91.1,198,Draw,Accuracy,Inconsistent,Confidence-inspiring,10.5,R,super-game-improvement
13.2,109.1,270,Straight,Distance,Fat/Thin,No preference,8,S,players-distance
27.5,88.7,181,Straight,Forgiveness,Left/Right,Confidence-inspiring,9,R,super-game-improvement
25.3,80.8,174,Hook,Forgiveness,Fat/Thin,No preference,12,R,super-game-improvement
36.0,76.2,162,Slice,Forgiveness,Fat/Thin,No preference,12,A,game-improvement
10.2,82.5,189,Hook,Forgiveness,Left/Right,No preference,10.5,A,players-distance
12.4,96.2,229,Fade,Accuracy,Inconsistent,Forged/Blade-like,9,R,players-cb
14.2,99.5,231,Slice,Forgiveness,Inconsistent,Confidence-inspiring,10.5,S,super-game-improvement
12.6,88.5,209,Straight,Forgiveness,Fat/Thin,No preference,10.5,R,super-game-improvement
9.0,119.3,284,Straight,Accuracy,Fat/Thin,Forged/Blade-like,8,X,players-cb
0.0,113.9,278,Draw,Accuracy,Left/Right,Forged/Blade-like,8,X,blade
13.1,79.2,173,Draw,Accuracy,Fat/Thin,No preference,12,A,game-improvement
20.3,74.5,170,Slice,Forgiveness,Fat/Thin,Confidence-inspiring,12,A,super-game-improvement
12.6,87.6,189,Fade,Forgiveness,Inconsistent,Confidence-inspiring,9,R,super-game-improvement
34.4,98.3,204,Straight,Forgiveness,Left/Right,Confidence-inspiring,10.5,S,super-game-improvement
17.1,103.3,242,Straight,Distance,Inconsistent,No preference,9,S,players-distance
28.6,102.8,236,Draw,Forgiveness,Inconsistent,Confidence-inspiring,10.5,S,super-game-improvement
19.4,92.9,233,Hook,Accuracy,Inconsistent,No preference,10.5,S,players-distance
24.4,87.3,191,Slice,Forgiveness,Inconsistent,Confidence-inspiring,10.5,R,super-game-improvement
19.5,80.3,175,Straight,Distance,Fat/Thin,Confidence-inspiring,12,A,game-improvement
29.3,89.6,201,Slice,Forgiveness,Left/Right,Confidence-inspiring,10.5,R,super-game-improvement
17.5,92.1,228,Slice,Distance,Left/Right,No preference,10.5,S,game-improvement
21.5,89.0,215,Straight,Distance,Left/Right,No preference,10.5,R,game-improvement
20.3,108.4,236,Draw,Forgiveness,Fat/Thin,Forged/Blade-like,9,S,game-improvement
14.4,94.9,219,Straight,Accuracy,Inconsistent,Forged/Blade-like,10.5,R,players-cb
20.6,105.3,246,Hook,Forgiveness,Consistent,No preference,9,S,players-distance
36.0,65.6,148,Fade,Forgiveness,Inconsistent,Confidence-inspiring,12,L,super-game-improvement
14.6,120.0,284,Slice,Accuracy,Left/Right,Confidence-inspiring,8,X,game-improvement
20.8,88.1,195,Slice,Accuracy,Left/Right,No preference,10.5,R,game-improvement
28.3,93.8,211,Slice,Forgiveness,Inconsistent,Confidence-inspiring,10.5,R,super-game-improvement
27.3,96.1,220,Fade,Distance,Inconsistent,No preference,10.5,R,game-improvement
17.1,89.4,197,Slice,Forgiveness,Fat/Thin,No preference,10.5,S,super-game-improvement
0.0,114.2,292,Straight,Accuracy,Consistent,No preference,8,X,blade
21.7,100.0,234,Slice,Forgiveness,Fat/Thin,No preference,10.5,S,super-game-improvement
0.0,98.9,236,Fade,Accuracy,Consistent,Confidence-inspiring,8,S,players-cb
30.2,78.5,179,Fade,Accuracy,Inconsistent,Confidence-inspiring,12,A,super-game-improvement
18.5,93.9,222,Draw,Distance,Inconsistent,No preference,10.5,R,players-distance
26.0,87.2,201,Straight,Accuracy,Inconsistent,Confidence-inspiring,10.5,R,super-game-improvement
8.9,113.9,284,Hook,Distance,Consistent,No preference,8,X,players-cb
3.0,111.0,269,Hook,Accuracy,Left/Right,No preference,8,X,players-cb
19.3,92.2,213,Fade,Forgiveness,Left/Right,No preference,12,R,game-improvement
16.7,100.7,208,Straight,Accuracy,Inconsistent,Forged/Blade-like,9,S,players-cb
12.6,77.0,190,Slice,Forgiveness,Left/Right,Forged/Blade-like,12,A,game-improvement
17.8,87.7,210,Straight,Distance,Consistent,No preference,10.5,R,players-cb
36.0,84.4,192,Draw,Forgiveness,Inconsistent,Confidence-inspiring,10.5,R,super-game-improvement
24.5,100.5,216,Straight,Forgiveness,Left/Right,No preference,10.5,S,super-game-improvement
26.4,90.0,208,Draw,Distance,Left/Right,Confidence-inspiring,10.5,R,players-distance
24.6,103.9,241,Draw,Forgiveness,Left/Right,Forged/Blade-like,10.5,S,players-distance
30.3,94.1,199,Slice,Distance,Left/Right,No preference,10.5,R,super-game-improvement
15.3,90.7,219,Fade,Forgiveness,Inconsistent,No preference,10.5,R,super-game-improvement
0.0,104.6,260,Fade,Distance,Left/Right,Forged/Blade-like,9,S,blade
15.3,99.7,215,Slice,Accuracy,Inconsistent,Forged/Blade-like,10.5,S,players-distance
24.3,85.0,195,Straight,Forgiveness,Fat/Thin,Confidence-inspiring,10.5,R,super-game-improvement
8.3,115.7,268,Fade,Accuracy,Consistent,Forged/Blade-like,8,X,players-cb
15.4,84.4,180,Slice,Distance,Fat/Thin,No preference,10.5,R,super-game-improvement
10.8,101.8,243,Straight,Forgiveness,Inconsistent,Forged/Blade-like,10.5,S,players-distance
30.5,92.6,201,Slice,Forgiveness,Inconsistent,No preference,10.5,R,super-game-improvement
23.7,86.7,207,Straight,Forgiveness,Inconsistent,Confidence-inspiring,10.5,A,super-game-improvement
22.9,85.0,192,Hook,Distance,Fat/Thin,Confidence-inspiring,10.5,R,super-game-improvement
22.6,89.9,209,Fade,Accuracy,Inconsistent,Confidence-inspiring,10.5,R,super-game-improvement
16.7,102.8,241,Straight,Distance,Left/Right,Confidence-inspiring,8,S,players-distance
18.8,88.2,210,Fade,Distance,Left/Right,No preference,10.5,R,players-cb
6.3,91.0,210,Fade,Distance,Fat/Thin,Forged/Blade-like,10.5,R,players-cb
0.0,117.5,290,Draw,Distance,Inconsistent,No preference,8,X,players-distance
18.4,97.5,221,Fade,Accuracy,Consistent,Confidence-inspiring,9,S,players-distance
19.9,102.5,239,Slice,Distance,Consistent,No preference,9,S,players-cb
27.9,94.6,210,Slice,Forgiveness,Fat/Thin,Confidence-inspiring,10.5,R,super-game-improvement
31.1,106.7,226,Hook,Accuracy,Fat/Thin,Confidence-inspiring,10.5,S,super-game-improvement
31.1,96.0,205,Draw,Forgiveness,Left/Right,No preference,10.5,R,game-improvement
8.0,93.3,237,Draw,Forgiveness,Consistent,Confidence-inspiring,10.5,R,players-distance
13.8,101.3,220,Draw,Accuracy,Left/Right,No preference,9,S,players-distance
21.3,85.9,200,Hook,Accuracy,Left/Right,No preference,10.5,R,game-improvement
36.0,77.0,175,Fade,Accuracy,Fat/Thin,Confidence-inspiring,12,A,super-game-improvement
30.3,71.3,160,Slice,Accuracy,Inconsistent,Confidence-inspiring,12,L,super-game-improvement
27.1,84.7,205,Slice,Forgiveness,Fat/Thin,No preference,10.5,S,super-game-improvement
13.5,102.3,247,Fade,Forgiveness,Left/Right,No preference,8,S,game-improvement
9.1,99.2,238,Straight,Forgiveness,Inconsistent,No preference,10.5,S,game-improvement
24.1,78.6,171,Slice,Accuracy,Fat/Thin,Confidence-inspiring,12,A,super-game-improvement
7.1,85.9,209,Straight,Accuracy,Left/Right,Forged/Blade-like,10.5,R,players-cb
14.9,117.0,277,Straight,Accuracy,Left/Right,No preference,8,X,players-distance
16.0,98.4,227,Slice,Accuracy,Fat/Thin,Confidence-inspiring,10.5,S,super-game-improvement
31.3,76.5,159,Fade,Forgiveness,Inconsistent,Confidence-inspiring,12,A,super-game-improvement
13.8,101.2,225,Fade,Distance,Inconsistent,Forged/Blade-like,9,S,players-cb
0.0,120.0,296,Straight,Accuracy,Consistent,Forged/Blade-like,8,X,blade
21.5,97.6,207,Hook,Forgiveness,Fat/Thin,No preference,10.5,S,super-game-improvement
10.7,70.9,163,Draw,Distance,Left/Right,Confidence-inspiring,12,L,super-game-improvement
17.4,120.0,253,Draw,Forgiveness,Inconsistent,Confidence-inspiring,9,X,super-game-improvement
16.2,76.5,184,Straight,Accuracy,Left/Right,Confidence-inspiring,12,A,game-improvement
14.5,94.1,229,Draw,Accuracy,Fat/Thin,Forged/Blade-like,10.5,R,players-cb
24.1,78.3,176,Fade,Forgiveness,Fat/Thin,Confidence-inspiring,12,A,super-game-improvement
3.2,96.4,250,Draw,Forgiveness,Inconsistent,No preference,10.5,R,players-distance
12.3,100.5,247,Straight,Accuracy,Left/Right,Confidence-inspiring,10.5,S,players-distance
23.2,69.5,160,Straight,Accuracy,Inconsistent,Confidence-inspiring,12,L,super-game-improvement
11.5,97.3,227,Slice,Forgiveness,Left/Right,Forged/Blade-like,10.5,S,players-distance
2.5,115.8,278,Straight,Distance,Consistent,Forged/Blade-like,8,X,blade
23.0,81.9,189,Hook,Accuracy,Fat/Thin,Confidence-inspiring,12,A,super-game-improvement
27.1,73.7,161,Slice,Distance,Fat/Thin,Forged/Blade-like,12,A,game-improvement
16.6,93.3,220,Draw,Forgiveness,Left/Right,Confidence-inspiring,10.5,R,super-game-improvement
0.0,102.6,257,Straight,Distance,Inconsistent,No preference,9,S,players-cb
23.4,84.1,186,Slice,Distance,Fat/Thin,Confidence-inspiring,10.5,R,super-game-improvement
2.1,92.7,235,Draw,Accuracy,Left/Right,Forged/Blade-like,10.5,R,blade
19.8,97.7,220,Draw,Accuracy,Left/Right,Forged/Blade-like,9,S,players-cb
9.0,105.8,251,Fade,Forgiveness,Inconsistent,Forged/Blade-like,9,S,players-cb
6.6,90.9,209,Draw,Forgiveness,Left/Right,Forged/Blade-like,10.5,R,players-cb
13.0,87.9,203,Hook,Distance,Left/Right,Confidence-inspiring,10.5,R,game-improvement
15.4,96.9,243,Draw,Accuracy,Left/Right,No preference,9,R,players-distance
11.2,88.7,200,Draw,Distance,Fat/Thin,Confidence-inspiring,10.5,R,players-distance
22.3,92.6,212,Slice,Forgiveness,Fat/Thin,No preference,10.5,S,game-improvement
13.0,111.8,257,Fade,Accuracy,Fat/Thin,Forged/Blade-like,8,S,players-cb
25.8,87.9,175,Straight,Forgiveness,Inconsistent,Confidence-inspiring,10.5,R,super-game-improvement
19.5,80.6,188,Fade,Forgiveness,Fat/Thin,No preference,10.5,A,super-game-improvement
10.7,102.6,236,Straight,Distance,Inconsistent,No preference,9,S,players-cb
9.2,98.0,235,Straight,Accuracy,Inconsistent,Forged/Blade-like,9,S,players-cb
2.2,103.0,259,Fade,Distance,Left/Right,No preference,9,S,players-cb
19.6,97.4,224,Fade,Accuracy,Fat/Thin,Forged/Blade-like,9,S,players-distance
13.8,103.5,244,Straight,Accuracy,Left/Right,Confidence-inspiring,10.5,S,players-distance
0.0,106.4,253,Straight,Distance,Fat/Thin,Forged/Blade-like,9,S,blade
12.2,97.1,234,Fade,Distance,Left/Right,Forged/Blade-like,9,S,players-cb
8.9,120.0,283,Straight,Accuracy,Consistent,No preference,9,X,players-cb
31.2,96.8,192,Hook,Forgiveness,Consistent,Confidence-inspiring,10.5,R,super-game-improvement
1.7,113.2,283,Straight,Accuracy,Inconsistent,Forged/Blade-like,8,X,blade
4.0,104.6,263,Straight,Forgiveness,Consistent,Forged/Blade-like,9,S,blade
27.0,77.6,185,Slice,Distance,Inconsistent,Confidence-inspiring,12,A,super-game-improvement
29.2,97.4,233,Slice,Forgiveness,Left/Right,Confidence-inspiring,10.5,S,super-game-improvement
10.3,100.4,244,Draw,Forgiveness,Consistent,No preference,10.5,S,players-cb
11.3,92.5,222,Slice,Accuracy,Consistent,Confidence-inspiring,10.5,R,players-distance
22.5,88.3,208,Fade,Forgiveness,Left/Right,Confidence-inspiring,10.5,S,super-game-improvement
0.0,96.3,228,Fade,Forgiveness,Consistent,No preference,10.5,R,players-cb
0.2,116.4,270,Draw,Distance,Inconsistent,Forged/Blade-like,8,X,blade
14.5,103.0,235,Fade,Forgiveness,Fat/Thin,Confidence-inspiring,9,S,super-game-improvement
30.9,86.8,200,Draw,Forgiveness,Fat/Thin,Forged/Blade-like,10.5,R,super-game-improvement
13.1,96.7,220,Fade,Accuracy,Consistent,Confidence-inspiring,9,R,game-improvement
17.9,87.0,203,Fade,Forgiveness,Left/Right,No preference,10.5,R,players-distance
27.2,66.2,151,Slice,Accuracy,Left/Right,Confidence-inspiring,12,L,super-game-improvement
36.0,67.4,145,Slice,Accuracy,Inconsistent,Confidence-inspiring,12,A,game-improvement
11.8,90.5,201,Fade,Distance,Left/Right,Confidence-inspiring,10.5,R,players-distance
16.8,85.6,200,Slice,Distance,Consistent,Confidence-inspiring,12,R,players-distance
33.4,86.2,181,Draw,Forgiveness,Fat/Thin,Confidence-inspiring,10.5,R,super-game-improvement
3.3,111.9,286,Straight,Distance,Left/Right,Forged/Blade-like,8,X,blade
26.2,86.9,203,Slice,Accuracy,Fat/Thin,Confidence-inspiring,12,R,game-improvement
7.8,114.8,270,Fade,Accuracy,Fat/Thin,No preference,8,X,players-distance
17.9,86.0,213,Draw,Accuracy,Left/Right,Confidence-inspiring,10.5,R,game-improvement
14.8,94.6,222,Fade,Distance,Left/Right,Confidence-inspiring,10.5,R,game-improvement
8.4,99.8,222,Straight,Forgiveness,Consistent,Forged/Blade-like,9,R,players-cb
8.2,111.3,264,Draw,Distance,Consistent,No preference,8,X,blade
19.5,93.8,228,Fade,Accuracy,Left/Right,Forged/Blade-like,10.5,A,players-cb
26.0,89.7,191,Straight,Forgiveness,Left/Right,Confidence-inspiring,10.5,R,super-game-improvement
15.8,78.7,181,Straight,Forgiveness,Left/Right,Forged/Blade-like,12,A,game-improvement
17.6,85.0,183,Straight,Distance,Left/Right,Confidence-inspiring,10.5,R,game-improvement
22.1,101.9,219,Draw,Forgiveness,Inconsistent,No preference,10.5,S,super-game-improvement
8.3,79.6,182,Fade,Accuracy,Consistent,No preference,12,A,players-cb
23.7,103.3,220,Straight,Distance,Fat/Thin,Confidence-inspiring,9,S,super-game-improvement
24.4,94.4,205,Slice,Distance,Consistent,No preference,10.5,S,players-distance
36.0,74.0,173,Slice,Distance,Fat/Thin,Forged/Blade-like,12,A,super-game-improvement
13.6,88.4,205,Slice,Distance,Inconsistent,Confidence-inspiring,10.5,R,super-game-improvement
12.9,116.2,278,Slice,Accuracy,Fat/Thin,No preference,8,X,game-improvement
23.9,103.9,242,Slice,Accuracy,Fat/Thin,Confidence-inspiring,9,S,super-game-improvement
24.4,88.2,187,Slice,Forgiveness,Inconsistent,No preference,9,R,super-game-improvement
12.2,99.0,224,Straight,Distance,Consistent,No preference,9,S,players-cb
13.4,90.4,217,Fade,Forgiveness,Left/Right,Confidence-inspiring,10.5,R,game-improvement
21.9,92.5,203,Draw,Forgiveness,Inconsistent,No preference,10.5,R,super-game-improvement
9.6,92.7,225,Straight,Distance,Consistent,Confidence-inspiring,10.5,R,players-cb
13.3,96.2,239,Slice,Accuracy,Left/Right,Confidence-inspiring,9,R,game-improvement
17.8,112.0,243,Straight,Forgiveness,Fat/Thin,No preference,9,X,game-improvement
26.0,87.4,190,Slice,Forgiveness,Inconsistent,No preference,10.5,R,super-game-improvement
11.6,87.6,204,Fade,Forgiveness,Consistent,Forged/Blade-like,10.5,R,players-cb
0.4,92.1,221,Straight,Accuracy,Fat/Thin,No preference,10.5,R,blade
0.0,107.3,257,Straight,Accuracy,Inconsistent,Forged/Blade-like,9,S,blade
5.7,94.5,222,Straight,Forgiveness,Consistent,Confidence-inspiring,10.5,R,players-distance
5.2,104.9,252,Draw,Distance,Fat/Thin,Confidence-inspiring,9,S,players-cb
15.6,79.2,184,Slice,Distance,Inconsistent,No preference,12,A,game-improvement
6.3,108.6,268,Fade,Accuracy,Consistent,No preference,8,X,players-cb
10.7,88.1,207,Fade,Forgiveness,Consistent,Forged/Blade-like,10.5,A,players-cb
10.0,99.7,245,Fade,Forgiveness,Fat/Thin,Forged/Blade-like,10.5,S,players-distance
13.0,93.8,214,Draw,Forgiveness,Inconsistent,Confidence-inspiring,10.5,R,super-game-improvement
28.9,103.5,216,Fade,Forgiveness,Inconsistent,Confidence-inspiring,10.5,S,super-game-improvement
23.0,92.1,204,Fade,Forgiveness,Inconsistent,Confidence-inspiring,10.5,R,super-game-improvement
17.1,113.8,265,Fade,Accuracy,Left/Right,Forged/Blade-like,8,X,players-cb
12.9,102.8,248,Slice,Distance,Fat/Thin,Confidence-inspiring,9,R,game-improvement
13.1,111.3,273,Straight,Accuracy,Inconsistent,Confidence-inspiring,8,X,game-improvement
19.9,90.4,208,Draw,Forgiveness,Inconsistent,No preference,10.5,A,players-distance
22.3,94.3,219,Slice,Forgiveness,Inconsistent,Forged/Blade-like,9,S,game-improvement
8.8,112.2,278,Fade,Accuracy,Inconsistent,No preference,8,X,players-distance
17.3,103.3,230,Draw,Distance,Left/Right,No preference,9,S,players-distance
0.0,111.3,271,Straight,Accuracy,Fat/Thin,No preference,8,X,players-cb
18.9,89.9,230,Fade,Distance,Fat/Thin,No preference,10.5,A,game-improvement
23.9,88.2,205,Straight,Accuracy,Left/Right,No preference,10.5,R,game-improvement
14.5,107.5,254,Straight,Accuracy,Left/Right,Forged/Blade-like,9,S,players-cb
33.3,96.8,216,Draw,Distance,Fat/Thin,Confidence-inspiring,10.5,S,super-game-improvement
9.1,93.9,210,Fade,Accuracy,Consistent,Forged/Blade-like,10.5,A,players-cb
19.0,85.6,189,Slice,Accuracy,Consistent,No preference,10.5,R,players-distance
16.7,85.6,188,Hook,Distance,Inconsistent,Confidence-inspiring,10.5,R,game-improvement
16.1,103.3,242,Slice,Forgiveness,Inconsistent,Confidence-inspiring,9,S,super-game-improvement
16.0,85.8,195,Slice,Accuracy,Left/Right,Forged/Blade-like,10.5,R,players-cb
18.0,101.9,234,Slice,Forgiveness,Fat/Thin,Forged/Blade-like,10.5,S,game-improvement
24.6,94.7,208,Slice,Distance,Fat/Thin,Confidence-inspiring,10.5,A,game-improvement
29.4,80.6,162,Straight,Distance,Left/Right,Forged/Blade-like,12,A,game-improvement
17.0,110.1,261,Slice,Forgiveness,Consistent,Forged/Blade-like,9,X,players-cb
24.3,74.9,151,Straight,Accuracy,Inconsistent,Confidence-inspiring,12,A,super-game-improvement
10.7,115.3,265,Straight,Forgiveness,Inconsistent,No preference,9,X,players-distance
23.9,92.9,196,Slice,Forgiveness,Inconsistent,Confidence-inspiring,10.5,R,super-game-improvement
10.1,78.4,177,Straight,Forgiveness,Left/Right,Confidence-inspiring,12,A,super-game-improvement
26.8,103.7,231,Slice,Accuracy,Fat/Thin,Confidence-inspiring,10.5,S,super-game-improvement
36.0,91.2,205,Straight,Accuracy,Fat/Thin,Confidence-inspiring,10.5,R,super-game-improvement
15.9,90.9,196,Slice,Accuracy,Left/Right,No preference,10.5,R,game-improvement
0.0,96.4,231,Straight,Accuracy,Left/Right,No preference,9,R,players-cb
12.1,82.1,176,Straight,Forgiveness,Inconsistent,No preference,10.5,A,super-game-improvement
28.1,111.0,238,Draw,Forgiveness,Left/Right,Confidence-inspiring,10.5,X,super-game-improvement
22.0,81.8,185,Straight,Forgiveness,Consistent,No preference,12,L,game-improvement
19.2,80.3,190,Straight,Forgiveness,Left/Right,Confidence-inspiring,12,A,game-improvement
26.1,90.9,182,Fade,Accuracy,Left/Right,Confidence-inspiring,10.5,R,super-game-improvement
21.4,75.1,174,Fade,Forgiveness,Fat/Thin,Confidence-inspiring,12,A,super-game-improvement
28.0,77.1,161,Slice,Distance,Fat/Thin,Confidence-inspiring,12,A,super-game-improvement
25.3,98.7,208,Draw,Forgiveness,Left/Right,Confidence-inspiring,10.5,S,super-game-improvement
30.7,89.8,196,Straight,Forgiveness,Left/Right,Forged/Blade-like,10.5,R,game-improvement
20.2,88.4,206,Draw,Forgiveness,Inconsistent,No preference,10.5,R,super-game-improvement
25.1,89.1,197,Fade,Forgiveness,Fat/Thin,Confidence-inspiring,10.5,R,game-improvement
14.2,91.9,204,Straight,Forgiveness,Left/Right,Forged/Blade-like,10.5,A,players-distance
11.6,97.5,228,Slice,Accuracy,Left/Right,Confidence-inspiring,10.5,S,game-improvement
32.4,76.3,158,Straight,Forgiveness,Fat/Thin,Forged/Blade-like,12,A,super-game-improvement
18.9,87.3,204,Draw,Forgiveness,Left/Right,Confidence-inspiring,10.5,R,super-game-improvement
24.2,83.4,196,Slice,Accuracy,Inconsistent,Confidence-inspiring,10.5,A,super-game-improvement
18.1,86.4,207,Slice,Accuracy,Inconsistent,Confidence-inspiring,10.5,A,super-game-improvement
11.7,108.5,254,Straight,Forgiveness,Consistent,Confidence-inspiring,9,S,players-distance
17.1,102.1,245,Fade,Accuracy,Consistent,Confidence-inspiring,9,S,players-cb
29.9,76.3,157,Hook,Forgiveness,Fat/Thin,Confidence-inspiring,12,R,super-game-improvement
22.0,79.1,194,Draw,Distance,Left/Right,Confidence-inspiring,12,A,game-improvement
1.6,103.3,242,Straight,Accuracy,Inconsistent,No preference,9,S,players-cb
15.1,117.3,253,Fade,Forgiveness,Fat/Thin,Confidence-inspiring,8,S,super-game-improvement
33.0,73.3,170,Slice,Accuracy,Left/Right,Confidence-inspiring,12,A,super-game-improvement
15.1,94.1,211,Slice,Forgiveness,Inconsistent,No preference,10.5,R,super-game-improvement
0.8,106.3,261,Draw,Accuracy,Inconsistent,No preference,9,S,players-cb
34.0,81.8,166,Fade,Forgiveness,Fat/Thin,Confidence-inspiring,12,A,super-game-improvement
23.1,85.7,213,Draw,Accuracy,Fat/Thin,Confidence-inspiring,10.5,R,super-game-improvement
16.4,106.4,261,Draw,Forgiveness,Inconsistent,Confidence-inspiring,8,S,game-improvement
13.7,101.2,249,Straight,Distance,Fat/Thin,No preference,10.5,S,players-distance
26.7,96.3,214,Draw,Accuracy,Fat/Thin,No preference,10.5,R,game-improvement
12.1,103.7,252,Fade,Accuracy,Fat/Thin,Confidence-inspiring,8,S,game-improvement
27.3,96.4,212,Slice,Forgiveness,Fat/Thin,Confidence-inspiring,10.5,R,super-game-improvement
21.9,107.0,251,Slice,Accuracy,Fat/Thin,Confidence-inspiring,9,S,super-game-improvement
19.2,106.3,238,Fade,Distance,Consistent,Confidence-inspiring,8,S,players-cb
18.3,116.8,281,Draw,Forgiveness,Fat/Thin,Forged/Blade-like,9,X,players-distance
15.4,107.7,245,Slice,Forgiveness,Left/Right,Confidence-inspiring,9,S,super-game-improvement
26.4,81.4,177,Slice,Distance,Left/Right,Confidence-inspiring,12,A,super-game-improvement
9.2,108.2,252,Straight,Distance,Consistent,No preference,8,S,players-cb
2.4,111.5,272,Straight,Accuracy,Consistent,Forged/Blade-like,8,X,blade
22.5,109.9,244,Slice,Accuracy,Fat/Thin,Forged/Blade-like,9,S,players-distance
22.7,80.9,186,Draw,Forgiveness,Left/Right,No preference,12,A,super-game-improvement
21.3,97.1,215,Hook,Forgiveness,Inconsistent,No preference,10.5,S,super-game-improvement
20.7,85.1,200,Slice,Forgiveness,Consistent,Confidence-inspiring,10.5,S,super-game-improvement
14.1,101.5,249,Straight,Distance,Left/Right,Confidence-inspiring,9,R,players-distance
24.1,87.5,196,Slice,Forgiveness,Left/Right,Confidence-inspiring,10.5,R,game-improvement
16.6,99.5,249,Straight,Forgiveness,Fat/Thin,Confidence-inspiring,10.5,S,super-game-improvement
12.6,83.3,205,Slice,Distance,Left/Right,Forged/Blade-like,10.5,R,players-cb
14.2,104.3,261,Straight,Distance,Inconsistent,Forged/Blade-like,9,S,players-cb
35.2,84.1,179,Draw,Accuracy,Fat/Thin,Forged/Blade-like,10.5,R,game-improvement
1.4,106.6,245,Straight,Forgiveness,Consistent,Confidence-inspiring,9,S,players-cb
21.5,110.9,244,Straight,Accuracy,Left/Right,Confidence-inspiring,9,X,game-improvement
1.9,100.9,240,Draw,Forgiveness,Left/Right,Forged/Blade-like,10.5,S,players-cb
16.0,98.5,219,Straight,Forgiveness,Inconsistent,Confidence-inspiring,9,S,super-game-improvement
13.1,98.1,209,Slice,Forgiveness,Fat/Thin,Confidence-inspiring,10.5,S,super-game-improvement
0.0,108.0,274,Straight,Distance,Consistent,Confidence-inspiring,8,S,blade
20.5,114.3,242,Fade,Forgiveness,Left/Right,No preference,10.5,X,game-improvement
13.6,97.4,235,Draw,Forgiveness,Fat/Thin,Forged/Blade-like,10.5,S,players-distance
0.0,100.3,265,Straight,Distance,Left/Right,Forged/Blade-like,9,S,blade
24.6,108.0,234,Slice,Accuracy,Fat/Thin,Confidence-inspiring,10.5,R,super-game-improvement
29.9,82.6,184,Straight,Forgiveness,Left/Right,No preference,10.5,A,super-game-improvement
30.4,69.3,147,Slice,Forgiveness,Left/Right,Confidence-inspiring,12,L,super-game-improvement
20.2,84.9,200,Straight,Forgiveness,Fat/Thin,Confidence-inspiring,10.5,R,super-game-improvement
17.4,81.7,177,Draw,Accuracy,Left/Right,Forged/Blade-like,12,A,players-distance
29.0,68.3,148,Slice,Accuracy,Left/Right,Confidence-inspiring,12,L,super-game-improvement
32.1,80.5,184,Straight,Forgiveness,Fat/Thin,Confidence-inspiring,12,R,super-game-improvement
27.2,86.8,191,Draw,Forgiveness,Consistent,Confidence-inspiring,9,R,game-improvement
8.5,112.0,251,Hook,Distance,Left/Right,Forged/Blade-like,8,X,players-cb
18.8,99.5,238,Straight,Distance,Left/Right,Forged/Blade-like,9,S,players-cb
21.0,97.6,209,Fade,Forgiveness,Inconsistent,Confidence-inspiring,10.5,S,super-game-improvement
0.7,96.6,237,Slice,Distance,Consistent,Forged/Blade-like,9,R,blade
21.2,100.4,232,Straight,Forgiveness,Fat/Thin,Forged/Blade-like,10.5,S,game-improvement
36.0,95.4,204,Slice,Forgiveness,Fat/Thin,Confidence-inspiring,10.5,R,game-improvement
22.8,94.4,235,Fade,Accuracy,Inconsistent,Confidence-inspiring,10.5,R,super-game-improvement
30.3,89.6,202,Draw,Distance,Inconsistent,No preference,10.5,R,super-game-improvement
18.6,80.7,182,Slice,Accuracy,Inconsistent,Forged/Blade-like,12,A,players-distance
16.3,105.5,248,Straight,Distance,Inconsistent,Confidence-inspiring,9,S,game-improvement
20.4,109.9,251,Fade,Forgiveness,Inconsistent,Confidence-inspiring,9,S,super-game-improvement
9.7,102.6,243,Slice,Distance,Consistent,Forged/Blade-like,9,S,players-cb
8.3,94.4,226,Fade,Accuracy,Inconsistent,Confidence-inspiring,10.5,R,game-improvement
28.4,85.1,183,Fade,Accuracy,Fat/Thin,Confidence-inspiring,10.5,R,super-game-improvement
29.4,81.8,181,Straight,Forgiveness,Fat/Thin,No preference,12,A,super-game-improvement
8.1,96.9,226,Slice,Accuracy,Consistent,Forged/Blade-like,9,R,players-cb
25.7,95.0,194,Slice,Forgiveness,Left/Right,No preference,10.5,R,super-game-improvement
16.2,97.8,236,Straight,Forgiveness,Inconsistent,Confidence-inspiring,10.5,S,super-game-improvement
20.1,102.4,227,Hook,Forgiveness,Fat/Thin,Confidence-inspiring,9,X,super-game-improvement
21.1,95.4,217,Slice,Forgiveness,Left/Right,Confidence-inspiring,10.5,S,super-game-improvement
25.9,79.7,170,Hook,Accuracy,Left/Right,Confidence-inspiring,12,A,super-game-improvement
17.7,89.0,197,Slice,Distance,Left/Right,Forged/Blade-like,10.5,R,players-cb
29.7,80.2,166,Hook,Accuracy,Fat/Thin,Confidence-inspiring,12,A,super-game-improvement
19.8,90.7,215,Fade,Forgiveness,Consistent,Forged/Blade-like,10.5,R,players-cb
22.6,108.6,255,Slice,Distance,Left/Right,Confidence-inspiring,8,S,game-improvement
9.5,119.1,282,Slice,Accuracy,Consistent,Forged/Blade-like,8,X,players-cb
36.0,89.9,186,Straight,Forgiveness,Fat/Thin,Confidence-inspiring,9,R,game-improvement
21.2,92.8,194,Slice,Accuracy,Fat/Thin,Confidence-inspiring,10.5,R,super-game-improvement
23.4,76.5,178,Fade,Forgiveness,Fat/Thin,Confidence-inspiring,10.5,A,super-game-improvement
2.5,106.5,252,Draw,Accuracy,Consistent,No preference,9,S,blade
9.6,91.6,206,Draw,Accuracy,Consistent,No preference,10.5,R,players-cb
28.1,103.2,227,Hook,Forgiveness,Fat/Thin,Confidence-inspiring,10.5,X,super-game-improvement
19.6,76.6,171,Fade,Accuracy,Inconsistent,Forged/Blade-like,12,A,players-distance
0.0,109.8,255,Draw,Distance,Consistent,Forged/Blade-like,8,S,players-cb
26.3,79.4,163,Slice,Forgiveness,Inconsistent,Confidence-inspiring,12,A,super-game-improvement
12.1,97.7,232,Draw,Forgiveness,Fat/Thin,Forged/Blade-like,10.5,S,players-distance
29.7,92.5,196,Slice,Accuracy,Left/Right,Confidence-inspiring,10.5,R,super-game-improvement
16.2,105.2,247,Fade,Accuracy,Inconsistent,No preference,9,S,players-distance
18.8,92.6,213,Straight,Distance,Left/Right,Forged/Blade-like,10.5,R,players-cb
27.6,94.8,218,Fade,Forgiveness,Inconsistent,Confidence-inspiring,10.5,R,super-game-improvement
8.9,93.3,214,Fade,Distance,Consistent,No preference,10.5,R,players-cb
8.1,102.9,247,Straight,Accuracy,Fat/Thin,Confidence-inspiring,9,S,players-distance
15.2,105.7,250,Slice,Distance,Inconsistent,Forged/Blade-like,9,R,blade
24.4,92.7,201,Slice,Accuracy,Fat/Thin,Confidence-inspiring,10.5,R,super-game-improvement
5.0,97.3,244,Fade,Accuracy,Consistent,Forged/Blade-like,9,S,blade
2.0,101.8,233,Fade,Accuracy,Consistent,No preference,8,R,blade
24.4,99.6,215,Fade,Forgiveness,Left/Right,No preference,10.5,S,super-game-improvement
11.6,87.2,189,Straight,Forgiveness,Consistent,Forged/Blade-like,10.5,R,players-cb
13.5,87.4,197,Straight,Distance,Consistent,Confidence-inspiring,10.5,R,players-distance
0.3,111.8,272,Straight,Distance,Consistent,No preference,8,S,blade
10.9,94.2,229,Straight,Distance,Inconsistent,Forged/Blade-like,10.5,R,players-cb
16.9,80.0,182,Hook,Accuracy,Left/Right,Forged/Blade-like,12,R,players-distance
25.4,102.2,222,Hook,Forgiveness,Consistent,Confidence-inspiring,10.5,S,game-improvement
10.1,88.1,194,Straight,Distance,Inconsistent,Forged/Blade-like,10.5,R,players-cb
31.9,82.3,167,Fade,Forgiveness,Fat/Thin,Confidence-inspiring,10.5,A,super-game-improvement
10.8,92.5,220,Draw,Accuracy,Inconsistent,Forged/Blade-like,10.5,R,players-cb
10.9,95.6,233,Straight,Forgiveness,Fat/Thin,No preference,10.5,R,game-improvement
30.8,76.2,162,Fade,Distance,Fat/Thin,Confidence-inspiring,12,A,super-game-improvement
18.9,100.3,240,Hook,Forgiveness,Left/Right,No preference,10.5,S,game-improvement
12.0,98.9,223,Fade,Accuracy,Inconsistent,Confidence-inspiring,9,S,game-improvement
15.6,105.2,239,Slice,Forgiveness,Left/Right,Confidence-inspiring,9,S,super-game-improvement
29.2,80.1,172,Draw,Accuracy,Inconsistent,No preference,12,A,super-game-improvement
30.2,106.8,246,Slice,Distance,Inconsistent,Confidence-inspiring,10.5,S,game-improvement
9.6,80.4,191,Fade,Distance,Left/Right,Confidence-inspiring,12,A,players-distance
16.6,78.9,165,Draw,Accuracy,Left/Right,No preference,10.5,A,game-improvement
17.8,111.4,264,Fade,Distance,Consistent,Confidence-inspiring,8,S,players-cb
8.1,105.2,267,Straight,Forgiveness,Left/Right,Confidence-inspiring,9,S,game-improvement
16.5,98.2,224,Draw,Distance,Consistent,Forged/Blade-like,9,S,players-cb
17.0,98.8,219,Draw,Accuracy,Left/Right,Confidence-inspiring,9,S,game-improvement
27.3,93.1,213,Slice,Distance,Inconsistent,No preference,10.5,R,super-game-improvement
27.9,90.0,216,Slice,Forgiveness,Fat/Thin,Confidence-inspiring,10.5,R,super-game-improvement
14.0,86.8,209,Straight,Forgiveness,Left/Right,Forged/Blade-like,10.5,R,players-distance
15.1,103.9,226,Fade,Accuracy,Left/Right,Forged/Blade-like,9,S,players-cb
23.0,97.0,224,Slice,Distance,Fat/Thin,Confidence-inspiring,9,S,game-improvement
11.7,112.3,267,Hook,Distance,Fat/Thin,Confidence-inspiring,9,X,players-distance
22.3,108.5,235,Straight,Forgiveness,Fat/Thin,Forged/Blade-like,10.5,S,game-improvement
16.2,98.3,238,Draw,Accuracy,Inconsistent,Confidence-inspiring,9,S,game-improvement
8.3,88.1,213,Draw,Accuracy,Fat/Thin,Forged/Blade-like,10.5,R,players-cb
8.4,118.0,292,Fade,Forgiveness,Left/Right,Forged/Blade-like,9,X,players-cb
30.0,75.4,155,Straight,Forgiveness,Left/Right,Confidence-inspiring,12,A,super-game-improvement
15.6,98.8,232,Fade,Distance,Fat/Thin,No preference,9,S,super-game-improvement
31.8,81.8,169,Hook,Forgiveness,Fat/Thin,Confidence-inspiring,12,A,super-game-improvement
12.4,93.3,220,Straight,Distance,Consistent,No preference,10.5,R,players-cb
19.6,100.3,241,Hook,Forgiveness,Left/Right,Confidence-inspiring,10.5,S,super-game-improvement
36.0,84.0,166,Draw,Forgiveness,Inconsistent,Confidence-inspiring,10.5,R,super-game-improvement
7.5,106.0,240,Straight,Accuracy,Left/Right,Confidence-inspiring,9,S,players-distance
0.0,97.8,248,Slice,Accuracy,Consistent,Forged/Blade-like,9,S,blade
28.6,84.8,186,Straight,Distance,Inconsistent,Forged/Blade-like,10.5,R,players-distance
9.6,91.8,228,Draw,Accuracy,Consistent,Confidence-inspiring,10.5,R,players-cb
16.8,92.6,206,Fade,Forgiveness,Left/Right,Confidence-inspiring,10.5,R,super-game-improvement
11.7,96.9,228,Fade,Forgiveness,Inconsistent,No preference,10.5,R,game-improvement
19.4,111.3,259,Slice,Distance,Left/Right,Confidence-inspiring,8,X,game-improvement
8.4,97.7,234,Slice,Distance,Consistent,Forged/Blade-like,9,S,players-cb
15.4,74.3,156,Fade,Distance,Fat/Thin,Forged/Blade-like,12,A,players-distance
21.0,105.7,264,Slice,Accuracy,Fat/Thin,Confidence-inspiring,9,S,super-game-improvement
7.9,105.1,252,Fade,Forgiveness,Left/Right,Forged/Blade-like,9,S,players-cb
10.7,97.4,217,Draw,Forgiveness,Left/Right,Confidence-inspiring,10.5,R,game-improvement
13.9,92.2,217,Draw,Forgiveness,Left/Right,Confidence-inspiring,10.5,R,super-game-improvement
4.1,93.7,230,Slice,Distance,Left/Right,Forged/Blade-like,10.5,R,blade
13.2,116.4,280,Hook,Forgiveness,Fat/Thin,Forged/Blade-like,9,X,players-distance
18.1,94.2,224,Straight,Accuracy,Inconsistent,No preference,10.5,R,game-improvement
13.4,79.5,183,Straight,Distance,Consistent,Confidence-inspiring,12,A,players-distance
14.6,99.3,215,Fade,Forgiveness,Left/Right,Forged/Blade-like,10.5,S,players-distance
16.8,106.6,249,Draw,Distance,Fat/Thin,Confidence-inspiring,9,S,players-distance
11.1,100.0,220,Slice,Forgiveness,Consistent,No preference,10.5,S,game-improvement
23.2,81.2,193,Slice,Forgiveness,Fat/Thin,Confidence-inspiring,12,A,super-game-improvement
29.9,75.8,159,Slice,Forgiveness,Fat/Thin,Confidence-inspiring,10.5,A,super-game-improvement
12.8,88.1,211,Draw,Accuracy,Inconsistent,Confidence-inspiring,10.5,R,game-improvement
21.4,106.7,235,Slice,Forgiveness,Inconsistent,Forged/Blade-like,9,S,game-improvement
14.8,95.2,216,Draw,Distance,Inconsistent,Forged/Blade-like,10.5,R,players-distance
20.3,75.4,164,Fade,Forgiveness,Left/Right,Confidence-inspiring,12,A,super-game-improvement
31.1,88.7,199,Fade,Accuracy,Fat/Thin,Confidence-inspiring,10.5,R,super-game-improvement
21.6,92.7,204,Draw,Distance,Fat/Thin,Confidence-inspiring,9,R,super-game-improvement
1.0,100.8,253,Straight,Accuracy,Left/Right,No preference,9,S,players-cb
21.1,81.4,179,Hook,Distance,Left/Right,No preference,12,A,game-improvement
28.1,76.3,166,Hook,Accuracy,Inconsistent,Confidence-inspiring,12,A,super-game-improvement
15.0,106.7,247,Straight,Accuracy,Inconsistent,No preference,9,S,players-distance
26.0,90.8,203,Slice,Accuracy,Left/Right,Confidence-inspiring,10.5,S,game-improvement
10.8,103.4,235,Straight,Forgiveness,Inconsistent,No preference,10.5,S,players-distance
3.6,106.0,263,Fade,Distance,Consistent,Confidence-inspiring,9,S,blade
18.3,96.8,219,Straight,Distance,Inconsistent,Forged/Blade-like,9,R,players-cb
1.2,100.5,250,Draw,Distance,Fat/Thin,Forged/Blade-like,9,S,players-cb
14.8,93.9,217,Slice,Forgiveness,Left/Right,Confidence-inspiring,10.5,R,super-game-improvement
28.6,98.2,221,Slice,Forgiveness,Fat/Thin,Confidence-inspiring,10.5,R,super-game-improvement
0.0,120.0,290,Hook,Distance,Consistent,No preference,8,X,blade
5.5,90.0,209,Hook,Accuracy,Consistent,Forged/Blade-like,9,R,blade
7.7,98.7,239,Straight,Accuracy,Left/Right,Forged/Blade-like,9,X,players-cb
16.4,103.2,233,Fade,Distance,Left/Right,No preference,9,S,players-distance
13.7,115.5,282,Straight,Accuracy,Inconsistent,Forged/Blade-like,8,X,players-cb
29.6,103.7,227,Slice,Distance,Inconsistent,No preference,10.5,S,super-game-improvement
25.6,80.6,167,Straight,Accuracy,Consistent,Forged/Blade-like,12,A,players-cb
21.5,104.1,230,Slice,Forgiveness,Left/Right,No preference,9,S,super-game-improvement
18.3,94.1,206,Draw,Forgiveness,Inconsistent,No preference,10.5,R,game-improvement
20.5,102.5,242,Straight,Forgiveness,Left/Right,No preference,10.5,S,game-improvement
9.2,107.6,262,Fade,Accuracy,Inconsistent,No preference,9,S,players-distance
24.7,76.6,170,Straight,Accuracy,Left/Right,Confidence-inspiring,12,A,super-game-improvement
7.0,106.7,257,Fade,Accuracy,Fat/Thin,No preference,9,X,game-improvement
24.5,99.4,221,Draw,Distance,Fat/Thin,Confidence-inspiring,10.5,S,super-game-improvement
27.7,87.0,199,Straight,Distance,Left/Right,Confidence-inspiring,10.5,R,super-game-improvement
18.9,90.7,211,Draw,Accuracy,Left/Right,Confidence-inspiring,10.5,R,game-improvement
15.4,79.8,191,Draw,Accuracy,Left/Right,Forged/Blade-like,12,A,players-cb
20.6,98.8,222,Slice,Accuracy,Left/Right,Confidence-inspiring,10.5,S,super-game-improvement
0.0,108.1,259,Hook,Distance,Consistent,No preference,8,S,players-cb
19.7,83.4,196,Fade,Accuracy,Left/Right,Confidence-inspiring,10.5,A,game-improvement
16.0,91.9,226,Slice,Distance,Left/Right,No preference,10.5,R,game-improvement
16.5,96.3,232,Slice,Distance,Inconsistent,No preference,9,R,game-improvement
23.4,84.5,203,Slice,Forgiveness,Fat/Thin,Confidence-inspiring,10.5,R,super-game-improvement
16.3,94.9,220,Hook,Forgiveness,Left/Right,Forged/Blade-like,10.5,R,players-distance
6.7,83.9,192,Straight,Distance,Inconsistent,No preference,10.5,A,players-distance
15.7,108.8,243,Straight,Forgiveness,Fat/Thin,No preference,9,S,game-improvement
17.6,94.2,228,Hook,Forgiveness,Fat/Thin,Forged/Blade-like,10.5,R,players-distance
18.0,82.8,173,Straight,Accuracy,Consistent,Confidence-inspiring,9,R,game-improvement
18.5,68.8,171,Straight,Distance,Consistent,Forged/Blade-like,12,L,blade
26.4,98.3,210,Draw,Forgiveness,Fat/Thin,Confidence-inspiring,10.5,X,super-game-improvement
7.2,106.7,272,Straight,Distance,Inconsistent,No preference,9,S,players-cb
18.6,95.5,217,Fade,Distance,Left/Right,Confidence-inspiring,9,R,game-improvement
28.6,95.2,215,Slice,Distance,Fat/Thin,Confidence-inspiring,10.5,R,super-game-improvement
1.4,113.7,299,Straight,Accuracy,Left/Right,No preference,8,X,players-cb
18.6,95.3,215,Fade,Distance,Consistent,Confidence-inspiring,10.5,R,players-distance
11.7,95.5,221,Straight,Distance,Fat/Thin,Confidence-inspiring,10.5,R,game-improvement
13.7,92.5,209,Draw,Accuracy,Fat/Thin,Confidence-inspiring,10.5,R,game-improvement
8.9,104.2,238,Straight,Distance,Consistent,Confidence-inspiring,9,S,players-distance
15.5,109.4,250,Straight,Distance,Fat/Thin,Confidence-inspiring,8,X,game-improvement
33.6,82.1,171,Fade,Forgiveness,Inconsistent,Confidence-inspiring,10.5,A,super-game-improvement
5.6,117.0,270,Straight,Distance,Inconsistent,Confidence-inspiring,8,X,players-cb
6.5,105.3,250,Straight,Distance,Consistent,Forged/Blade-like,9,S,blade
5.3,106.2,259,Hook,Accuracy,Consistent,Forged/Blade-like,9,S,blade
32.5,108.0,225,Straight,Distance,Inconsistent,Confidence-inspiring,10.5,S,super-game-improvement
12.8,113.8,264,Fade,Accuracy,Fat/Thin,Confidence-inspiring,8,X,game-improvement
16.8,111.4,269,Straight,Distance,Fat/Thin,Confidence-inspiring,8,X,game-improvement
13.4,88.9,194,Straight,Accuracy,Left/Right,Confidence-inspiring,10.5,R,game-improvement
8.5,120.0,302,Fade,Distance,Inconsistent,Forged/Blade-like,8,X,players-cb
14.9,95.0,214,Fade,Distance,Inconsistent,Forged/Blade-like,10.5,R,players-cb
36.0,79.2,170,Slice,Forgiveness,Consistent,No preference,12,A,super-game-improvement
29.5,65.0,154,Straight,Accuracy,Inconsistent,Confidence-inspiring,12,L,super-game-improvement
9.3,102.9,258,Hook,Accuracy,Consistent,Forged/Blade-like,9,R,players-cb
22.8,79.7,183,Slice,Forgiveness,Consistent,Confidence-inspiring,12,A,game-improvement
9.5,103.6,239,Slice,Accuracy,Left/Right,No preference,9,S,players-distance
1.0,93.7,222,Fade,Distance,Inconsistent,Confidence-inspiring,10.5,R,players-distance
26.2,106.2,230,Straight,Accuracy,Inconsistent,Confidence-inspiring,10.5,S,game-improvement
27.4,92.9,222,Slice,Distance,Left/Right,Confidence-inspiring,10.5,R,super-game-improvement
26.4,110.8,242,Fade,Distance,Fat/Thin,Forged/Blade-like,10.5,S,players-distance
12.8,87.1,206,Straight,Accuracy,Fat/Thin,Confidence-inspiring,10.5,R,game-improvement
15.5,111.0,247,Hook,Distance,Fat/Thin,Confidence-inspiring,8,X,game-improvement
23.7,71.9,150,Slice,Distance,Consistent,Confidence-inspiring,12,L,super-game-improvement
20.5,94.1,213,Straight,Forgiveness,Fat/Thin,No preference,10.5,R,super-game-improvement
13.5,90.5,208,Hook,Accuracy,Consistent,No preference,12,R,players-cb
2.4,99.9,240,Fade,Distance,Consistent,Confidence-inspiring,9,S,players-cb
18.0,88.6,189,Fade,Distance,Fat/Thin,Forged/Blade-like,10.5,R,players-distance
26.7,78.7,173,Fade,Distance,Fat/Thin,No preference,12,A,super-game-improvement
6.2,89.2,228,Straight,Forgiveness,Left/Right,Forged/Blade-like,10.5,R,players-cb
22.7,86.1,186,Straight,Forgiveness,Left/Right,No preference,10.5,R,super-game-improvement
20.0,93.6,221,Slice,Accuracy,Inconsistent,Confidence-inspiring,10.5,R,super-game-improvement
23.8,101.5,196,Slice,Distance,Inconsistent,Confidence-inspiring,9,S,super-game-improvement
24.8,92.1,198,Fade,Distance,Fat/Thin,Confidence-inspiring,10.5,R,game-improvement
10.7,110.4,243,Slice,Forgiveness,Fat/Thin,No preference,9,X,game-improvement
2.4,89.6,229,Straight,Accuracy,Consistent,Forged/Blade-like,10.5,R,blade
12.2,93.4,226,Slice,Accuracy,Left/Right,Forged/Blade-like,10.5,R,players-cb
25.0,96.1,205,Straight,Accuracy,Fat/Thin,Forged/Blade-like,10.5,R,players-distance
12.1,101.2,240,Slice,Distance,Left/Right,Forged/Blade-like,9,S,players-cb
10.8,90.0,223,Straight,Distance,Consistent,Confidence-inspiring,10.5,A,players-distance
0.6,114.9,293,Draw,Accuracy,Left/Right,Confidence-inspiring,8,X,players-cb
32.8,78.4,165,Fade,Forgiveness,Inconsistent,Confidence-inspiring,12,A,super-game-improvement
24.4,81.6,162,Slice,Forgiveness,Fat/Thin,Confidence-inspiring,10.5,A,super-game-improvement
23.9,94.6,203,Straight,Forgiveness,Fat/Thin,Confidence-inspiring,10.5,R,super-game-improvement
25.7,88.6,203,Fade,Accuracy,Inconsistent,Confidence-inspiring,10.5,R,super-game-improvement
22.2,85.7,212,Fade,Distance,Left/Right,Confidence-inspiring,10.5,R,super-game-improvement
14.8,90.4,209,Straight,Distance,Inconsistent,No preference,10.5,R,game-improvement
15.5,84.8,190,Slice,Distance,Inconsistent,No preference,10.5,R,game-improvement
13.2,93.1,239,Fade,Distance,Inconsistent,Confidence-inspiring,10.5,R,game-improvement
36.0,92.5,200,Fade,Distance,Left/Right,Confidence-inspiring,10.5,R,super-game-improvement
22.0,93.5,200,Straight,Forgiveness,Left/Right,Confidence-inspiring,10.5,R,super-game-improvement
12.8,106.9,249,Slice,Forgiveness,Consistent,No preference,9,S,players-distance
21.2,96.7,227,Draw,Forgiveness,Inconsistent,Confidence-inspiring,9,R,super-game-improvement
7.9,94.5,224,Draw,Accuracy,Consistent,Forged/Blade-like,10.5,R,players-cb
30.5,68.8,157,Fade,Accuracy,Fat/Thin,Confidence-inspiring,12,L,super-game-improvement
11.1,89.2,195,Draw,Forgiveness,Left/Right,No preference,9,R,players-distance
21.5,84.7,178,Fade,Accuracy,Inconsistent,Confidence-inspiring,10.5,R,super-game-improvement
26.6,80.4,171,Draw,Accuracy,Inconsistent,Confidence-inspiring,12,A,super-game-improvement
20.5,101.9,228,Fade,Distance,Fat/Thin,Confidence-inspiring,9,S,super-game-improvement
17.9,103.5,240,Draw,Accuracy,Fat/Thin,Confidence-inspiring,9,X,players-distance
17.1,116.5,273,Fade,Forgiveness,Left/Right,No preference,9,S,game-improvement
16.5,87.1,223,Straight,Distance,Left/Right,Confidence-inspiring,10.5,R,game-improvement
11.8,114.0,261,Draw,Distance,Left/Right,Confidence-inspiring,8,S,players-distance
13.0,113.1,261,Fade,Distance,Left/Right,Forged/Blade-like,8,X,players-cb
30.3,83.1,175,Straight,Forgiveness,Inconsistent,Confidence-inspiring,10.5,A,super-game-improvement
16.0,99.9,240,Fade,Accuracy,Fat/Thin,Confidence-inspiring,8,S,game-improvement
9.9,111.7,274,Fade,Distance,Left/Right,Forged/Blade-like,8,X,players-cb
12.4,97.0,223,Straight,Forgiveness,Inconsistent,Forged/Blade-like,10.5,S,players-distance
26.9,86.3,209,Fade,Forgiveness,Inconsistent,Confidence-inspiring,10.5,R,super-game-improvement
23.1,84.0,182,Slice,Forgiveness,Fat/Thin,Confidence-inspiring,10.5,A,game-improvement
22.0,67.4,161,Hook,Forgiveness,Fat/Thin,Confidence-inspiring,12,L,super-game-improvement
14.7,96.7,237,Fade,Distance,Consistent,No preference,9,S,players-cb
22.2,83.8,176,Slice,Forgiveness,Fat/Thin,Confidence-inspiring,10.5,A,super-game-improvement
11.2,87.6,211,Hook,Forgiveness,Left/Right,Confidence-inspiring,10.5,R,game-improvement
14.7,100.2,208,Straight,Forgiveness,Fat/Thin,Forged/Blade-like,10.5,S,game-improvement
25.7,74.0,172,Slice,Forgiveness,Fat/Thin,Confidence-inspiring,12,A,super-game-improvement
24.9,97.1,206,Slice,Forgiveness,Fat/Thin,No preference,10.5,S,game-improvement
8.2,105.3,255,Hook,Accuracy,Left/Right,No preference,9,S,players-cb
9.3,95.7,233,Straight,Accuracy,Fat/Thin,Forged/Blade-like,10.5,R,blade
18.0,93.1,223,Straight,Forgiveness,Consistent,Confidence-inspiring,10.5,R,game-improvement
32.5,72.0,163,Slice,Forgiveness,Fat/Thin,Confidence-inspiring,12,A,super-game-improvement
0.0,113.5,279,Straight,Distance,Fat/Thin,Forged/Blade-like,8,X,blade
19.5,94.6,212,Slice,Forgiveness,Left/Right,No preference,10.5,R,super-game-improvement
4.6,105.5,253,Draw,Forgiveness,Left/Right,Forged/Blade-like,9,S,players-distance
11.3,103.3,233,Straight,Accuracy,Fat/Thin,Forged/Blade-like,9,S,players-cb
13.7,90.3,208,Straight,Forgiveness,Left/Right,Forged/Blade-like,10.5,R,players-distance
13.2,81.8,188,Straight,Forgiveness,Inconsistent,No preference,12,A,super-game-improvement
12.2,107.3,244,Straight,Accuracy,Left/Right,Forged/Blade-like,9,S,players-cb
17.1,101.3,217,Fade,Forgiveness,Inconsistent,Confidence-inspiring,10.5,S,super-game-improvement
12.2,92.4,205,Fade,Accuracy,Fat/Thin,Confidence-inspiring,10.5,R,game-improvement
3.8,107.5,231,Straight,Distance,Left/Right,Forged/Blade-like,9,R,blade
24.0,102.3,226,Slice,Accuracy,Left/Right,Confidence-inspiring,9,S,players-distance
23.8,101.2,230,Slice,Accuracy,Fat/Thin,Confidence-inspiring,8,S,super-game-improvement
24.6,83.6,162,Draw,Forgiveness,Left/Right,Confidence-inspiring,10.5,A,super-game-improvement
3.1,89.0,218,Straight,Accuracy,Inconsistent,Confidence-inspiring,12,R,players-distance
19.7,79.4,179,Draw,Forgiveness,Left/Right,No preference,10.5,A,super-game-improvement
23.1,87.2,185,Fade,Forgiveness,Left/Right,Confidence-inspiring,10.5,R,super-game-improvement
7.7,115.4,271,Hook,Accuracy,Left/Right,Confidence-inspiring,8,X,players-distance
17.1,87.1,209,Fade,Forgiveness,Consistent,No preference,10.5,R,players-distance
16.0,89.2,197,Straight,Accuracy,Left/Right,Confidence-inspiring,10.5,R,game-improvement
33.6,77.0,166,Hook,Accuracy,Inconsistent,Confidence-inspiring,12,A,super-game-improvement
34.3,77.4,169,Straight,Forgiveness,Left/Right,Confidence-inspiring,12,A,super-game-improvement
2.0,104.5,247,Slice,Distance,Consistent,Forged/Blade-like,9,S,blade
36.0,68.7,155,Straight,Accuracy,Fat/Thin,Confidence-inspiring,12,L,super-game-improvement
8.8,110.9,267,Draw,Forgiveness,Left/Right,Forged/Blade-like,10.5,X,players-cb
25.8,87.0,191,Slice,Forgiveness,Left/Right,No preference,10.5,R,super-game-improvement
25.7,113.3,273,Draw,Accuracy,Left/Right,Confidence-inspiring,12,X,game-improvement
8.0,88.8,220,Straight,Forgiveness,Left/Right,No preference,10.5,R,game-improvement
21.4,107.3,227,Slice,Forgiveness,Fat/Thin,Confidence-inspiring,9,S,super-game-improvement
16.0,109.0,248,Straight,Accuracy,Consistent,No preference,8,X,players-cb
22.0,86.9,218,Slice,Accuracy,Fat/Thin,Confidence-inspiring,10.5,R,game-improvement
19.1,89.1,194,Slice,Distance,Consistent,No preference,10.5,R,players-distance
27.8,77.9,172,Slice,Forgiveness,Fat/Thin,Confidence-inspiring,12,A,super-game-improvement
17.7,84.9,206,Slice,Distance,Left/Right,No preference,10.5,R,super-game-improvement
15.5,95.5,227,Straight,Forgiveness,Fat/Thin,Confidence-inspiring,10.5,A,super-game-improvement
26.9,87.9,201,Slice,Distance,Fat/Thin,Confidence-inspiring,10.5,R,super-game-improvement
22.2,74.9,175,Straight,Forgiveness,Left/Right,Forged/Blade-like,12,A,game-improvement
23.6,112.9,253,Slice,Forgiveness,Fat/Thin,Confidence-inspiring,9,X,super-game-improvement
11.0,95.9,218,Slice,Forgiveness,Left/Right,Forged/Blade-like,12,A,players-distance
7.6,101.5,246,Straight,Forgiveness,Left/Right,Forged/Blade-like,10.5,S,players-cb
11.9,91.6,211,Hook,Forgiveness,Left/Right,Forged/Blade-like,10.5,R,players-cb
11.4,95.6,220,Slice,Forgiveness,Inconsistent,Confidence-inspiring,10.5,R,game-improvement
24.1,86.0,205,Slice,Distance,Inconsistent,Confidence-inspiring,10.5,R,super-game-improvement
25.8,88.4,193,Slice,Forgiveness,Inconsistent,Confidence-inspiring,10.5,R,super-game-improvement
15.6,95.2,235,Fade,Forgiveness,Fat/Thin,Confidence-inspiring,10.5,R,super-game-improvement
29.9,93.7,207,Slice,Forgiveness,Left/Right,Confidence-inspiring,10.5,R,super-game-improvement
29.3,88.3,192,Fade,Forgiveness,Left/Right,Forged/Blade-like,10.5,R,game-improvement
19.2,100.0,211,Slice,Forgiveness,Fat/Thin,Confidence-inspiring,10.5,S,super-game-improvement
9.6,99.4,254,Fade,Accuracy,Consistent,No preference,9,S,players-cb
31.2,87.1,189,Straight,Forgiveness,Consistent,Confidence-inspiring,10.5,R,super-game-improvement
16.5,92.4,192,Straight,Forgiveness,Left/Right,Confidence-inspiring,10.5,R,super-game-improvement
18.1,103.7,246,Straight,Forgiveness,Consistent,Confidence-inspiring,9,S,players-distance
13.9,99.8,232,Straight,Distance,Inconsistent,No preference,9,S,game-improvement
9.0,98.3,224,Hook,Accuracy,Consistent,Forged/Blade-like,9,R,players-cb
3.8,101.5,254,Straight,Accuracy,Consistent,Forged/Blade-like,9,S,blade
22.7,89.5,178,Slice,Forgiveness,Left/Right,Confidence-inspiring,10.5,R,super-game-improvement
9.9,99.6,229,Draw,Distance,Left/Right,Forged/Blade-like,9,S,players-cb
36.0,81.0,170,Slice,Forgiveness,Left/Right,Confidence-inspiring,12,A,game-improvement
7.2,95.5,235,Straight,Accuracy,Consistent,No preference,10.5,R,players-cb
5.7,109.8,284,Straight,Accuracy,Left/Right,Forged/Blade-like,8,S,players-cb
21.6,99.6,222,Slice,Forgiveness,Fat/Thin,Confidence-inspiring,10.5,S,super-game-improvement
30.8,102.9,228,Fade,Accuracy,Left/Right,Confidence-inspiring,10.5,S,super-game-improvement
17.6,88.0,226,Hook,Accuracy,Inconsistent,Forged/Blade-like,10.5,R,players-cb
22.2,97.6,220,Fade,Forgiveness,Fat/Thin,Confidence-inspiring,10.5,S,super-game-improvement
0.4,86.6,216,Straight,Forgiveness,Consistent,Forged/Blade-like,10.5,R,blade
10.9,106.9,240,Slice,Forgiveness,Fat/Thin,Confidence-inspiring,9,S,super-game-improvement
7.3,86.5,224,Fade,Accuracy,Inconsistent,No preference,12,R,players-distance
0.0,96.2,229,Straight,Distance,Consistent,Forged/Blade-like,9,R,blade
18.1,97.0,224,Hook,Accuracy,Consistent,No preference,9,S,players-cb
0.0,99.8,247,Fade,Forgiveness,Consistent,No preference,10.5,S,players-cb
5.1,94.9,229,Straight,Accuracy,Fat/Thin,No preference,12,R,players-cb
12.2,92.9,213,Fade,Forgiveness,Inconsistent,No preference,10.5,R,super-game-improvement
9.5,106.8,255,Draw,Accuracy,Consistent,Confidence-inspiring,9,S,players-cb
20.6,82.7,203,Slice,Forgiveness,Left/Right,Confidence-inspiring,10.5,A,super-game-improvement
19.8,92.0,230,Fade,Accuracy,Left/Right,No preference,10.5,R,players-distance
25.0,85.2,188,Slice,Forgiveness,Fat/Thin,Confidence-inspiring,10.5,R,super-game-improvement
23.8,98.0,215,Fade,Distance,Left/Right,No preference,9,S,game-improvement
27.3,95.9,204,Draw,Forgiveness,Fat/Thin,Confidence-inspiring,10.5,A,super-game-improvement
17.0,76.1,199,Straight,Forgiveness,Inconsistent,Confidence-inspiring,10.5,A,super-game-improvement
19.7,103.1,235,Straight,Forgiveness,Left/Right,Forged/Blade-like,9,S,players-distance
21.6,85.2,202,Draw,Forgiveness,Left/Right,Confidence-inspiring,10.5,R,super-game-improvement
18.3,95.9,225,Slice,Forgiveness,Fat/Thin,Confidence-inspiring,10.5,R,game-improvement
13.4,87.5,224,Straight,Distance,Left/Right,Forged/Blade-like,10.5,R,players-cb
14.0,100.2,231,Fade,Forgiveness,Left/Right,No preference,9,S,game-improvement
9.6,120.0,274,Straight,Accuracy,Fat/Thin,Forged/Blade-like,8,X,players-cb
20.8,93.1,227,Slice,Distance,Consistent,Confidence-inspiring,10.5,R,game-improvement
16.2,90.4,216,Straight,Accuracy,Fat/Thin,No preference,10.5,S,game-improvement
11.0,96.2,230,Straight,Distance,Left/Right,Forged/Blade-like,9,R,players-cb
11.0,83.8,211,Straight,Accuracy,Consistent,No preference,10.5,A,players-cb
6.1,116.3,283,Slice,Distance,Consistent,Confidence-inspiring,8,X,players-cb
25.8,91.6,217,Fade,Forgiveness,Left/Right,Confidence-inspiring,10.5,R,super-game-improvement
17.7,83.5,193,Hook,Accuracy,Left/Right,Forged/Blade-like,10.5,A,players-cb
9.2,89.6,220,Hook,Accuracy,Consistent,Forged/Blade-like,10.5,R,players-cb
24.3,89.6,205,Draw,Forgiveness,Consistent,Confidence-inspiring,10.5,R,super-game-improvement
12.0,107.2,248,Fade,Distance,Left/Right,No preference,9,S,players-distance
4.3,91.6,219,Straight,Forgiveness,Consistent,Forged/Blade-like,9,R,blade
26.2,99.3,216,Straight,Forgiveness,Left/Right,Confidence-inspiring,10.5,S,super-game-improvement
12.2,96.8,229,Draw,Accuracy,Consistent,Confidence-inspiring,9,R,game-improvement
13.3,87.7,200,Straight,Accuracy,Consistent,No preference,10.5,R,players-cb
17.4,89.5,209,Fade,Distance,Fat/Thin,Confidence-inspiring,10.5,R,game-improvement
27.3,104.9,235,Slice,Accuracy,Fat/Thin,Confidence-inspiring,10.5,S,super-game-improvement
17.2,80.4,186,Hook,Distance,Inconsistent,Forged/Blade-like,12,A,players-cb
6.2,94.5,228,Straight,Forgiveness,Left/Right,No preference,9,R,game-improvement
21.9,100.6,222,Slice,Accuracy,Fat/Thin,Confidence-inspiring,9,S,super-game-improvement
12.6,99.6,230,Fade,Forgiveness,Left/Right,No preference,10.5,S,game-improvement
34.0,75.0,146,Slice,Accuracy,Left/Right,Confidence-inspiring,12,A,super-game-improvement
17.0,104.1,238,Draw,Forgiveness,Left/Right,No preference,9,S,game-improvement
0.0,116.1,276,Fade,Forgiveness,Inconsistent,Forged/Blade-like,8,X,players-cb
20.2,95.6,218,Fade,Forgiveness,Left/Right,Forged/Blade-like,10.5,A,game-improvement
34.5,76.4,157,Slice,Forgiveness,Left/Right,No preference,12,A,super-game-improvement
31.2,80.2,156,Hook,Forgiveness,Left/Right,Confidence-inspiring,12,A,super-game-improvement
33.5,86.1,205,Draw,Forgiveness,Inconsistent,Confidence-inspiring,10.5,R,super-game-improvement
7.8,87.6,206,Draw,Accuracy,Left/Right,Confidence-inspiring,10.5,R,players-distance
25.2,102.1,240,Slice,Accuracy,Left/Right,Confidence-inspiring,10.5,S,game-improvement
10.5,115.9,268,Hook,Forgiveness,Left/Right,Forged/Blade-like,9,X,players-cb
19.0,90.7,222,Slice,Forgiveness,Left/Right,Confidence-inspiring,10.5,A,super-game-improvement
5.5,105.8,244,Straight,Distance,Consistent,No preference,9,S,blade
11.2,110.2,260,Straight,Accuracy,Fat/Thin,Forged/Blade-like,8,X,players-cb
10.9,118.1,268,Fade,Accuracy,Fat/Thin,Confidence-inspiring,9,X,players-distance
25.1,104.5,256,Slice,Forgiveness,Fat/Thin,Confidence-inspiring,10.5,S,super-game-improvement
24.2,72.2,159,Straight,Distance,Left/Right,Confidence-inspiring,10.5,A,game-improvement
19.5,89.6,211,Straight,Forgiveness,Inconsistent,No preference,10.5,R,super-game-improvement
4.8,107.7,263,Draw,Forgiveness,Consistent,No preference,9,R,players-cb
14.2,91.4,212,Draw,Accuracy,Consistent,Forged/Blade-like,10.5,R,players-cb
10.3,116.8,280,Fade,Distance,Inconsistent,Confidence-inspiring,8,X,players-distance
24.8,105.4,247,Straight,Forgiveness,Left/Right,No preference,10.5,S,game-improvement
27.6,79.1,180,Fade,Forgiveness,Inconsistent,Confidence-inspiring,12,L,super-game-improvement
26.5,86.4,193,Fade,Distance,Left/Right,Confidence-inspiring,10.5,R,super-game-improvement
10.2,91.6,221,Slice,Distance,Inconsistent,No preference,10.5,R,players-distance
0.0,104.0,272,Straight,Accuracy,Left/Right,Forged/Blade-like,8,S,blade
1.1,103.0,248,Straight,Accuracy,Consistent,Confidence-inspiring,10.5,S,players-cb
29.8,95.3,191,Slice,Accuracy,Inconsistent,Confidence-inspiring,10.5,R,game-improvement
13.4,88.0,195,Draw,Accuracy,Fat/Thin,No preference,10.5,R,game-improvement
10.2,72.9,163,Fade,Distance,Left/Right,No preference,10.5,A,players-distance
31.8,68.3,140,Fade,Forgiveness,Left/Right,No preference,12,A,super-game-improvement
28.4,76.4,160,Straight,Forgiveness,Fat/Thin,Confidence-inspiring,12,A,super-game-improvement
17.2,87.7,201,Draw,Distance,Left/Right,No preference,10.5,S,game-improvement
14.4,98.1,230,Draw,Forgiveness,Left/Right,Forged/Blade-like,10.5,S,players-distance
15.8,84.5,197,Slice,Forgiveness,Inconsistent,Confidence-inspiring,10.5,R,super-game-improvement
19.0,81.0,178,Fade,Forgiveness,Fat/Thin,Forged/Blade-like,12,A,game-improvement
31.4,75.4,172,Hook,Forgiveness,Inconsistent,No preference,12,A,super-game-improvement
20.8,80.7,187,Draw,Forgiveness,Left/Right,Confidence-inspiring,12,A,super-game-improvement
23.5,84.5,203,Hook,Distance,Left/Right,No preference,10.5,R,game-improvement
27.5,81.3,187,Slice,Forgiveness,Fat/Thin,Forged/Blade-like,12,A,super-game-improvement
6.5,108.5,256,Slice,Accuracy,Fat/Thin,Confidence-inspiring,8,S,game-improvement
23.8,79.9,190,Slice,Distance,Fat/Thin,Confidence-inspiring,12,A,super-game-improvement
14.3,92.7,218,Fade,Forgiveness,Inconsistent,No preference,10.5,R,super-game-improvement
0.0,100.5,253,Straight,Accuracy,Consistent,Confidence-inspiring,9,S,players-cb
0.0,114.1,286,Slice,Forgiveness,Consistent,No preference,9,X,players-cb
7.8,99.2,235,Straight,Accuracy,Fat/Thin,Forged/Blade-like,10.5,S,players-cb
21.8,101.7,230,Slice,Forgiveness,Left/Right,Confidence-inspiring,12,S,super-game-improvement
18.0,82.2,187,Fade,Forgiveness,Inconsistent,No preference,10.5,A,game-improvement
18.7,92.8,204,Fade,Accuracy,Left/Right,Forged/Blade-like,10.5,A,players-cb
34.6,76.7,145,Slice,Forgiveness,Left/Right,Confidence-inspiring,12,A,super-game-improvement
5.6,89.9,209,Fade,Accuracy,Consistent,No preference,10.5,R,blade
16.8,93.9,218,Draw,Distance,Left/Right,Confidence-inspiring,10.5,R,game-improvement
19.7,109.9,260,Straight,Forgiveness,Left/Right,No preference,9,S,game-improvement
10.4,90.4,220,Slice,Forgiveness,Inconsistent,Forged/Blade-like,10.5,R,players-distance
17.3,93.0,211,Straight,Accuracy,Consistent,Confidence-inspiring,10.5,R,players-distance
2.6,91.1,215,Straight,Accuracy,Left/Right,No preference,10.5,R,players-cb
29.7,71.2,154,Straight,Forgiveness,Inconsistent,No preference,10.5,A,super-game-improvement
10.9,90.7,205,Draw,Distance,Consistent,Confidence-inspiring,10.5,R,players-cb
35.3,77.5,146,Straight,Forgiveness,Fat/Thin,Confidence-inspiring,12,A,super-game-improvement
16.7,90.6,194,Draw,Distance,Fat/Thin,Confidence-inspiring,10.5,R,game-improvement
26.3,85.9,202,Straight,Forgiveness,Fat/Thin,No preference,12,R,super-game-improvement
16.5,78.3,197,Draw,Accuracy,Left/Right,No preference,12,A,players-distance
16.7,88.4,210,Fade,Forgiveness,Left/Right,No preference,9,R,game-improvement
11.7,103.1,241,Draw,Distance,Fat/Thin,Forged/Blade-like,9,S,blade
18.1,80.1,171,Fade,Accuracy,Fat/Thin,Forged/Blade-like,12,A,players-distance
19.9,88.9,200,Fade,Distance,Inconsistent,Confidence-inspiring,10.5,R,game-improvement
9.9,102.2,247,Slice,Distance,Left/Right,Forged/Blade-like,9,S,players-cb
15.9,87.4,209,Slice,Distance,Left/Right,Confidence-inspiring,9,R,game-improvement
11.5,101.6,245,Straight,Forgiveness,Inconsistent,Forged/Blade-like,12,S,players-distance
36.0,66.3,152,Fade,Forgiveness,Left/Right,Confidence-inspiring,12,L,super-game-improvement
16.2,103.9,257,Draw,Distance,Left/Right,No preference,9,S,players-distance
30.9,88.6,189,Hook,Forgiveness,Consistent,Confidence-inspiring,9,R,super-game-improvement
15.2,96.2,248,Fade,Distance,Left/Right,No preference,9,R,players-distance
19.3,104.1,219,Slice,Accuracy,Consistent,Forged/Blade-like,9,S,players-distance
5.1,99.2,231,Fade,Forgiveness,Left/Right,No preference,10.5,S,game-improvement
13.0,91.0,214,Fade,Distance,Fat/Thin,Forged/Blade-like,10.5,R,players-distance
18.9,106.9,249,Fade,Forgiveness,Left/Right,Confidence-inspiring,9,S,super-game-improvement
31.3,103.1,222,Slice,Forgiveness,Fat/Thin,Forged/Blade-like,10.5,S,super-game-improvement
19.0,86.1,192,Hook,Forgiveness,Fat/Thin,Forged/Blade-like,10.5,R,players-distance
29.5,84.8,205,Straight,Accuracy,Inconsistent,Confidence-inspiring,10.5,R,super-game-improvement
22.8,100.9,222,Slice,Forgiveness,Fat/Thin,Confidence-inspiring,10.5,S,super-game-improvement
31.6,83.7,172,Straight,Forgiveness,Fat/Thin,Confidence-inspiring,10.5,A,super-game-improvement
16.5,100.7,247,Slice,Forgiveness,Left/Right,Forged/Blade-like,10.5,S,players-distance
36.0,89.3,197,Slice,Forgiveness,Fat/Thin,Confidence-inspiring,10.5,R,super-game-improvement
12.6,91.8,224,Fade,Forgiveness,Consistent,Forged/Blade-like,10.5,R,players-cb
10.1,103.3,245,Straight,Accuracy,Left/Right,Forged/Blade-like,9,S,players-cb
6.1,101.8,231,Fade,Accuracy,Left/Right,Forged/Blade-like,9,S,blade
36.0,69.4,148,Slice,Forgiveness,Consistent,No preference,12,L,super-game-improvement
24.4,79.5,164,Straight,Forgiveness,Left/Right,Confidence-inspiring,12,A,super-game-improvement
14.0,90.0,211,Straight,Forgiveness,Fat/Thin,Confidence-inspiring,10.5,R,super-game-improvement
28.2,96.1,217,Straight,Distance,Inconsistent,No preference,10.5,S,super-game-improvement
23.2,99.8,233,Fade,Forgiveness,Fat/Thin,No preference,10.5,S,super-game-improvement
34.7,89.9,191,Slice,Distance,Left/Right,Confidence-inspiring,12,R,super-game-improvement
3.1,108.3,269,Draw,Accuracy,Consistent,No preference,8,S,blade
14.6,100.2,224,Draw,Distance,Consistent,No preference,9,S,players-cb
12.8,100.1,242,Draw,Accuracy,Consistent,Forged/Blade-like,9,S,players-cb
0.0,110.1,276,Slice,Accuracy,Consistent,No preference,8,X,players-cb
26.5,92.7,198,Fade,Forgiveness,Left/Right,Confidence-inspiring,10.5,R,super-game-improvement
14.6,82.0,195,Straight,Distance,Inconsistent,Forged/Blade-like,10.5,R,players-distance
23.7,82.0,193,Slice,Forgiveness,Left/Right,No preference,10.5,A,game-improvement
36.0,71.2,152,Straight,Accuracy,Inconsistent,Forged/Blade-like,12,L,game-improvement
13.8,107.7,243,Straight,Accuracy,Left/Right,Confidence-inspiring,9,S,players-distance
13.2,113.6,266,Draw,Distance,Consistent,Confidence-inspiring,8,X,players-cb
18.1,72.0,170,Fade,Forgiveness,Inconsistent,Confidence-inspiring,12,A,game-improvement
25.9,104.0,223,Slice,Forgiveness,Inconsistent,Confidence-inspiring,10.5,S,super-game-improvement
11.9,98.8,222,Draw,Accuracy,Left/Right,Confidence-inspiring,9,S,players-distance
11.3,108.4,259,Slice,Accuracy,Fat/Thin,No preference,8,S,players-distance
26.5,93.0,213,Slice,Forgiveness,Fat/Thin,No preference,10.5,R,super-game-improvement
20.4,106.5,261,Straight,Accuracy,Fat/Thin,Confidence-inspiring,9,S,super-game-improvement
0.0,108.1,271,Straight,Accuracy,Consistent,No preference,8,S,blade
6.0,88.3,201,Fade,Distance,Inconsistent,Confidence-inspiring,10.5,A,game-improvement
30.5,84.2,202,Straight,Forgiveness,Left/Right,Confidence-inspiring,10.5,R,super-game-improvement
20.6,97.1,229,Fade,Forgiveness,Fat/Thin,Forged/Blade-like,10.5,S,game-improvement
10.1,97.0,211,Fade,Accuracy,Inconsistent,No preference,9,S,players-distance
15.5,102.0,226,Straight,Forgiveness,Fat/Thin,Forged/Blade-like,9,X,game-improvement
17.1,93.7,211,Slice,Forgiveness,Left/Right,Confidence-inspiring,10.5,R,super-game-improvement
23.6,84.0,196,Slice,Forgiveness,Fat/Thin,Confidence-inspiring,10.5,R,super-game-improvement
4.8,91.9,200,Straight,Accuracy,Consistent,No preference,10.5,R,blade
9.4,95.7,225,Draw,Forgiveness,Inconsistent,No preference,9,R,game-improvement
19.5,94.8,223,Straight,Forgiveness,Left/Right,Forged/Blade-like,10.5,R,players-distance
16.1,75.5,149,Straight,Forgiveness,Consistent,Forged/Blade-like,12,A,players-distance
22.1,83.2,194,Fade,Forgiveness,Left/Right,Confidence-inspiring,10.5,A,super-game-improvement
5.9,82.0,204,Hook,Accuracy,Left/Right,Forged/Blade-like,10.5,A,blade
20.2,86.1,188,Fade,Forgiveness,Inconsistent,Confidence-inspiring,12,R,game-improvement
26.8,99.7,210,Slice,Forgiveness,Fat/Thin,Forged/Blade-like,12,S,game-improvement
21.4,79.6,172,Fade,Forgiveness,Fat/Thin,Confidence-inspiring,12,A,super-game-improvement
18.3,100.6,206,Hook,Forgiveness,Left/Right,No preference,10.5,S,game-improvement
16.1,120.0,274,Slice,Distance,Fat/Thin,Forged/Blade-like,8,X,players-cb
9.5,114.1,272,Slice,Distance,Consistent,Forged/Blade-like,8,X,players-cb
16.4,96.2,211,Slice,Forgiveness,Left/Right,Confidence-inspiring,10.5,R,super-game-improvement
28.3,95.3,218,Slice,Forgiveness,Consistent,Confidence-inspiring,10.5,R,super-game-improvement
15.9,81.5,189,Straight,Forgiveness,Left/Right,Forged/Blade-like,12,A,players-distance
9.0,84.1,202,Fade,Accuracy,Inconsistent,No preference,10.5,R,players-distance
12.6,97.7,225,Slice,Distance,Left/Right,Confidence-inspiring,9,S,game-improvement
18.8,97.2,228,Straight,Distance,Left/Right,No preference,9,S,players-distance
13.6,107.7,262,Draw,Forgiveness,Left/Right,No preference,9,S,game-improvement
21.4,85.8,190,Fade,Distance,Consistent,Forged/Blade-like,10.5,R,blade
21.7,93.2,217,Slice,Distance,Left/Right,Confidence-inspiring,10.5,A,game-improvement
25.0,90.6,209,Straight,Distance,Fat/Thin,Confidence-inspiring,10.5,R,super-game-improvement
29.8,84.4,188,Slice,Distance,Fat/Thin,No preference,10.5,R,super-game-improvement
26.0,87.6,209,Draw,Accuracy,Fat/Thin,No preference,10.5,R,game-improvement
8.6,91.6,211,Straight,Forgiveness,Consistent,Forged/Blade-like,10.5,R,players-cb
8.9,102.7,240,Slice,Distance,Consistent,No preference,9,S,players-cb
16.3,96.9,216,Fade,Forgiveness,Inconsistent,Confidence-inspiring,10.5,R,super-game-improvement
12.9,92.8,223,Straight,Accuracy,Inconsistent,No preference,10.5,R,game-improvement
6.8,108.0,256,Straight,Distance,Consistent,Confidence-inspiring,8,S,players-cb
13.0,107.4,244,Draw,Distance,Fat/Thin,Confidence-inspiring,9,X,game-improvement
12.7,104.1,258,Draw,Accuracy,Left/Right,Confidence-inspiring,9,X,game-improvement
11.0,88.1,223,Straight,Accuracy,Left/Right,No preference,10.5,R,players-distance
14.2,97.3,223,Slice,Distance,Inconsistent,Forged/Blade-like,9,S,players-distance
27.6,78.1,160,Slice,Accuracy,Left/Right,Confidence-inspiring,12,A,super-game-improvement
18.8,94.2,232,Draw,Distance,Fat/Thin,No preference,10.5,A,players-distance
36.0,72.4,158,Slice,Forgiveness,Fat/Thin,Confidence-inspiring,12,A,super-game-improvement
18.5,106.2,246,Straight,Accuracy,Left/Right,Forged/Blade-like,9,S,players-distance
14.4,104.0,242,Slice,Accuracy,Inconsistent,Confidence-inspiring,9,S,game-improvement
17.0,106.0,236,Straight,Forgiveness,Left/Right,Confidence-inspiring,9,S,game-improvement
19.3,103.4,232,Slice,Forgiveness,Fat/Thin,Forged/Blade-like,9,S,players-distance
20.9,89.1,208,Slice,Distance,Left/Right,Forged/Blade-like,10.5,R,players-distance
35.7,77.5,161,Fade,Forgiveness,Fat/Thin,Forged/Blade-like,12,A,super-game-improvement
9.4,117.0,281,Fade,Accuracy,Consistent,Forged/Blade-like,8,X,players-cb
24.7,87.6,195,Slice,Distance,Inconsistent,No preference,10.5,R,super-game-improvement
18.9,79.6,172,Straight,Forgiveness,Fat/Thin,Confidence-inspiring,12,A,super-game-improvement
2.9,114.1,291,Straight,Accuracy,Consistent,Confidence-inspiring,8,X,players-cb
23.9,91.2,209,Draw,Distance,Fat/Thin,Confidence-inspiring,10.5,R,super-game-improvement
28.4,101.7,226,Slice,Distance,Fat/Thin,Confidence-inspiring,10.5,S,super-game-improvement
9.3,102.1,247,Draw,Accuracy,Inconsistent,Forged/Blade-like,9,X,players-cb
16.9,94.3,201,Straight,Accuracy,Fat/Thin,Confidence-inspiring,10.5,R,game-improvement
1.5,120.0,288,Fade,Distance,Consistent,No preference,9,X,blade
5.7,86.7,194,Hook,Accuracy,Fat/Thin,No preference,10.5,R,players-cb
26.4,82.2,183,Draw,Forgiveness,Left/Right,Confidence-inspiring,10.5,A,super-game-improvement
12.8,88.4,209,Straight,Distance,Fat/Thin,Forged/Blade-like,12,R,players-distance
7.0,79.3,191,Slice,Accuracy,Consistent,No preference,12,A,players-cb
19.1,101.7,242,Straight,Forgiveness,Fat/Thin,Confidence-inspiring,10.5,S,super-game-improvement
12.3,92.1,202,Straight,Accuracy,Left/Right,No preference,10.5,R,players-distance
12.8,106.3,241,Draw,Accuracy,Inconsistent,Confidence-inspiring,9,S,game-improvement
23.7,93.8,214,Hook,Forgiveness,Fat/Thin,Confidence-inspiring,10.5,R,super-game-improvement
6.5,107.7,260,Hook,Accuracy,Consistent,Confidence-inspiring,8,S,players-cb
8.9,95.4,214,Straight,Accuracy,Inconsistent,Forged/Blade-like,10.5,R,players-cb
18.4,85.8,207,Draw,Accuracy,Consistent,Forged/Blade-like,10.5,R,players-cb
25.7,89.4,212,Straight,Distance,Inconsistent,No preference,10.5,R,players-distance
28.1,96.1,215,Straight,Forgiveness,Fat/Thin,No preference,10.5,R,super-game-improvement
11.0,98.0,217,Fade,Distance,Fat/Thin,No preference,9,S,players-distance
25.4,81.7,183,Draw,Forgiveness,Left/Right,Confidence-inspiring,12,A,super-game-improvement
9.9,87.3,209,Draw,Accuracy,Inconsistent,No preference,10.5,R,players-distance
33.4,85.3,181,Hook,Forgiveness,Left/Right,No preference,10.5,R,game-improvement
6.8,95.8,241,Draw,Distance,Consistent,No preference,10.5,R,players-cb
29.0,85.6,186,Straight,Accuracy,Fat/Thin,Confidence-inspiring,10.5,R,super-game-improvement
11.1,96.1,245,Fade,Accuracy,Inconsistent,Confidence-inspiring,9,R,players-distance
35.1,77.7,173,Slice,Accuracy,Inconsistent,Confidence-inspiring,12,A,super-game-improvement
22.3,93.8,213,Slice,Accuracy,Fat/Thin,Confidence-inspiring,10.5,R,super-game-improvement
7.9,106.2,261,Draw,Accuracy,Consistent,No preference,9,S,players-cb
12.3,117.3,288,Straight,Distance,Left/Right,Forged/Blade-like,8,X,players-cb
24.0,97.3,225,Slice,Distance,Fat/Thin,Confidence-inspiring,9,S,super-game-improvement
26.5,103.9,229,Draw,Forgiveness,Fat/Thin,Confidence-inspiring,10.5,S,super-game-improvement
16.4,86.7,194,Straight,Forgiveness,Left/Right,No preference,9,R,players-distance
17.4,78.2,169,Hook,Forgiveness,Left/Right,Confidence-inspiring,10.5,A,super-game-improvement
23.8,89.7,179,Slice,Forgiveness,Consistent,Confidence-inspiring,10.5,R,super-game-improvement
18.2,102.2,235,Slice,Distance,Left/Right,No preference,9,S,players-distance
5.4,109.3,259,Slice,Distance,Consistent,Forged/Blade-like,8,S,blade
9.7,111.5,260,Fade,Distance,Consistent,Forged/Blade-like,8,X,blade
19.1,67.6,163,Slice,Accuracy,Inconsistent,Confidence-inspiring,12,L,game-improvement
27.9,99.6,218,Straight,Forgiveness,Inconsistent,Forged/Blade-like,10.5,S,game-improvement
31.5,87.9,207,Slice,Forgiveness,Fat/Thin,Confidence-inspiring,10.5,R,super-game-improvement
24.0,74.2,161,Slice,Forgiveness,Inconsistent,Forged/Blade-like,10.5,A,game-improvement
19.6,99.9,218,Fade,Distance,Fat/Thin,Forged/Blade-like,9,S,players-distance
23.7,91.6,194,Slice,Forgiveness,Consistent,Forged/Blade-like,10.5,R,players-distance
11.0,102.3,247,Fade,Forgiveness,Left/Right,Forged/Blade-like,9,S,players-cb
15.6,105.4,254,Slice,Accuracy,Fat/Thin,Forged/Blade-like,9,S,blade
9.6,103.8,240,Draw,Accuracy,Consistent,Confidence-inspiring,10.5,S,players-cb
5.8,87.3,200,Fade,Distance,Consistent,Forged/Blade-like,10.5,R,blade
20.0,91.0,220,Slice,Accuracy,Consistent,No preference,10.5,R,players-distance
18.7,77.1,163,Straight,Distance,Fat/Thin,Forged/Blade-like,12,A,players-distance
23.2,96.7,226,Slice,Forgiveness,Left/Right,Confidence-inspiring,9,S,super-game-improvement
21.9,105.1,232,Straight,Distance,Left/Right,Confidence-inspiring,9,S,game-improvement
19.2,80.5,187,Straight,Distance,Fat/Thin,No preference,12,A,game-improvement
22.0,84.3,200,Draw,Forgiveness,Inconsistent,Confidence-inspiring,10.5,A,game-improvement
16.6,85.9,202,Fade,Distance,Fat/Thin,Confidence-inspiring,10.5,R,players-distance
20.7,87.4,195,Straight,Forgiveness,Left/Right,Confidence-inspiring,10.5,R,super-game-improvement
10.5,103.0,255,Straight,Forgiveness,Fat/Thin,Confidence-inspiring,9,S,players-distance
20.3,87.8,202,Draw,Forgiveness,Inconsistent,Confidence-inspiring,10.5,R,super-game-improvement
23.0,96.9,250,Hook,Forgiveness,Left/Right,Forged/Blade-like,12,R,players-distance
11.0,109.2,241,Straight,Distance,Fat/Thin,Confidence-inspiring,8,S,players-distance
17.5,105.1,225,Straight,Forgiveness,Fat/Thin,Forged/Blade-like,9,S,players-distance
11.4,87.1,213,Straight,Accuracy,Left/Right,Forged/Blade-like,12,R,players-cb
12.3,111.5,261,Fade,Forgiveness,Left/Right,Confidence-inspiring,10.5,X,game-improvement
6.9,116.0,284,Hook,Distance,Consistent,No preference,8,S,blade
28.4,102.2,214,Fade,Forgiveness,Fat/Thin,No preference,10.5,S,super-game-improvement
26.6,86.3,191,Slice,Accuracy,Fat/Thin,Confidence-inspiring,10.5,R,super-game-improvement
21.8,83.7,193,Slice,Accuracy,Fat/Thin,Confidence-inspiring,10.5,A,super-game-improvement
34.7,72.6,150,Slice,Forgiveness,Left/Right,Confidence-inspiring,12,A,game-improvement
15.3,84.6,198,Straight,Distance,Fat/Thin,No preference,10.5,R,game-improvement
36.0,81.6,161,Fade,Forgiveness,Fat/Thin,Confidence-inspiring,12,A,super-game-improvement
15.0,104.3,245,Fade,Forgiveness,Consistent,Confidence-inspiring,9,S,players-distance
19.3,105.9,254,Draw,Accuracy,Consistent,No preference,9,S,players-cb
13.4,92.0,203,Fade,Distance,Consistent,Confidence-inspiring,10.5,R,players-distance
20.4,91.7,196,Fade,Forgiveness,Fat/Thin,No preference,10.5,R,super-game-improvement
24.5,88.3,208,Fade,Forgiveness,Left/Right,Confidence-inspiring,10.5,R,super-game-improvement
16.0,88.8,193,Hook,Accuracy,Inconsistent,Forged/Blade-like,10.5,R,players-cb
33.0,90.9,203,Fade,Forgiveness,Left/Right,No preference,10.5,R,super-game-improvement
19.2,96.6,220,Draw,Accuracy,Consistent,No preference,9,R,players-cb
19.4,94.2,211,Hook,Forgiveness,Inconsistent,No preference,10.5,R,game-improvement
8.8,103.6,259,Straight,Distance,Consistent,Forged/Blade-like,8,S,players-cb
20.8,98.0,230,Fade,Accuracy,Fat/Thin,Confidence-inspiring,9,S,super-game-improvement
15.8,101.3,236,Straight,Accuracy,Left/Right,Confidence-inspiring,9,S,game-improvement
11.5,89.8,191,Slice,Accuracy,Left/Right,No preference,10.5,R,players-cb
10.0,108.2,262,Slice,Forgiveness,Fat/Thin,Forged/Blade-like,9,S,players-distance
36.0,84.1,169,Draw,Forgiveness,Fat/Thin,Confidence-inspiring,10.5,R,super-game-improvement
14.6,91.7,211,Slice,Distance,Fat/Thin,Forged/Blade-like,10.5,R,players-distance
3.9,105.7,255,Fade,Accuracy,Consistent,Forged/Blade-like,9,S,blade
10.7,102.2,258,Fade,Distance,Consistent,Forged/Blade-like,9,S,players-cb
16.5,105.6,241,Fade,Forgiveness,Left/Right,Confidence-inspiring,8,S,super-game-improvement
21.9,80.6,169,Straight,Distance,Fat/Thin,Confidence-inspiring,12,A,game-improvement
22.0,104.3,248,Hook,Forgiveness,Left/Right,Confidence-inspiring,9,S,super-game-improvement
23.1,90.5,209,Fade,Forgiveness,Left/Right,Confidence-inspiring,10.5,R,super-game-improvement
11.2,93.3,226,Hook,Forgiveness,Fat/Thin,Confidence-inspiring,10.5,R,game-improvement
20.1,87.0,211,Draw,Accuracy,Inconsistent,Confidence-inspiring,10.5,R,super-game-improvement
9.1,89.8,228,Straight,Forgiveness,Consistent,Forged/Blade-like,10.5,R,players-cb
11.4,80.8,182,Draw,Forgiveness,Consistent,Confidence-inspiring,10.5,A,game-improvement
8.7,106.9,241,Hook,Accuracy,Consistent,Confidence-inspiring,9,X,players-cb
6.3,120.0,295,Straight,Distance,Fat/Thin,No preference,8,X,players-distance
26.6,71.7,156,Straight,Forgiveness,Fat/Thin,Confidence-inspiring,12,A,super-game-improvement
23.2,80.7,179,Fade,Forgiveness,Fat/Thin,Confidence-inspiring,10.5,A,super-game-improvement
25.8,96.0,203,Slice,Distance,Left/Right,Confidence-inspiring,10.5,S,game-improvement
17.4,93.7,220,Fade,Forgiveness,Consistent,No preference,10.5,R,players-distance
24.0,98.0,223,Straight,Accuracy,Left/Right,Confidence-inspiring,10.5,S,super-game-improvement
1.1,104.2,253,Fade,Distance,Inconsistent,Forged/Blade-like,9,S,blade
24.8,83.3,173,Fade,Forgiveness,Fat/Thin,Confidence-inspiring,10.5,A,super-game-improvement
18.6,91.1,219,Straight,Accuracy,Left/Right,Confidence-inspiring,10.5,R,game-improvement
22.6,66.8,152,Slice,Forgiveness,Left/Right,Confidence-inspiring,12,L,super-game-improvement
20.4,80.7,193,Hook,Distance,Left/Right,Confidence-inspiring,10.5,A,game-improvement
8.1,110.0,243,Draw,Distance,Consistent,Confidence-inspiring,8,X,players-cb
3.5,115.5,280,Draw,Accuracy,Inconsistent,Confidence-inspiring,8,X,players-cb
10.6,112.9,259,Straight,Distance,Fat/Thin,Forged/Blade-like,8,S,players-cb
22.1,95.4,215,Fade,Forgiveness,Inconsistent,Confidence-inspiring,10.5,R,super-game-improvement
23.2,67.7,160,Slice,Forgiveness,Left/Right,Confidence-inspiring,12,L,super-game-improvement
4.7,96.5,236,Straight,Accuracy,Consistent,Forged/Blade-like,10.5,R,blade
8.2,113.7,270,Draw,Forgiveness,Left/Right,No preference,9,S,players-distance
10.5,115.1,271,Slice,Accuracy,Left/Right,Forged/Blade-like,8,X,players-cb
13.8,110.2,242,Straight,Accuracy,Fat/Thin,Confidence-inspiring,8,X,game-improvement
4.7,100.4,234,Straight,Distance,Consistent,No preference,9,S,blade
4.2,90.1,227,Straight,Forgiveness,Consistent,Confidence-inspiring,10.5,R,players-distance
9.6,99.1,230,Hook,Accuracy,Consistent,Forged/Blade-like,10.5,X,players-cb
17.8,94.0,226,Draw,Distance,Inconsistent,Forged/Blade-like,10.5,R,players-cb
6.4,117.3,288,Draw,Forgiveness,Consistent,Confidence-inspiring,9,X,players-distance
16.0,97.4,233,Slice,Distance,Consistent,No preference,9,S,players-cb
26.5,88.1,198,Straight,Forgiveness,Left/Right,Confidence-inspiring,10.5,R,super-game-improvement
5.3,103.1,244,Straight,Distance,Consistent,No preference,9,S,blade
15.1,99.7,229,Fade,Accuracy,Left/Right,Confidence-inspiring,9,S,game-improvement
26.2,94.4,215,Straight,Distance,Left/Right,Confidence-inspiring,10.5,R,super-game-improvement
13.2,89.8,190,Slice,Accuracy,Left/Right,No preference,10.5,R,game-improvement
11.8,87.4,216,Hook,Accuracy,Left/Right,No preference,10.5,R,blade
27.5,101.0,218,Slice,Forgiveness,Fat/Thin,Confidence-inspiring,10.5,S,super-game-improvement
14.2,79.9,185,Draw,Distance,Inconsistent,No preference,12,A,players-distance
26.9,104.1,229,Straight,Distance,Left/Right,No preference,10.5,S,players-distance
20.9,72.7,164,Slice,Distance,Inconsistent,Confidence-inspiring,12,A,super-game-improvement
13.9,90.7,199,Straight,Accuracy,Left/Right,Forged/Blade-like,10.5,R,players-cb
21.3,101.2,230,Straight,Forgiveness,Inconsistent,Confidence-inspiring,10.5,S,super-game-improvement
19.9,92.5,215,Straight,Forgiveness,Left/Right,No preference,10.5,R,game-improvement
26.2,75.0,148,Straight,Accuracy,Left/Right,Confidence-inspiring,12,A,super-game-improvement
12.1,102.0,227,Straight,Forgiveness,Inconsistent,Forged/Blade-like,9,S,players-distance
17.4,94.8,225,Straight,Distance,Inconsistent,Confidence-inspiring,10.5,R,game-improvement
16.4,92.7,220,Straight,Forgiveness,Fat/Thin,Confidence-inspiring,10.5,R,super-game-improvement
23.3,83.9,191,Straight,Forgiveness,Consistent,Confidence-inspiring,10.5,A,super-game-improvement
7.8,100.3,233,Fade,Accuracy,Consistent,No preference,10.5,S,blade
26.2,82.4,189,Straight,Forgiveness,Fat/Thin,Confidence-inspiring,10.5,A,super-game-improvement
21.2,115.9,251,Draw,Accuracy,Left/Right,Confidence-inspiring,8,X,game-improvement
5.1,100.1,239,Fade,Accuracy,Fat/Thin,No preference,9,S,players-cb
27.9,83.3,171,Straight,Distance,Inconsistent,No preference,10.5,A,super-game-improvement
36.0,76.1,160,Slice,Distance,Left/Right,Confidence-inspiring,12,R,super-game-improvement
26.0,106.1,226,Slice,Forgiveness,Left/Right,No preference,10.5,S,super-game-improvement
29.8,69.3,158,Draw,Distance,Inconsistent,Confidence-inspiring,12,L,game-improvement
17.8,97.5,227,Straight,Distance,Inconsistent,No preference,9,S,game-improvement
2.0,102.2,243,Fade,Distance,Consistent,No preference,9,X,blade
0.4,91.5,234,Straight,Distance,Consistent,Confidence-inspiring,10.5,R,players-cb
19.3,84.7,184,Straight,Distance,Fat/Thin,Confidence-inspiring,10.5,R,super-game-improvement
11.7,101.2,237,Draw,Forgiveness,Consistent,Confidence-inspiring,10.5,S,players-distance
8.8,91.4,211,Straight,Accuracy,Inconsistent,Forged/Blade-like,9,A,players-cb
16.4,97.4,231,Draw,Distance,Consistent,No preference,9,X,players-cb
22.5,108.0,249,Slice,Distance,Inconsistent,Confidence-inspiring,8,S,super-game-improvement
3.9,105.1,266,Straight,Distance,Consistent,Confidence-inspiring,9,S,blade
13.0,82.6,193,Straight,Forgiveness,Inconsistent,Confidence-inspiring,10.5,L,super-game-improvement
30.6,76.7,140,Draw,Forgiveness,Inconsistent,No preference,12,A,super-game-improvement
7.3,98.2,230,Fade,Forgiveness,Consistent,Confidence-inspiring,10.5,S,players-distance
24.8,85.6,205,Straight,Forgiveness,Left/Right,Confidence-inspiring,10.5,R,super-game-improvement
12.6,99.0,228,Straight,Accuracy,Left/Right,No preference,9,S,players-distance
21.9,94.2,195,Slice,Forgiveness,Left/Right,No preference,10.5,R,super-game-improvement
26.9,105.0,236,Slice,Distance,Left/Right,Confidence-inspiring,10.5,S,game-improvement
23.7,89.8,206,Straight,Forgiveness,Left/Right,No preference,10.5,R,super-game-improvement
25.2,77.3,165,Slice,Accuracy,Inconsistent,Confidence-inspiring,12,A,super-game-improvement
6.6,113.1,268,Straight,Accuracy,Left/Right,Forged/Blade-like,9,S,blade
27.0,100.3,214,Slice,Accuracy,Fat/Thin,Forged/Blade-like,12,S,game-improvement
9.3,102.0,246,Draw,Forgiveness,Left/Right,No preference,8,S,players-distance
19.3,90.4,206,Straight,Distance,Fat/Thin,Confidence-inspiring,10.5,R,game-improvement
19.3,99.1,215,Slice,Forgiveness,Inconsistent,No preference,10.5,R,super-game-improvement
21.4,89.3,201,Draw,Distance,Left/Right,Confidence-inspiring,10.5,S,game-improvement
20.0,71.8,156,Fade,Accuracy,Fat/Thin,Confidence-inspiring,12,L,super-game-improvement
9.4,105.2,262,Fade,Distance,Consistent,Forged/Blade-like,9,S,players-cb
4.9,111.6,277,Fade,Distance,Consistent,No preference,8,X,blade
24.9,103.5,229,Draw,Forgiveness,Left/Right,No preference,10.5,S,game-improvement
18.7,86.0,197,Draw,Forgiveness,Fat/Thin,Confidence-inspiring,10.5,A,super-game-improvement
27.3,89.7,207,Slice,Forgiveness,Inconsistent,Confidence-inspiring,10.5,S,super-game-improvement
16.6,97.2,222,Draw,Accuracy,Left/Right,No preference,9,S,players-distance
4.4,103.9,257,Fade,Distance,Inconsistent,No preference,9,S,players-cb
25.7,89.7,212,Fade,Distance,Left/Right,Confidence-inspiring,10.5,R,super-game-improvement
13.7,97.1,222,Straight,Distance,Fat/Thin,Confidence-inspiring,9,S,game-improvement
20.1,94.4,229,Slice,Distance,Inconsistent,No preference,10.5,R,game-improvement
11.2,105.8,261,Slice,Accuracy,Left/Right,Confidence-inspiring,9,S,players-distance
31.8,96.6,211,Straight,Forgiveness,Left/Right,Confidence-inspiring,10.5,R,super-game-improvement
9.1,92.2,214,Draw,Accuracy,Fat/Thin,Forged/Blade-like,10.5,R,players-cb
14.0,94.8,222,Slice,Accuracy,Fat/Thin,Confidence-inspiring,10.5,R,super-game-improvement
18.0,89.5,203,Straight,Accuracy,Left/Right,No preference,10.5,R,players-distance
7.2,95.4,220,Draw,Accuracy,Inconsistent,No preference,10.5,R,game-improvement
20.0,76.2,178,Straight,Forgiveness,Inconsistent,Confidence-inspiring,12,A,super-game-improvement
31.5,84.8,175,Slice,Forgiveness,Left/Right,Confidence-inspiring,10.5,R,super-game-improvement
12.6,102.2,236,Slice,Forgiveness,Inconsistent,Confidence-inspiring,9,S,super-game-improvement
20.6,90.4,202,Slice,Forgiveness,Fat/Thin,Confidence-inspiring,10.5,S,game-improvement
0.0,105.9,247,Hook,Accuracy,Consistent,Forged/Blade-like,9,S,blade
16.6,98.9,233,Slice,Forgiveness,Consistent,Confidence-inspiring,10.5,S,super-game-improvement
14.2,110.5,255,Fade,Forgiveness,Fat/Thin,No preference,10.5,S,game-improvement
9.6,95.3,237,Draw,Distance,Left/Right,Forged/Blade-like,10.5,R,players-cb
26.7,76.1,166,Straight,Distance,Left/Right,Confidence-inspiring,12,A,super-game-improvement
14.1,95.5,218,Straight,Forgiveness,Fat/Thin,Forged/Blade-like,10.5,R,super-game-improvement
15.4,114.4,256,Fade,Forgiveness,Left/Right,Forged/Blade-like,9,X,players-distance
13.6,85.1,198,Straight,Distance,Inconsistent,Confidence-inspiring,10.5,R,game-improvement
0.0,112.5,276,Hook,Accuracy,Consistent,Forged/Blade-like,8,X,blade
6.8,113.0,277,Fade,Distance,Consistent,No preference,9,S,players-cb
25.6,65.0,145,Slice,Forgiveness,Left/Right,Confidence-inspiring,12,A,game-improvement
0.0,110.1,289,Hook,Forgiveness,Consistent,Confidence-inspiring,9,S,players-cb
10.1,105.2,252,Straight,Distance,Left/Right,No preference,9,S,players-cb
13.4,94.2,211,Slice,Accuracy,Left/Right,Confidence-inspiring,10.5,R,game-improvement
32.7,77.3,157,Slice,Forgiveness,Inconsistent,Forged/Blade-like,12,A,game-improvement
23.9,83.8,192,Slice,Distance,Fat/Thin,Confidence-inspiring,10.5,L,super-game-improvement
12.0,94.6,212,Fade,Accuracy,Left/Right,Confidence-inspiring,10.5,R,game-improvement
28.7,83.5,188,Hook,Forgiveness,Fat/Thin,Confidence-inspiring,10.5,A,super-game-improvement
10.3,94.1,230,Slice,Forgiveness,Inconsistent,Confidence-inspiring,10.5,R,super-game-improvement
26.1,84.8,196,Straight,Forgiveness,Fat/Thin,Confidence-inspiring,10.5,R,super-game-improvement
4.8,114.6,268,Fade,Distance,Consistent,Forged/Blade-like,8,X,blade
26.7,75.7,176,Slice,Distance,Consistent,Confidence-inspiring,12,A,super-game-improvement
13.3,79.5,188,Fade,Distance,Consistent,Forged/Blade-like,12,L,players-cb
7.7,112.8,263,Straight,Accuracy,Consistent,No preference,9,X,players-cb
15.0,93.9,216,Slice,Distance,Left/Right,Confidence-inspiring,10.5,R,game-improvement
19.5,88.9,206,Draw,Distance,Inconsistent,Forged/Blade-like,9,R,players-distance
12.5,96.4,219,Slice,Forgiveness,Inconsistent,Forged/Blade-like,12,R,game-improvement
22.0,93.1,212,Hook,Distance,Inconsistent,Confidence-inspiring,10.5,R,super-game-improvement
11.8,92.7,230,Slice,Forgiveness,Fat/Thin,Confidence-inspiring,10.5,R,super-game-improvement
22.6,95.7,224,Draw,Distance,Inconsistent,Confidence-inspiring,12,R,super-game-improvement
21.0,82.1,186,Slice,Distance,Fat/Thin,Confidence-inspiring,10.5,A,super-game-improvement
16.5,91.8,213,Fade,Forgiveness,Left/Right,Confidence-inspiring,10.5,R,super-game-improvement
13.0,75.0,170,Draw,Accuracy,Consistent,Confidence-inspiring,12,R,players-distance
18.4,105.2,236,Hook,Forgiveness,Left/Right,Confidence-inspiring,10.5,S,game-improvement
22.0,89.3,187,Slice,Forgiveness,Left/Right,Confidence-inspiring,10.5,R,super-game-improvement
35.6,88.5,191,Slice,Forgiveness,Fat/Thin,Confidence-inspiring,10.5,R,super-game-improvement
25.5,93.4,214,Hook,Distance,Left/Right,Confidence-inspiring,10.5,R,game-improvement
25.8,94.0,208,Hook,Forgiveness,Left/Right,No preference,10.5,R,super-game-improvement
36.0,81.4,165,Slice,Accuracy,Left/Right,Confidence-inspiring,12,A,super-game-improvement
21.6,95.2,215,Slice,Forgiveness,Fat/Thin,Confidence-inspiring,10.5,R,super-game-improvement
21.4,81.8,197,Hook,Forgiveness,Left/Right,Confidence-inspiring,12,A,super-game-improvement
23.3,78.4,184,Fade,Distance,Left/Right,No preference,12,A,game-improvement
7.9,99.6,237,Fade,Distance,Consistent,Confidence-inspiring,9,S,players-cb
13.0,90.4,229,Fade,Accuracy,Consistent,Forged/Blade-like,10.5,R,players-distance
12.4,111.8,286,Slice,Accuracy,Left/Right,Forged/Blade-like,8,X,players-cb
22.8,94.2,207,Straight,Forgiveness,Left/Right,Confidence-inspiring,10.5,R,super-game-improvement
15.4,88.4,202,Fade,Accuracy,Inconsistent,Confidence-inspiring,10.5,R,game-improvement
18.2,90.9,214,Fade,Accuracy,Left/Right,No preference,10.5,R,players-distance
26.8,89.1,189,Straight,Distance,Fat/Thin,Forged/Blade-like,10.5,R,players-distance
24.8,88.5,205,Slice,Forgiveness,Fat/Thin,Confidence-inspiring,10.5,R,super-game-improvement
15.5,98.2,228,Straight,Distance,Fat/Thin,Forged/Blade-like,9,S,players-distance
11.0,99.2,237,Straight,Accuracy,Left/Right,Forged/Blade-like,9,S,players-cb
27.2,73.6,157,Hook,Accuracy,Left/Right,Confidence-inspiring,12,A,super-game-improvement
24.0,68.2,145,Slice,Forgiveness,Left/Right,Confidence-inspiring,10.5,L,super-game-improvement
2.5,100.6,226,Fade,Accuracy,Inconsistent,No preference,10.5,S,players-cb
14.2,101.9,250,Straight,Forgiveness,Fat/Thin,Confidence-inspiring,12,S,super-game-improvement
18.5,89.8,214,Fade,Forgiveness,Left/Right,Confidence-inspiring,10.5,R,game-improvement
24.0,102.0,234,Slice,Forgiveness,Left/Right,Confidence-inspiring,9,S,super-game-improvement
25.2,88.4,200,Straight,Forgiveness,Left/Right,Confidence-inspiring,10.5,S,super-game-improvement
19.6,106.2,221,Straight,Distance,Left/Right,No preference,9,S,players-distance
22.3,102.4,224,Slice,Forgiveness,Inconsistent,Confidence-inspiring,9,S,super-game-improvement
17.6,104.5,237,Slice,Forgiveness,Consistent,Forged/Blade-like,9,S,players-cb
10.9,86.6,194,Draw,Distance,Left/Right,No preference,10.5,R,players-cb
14.6,96.2,208,Fade,Forgiveness,Fat/Thin,Confidence-inspiring,10.5,R,super-game-improvement
17.2,106.5,236,Hook,Distance,Inconsistent,No preference,9,S,game-improvement
16.7,97.4,224,Draw,Forgiveness,Consistent,Forged/Blade-like,10.5,R,players-cb
0.0,111.5,274,Straight,Accuracy,Consistent,No preference,8,X,blade
13.4,83.0,202,Fade,Forgiveness,Left/Right,Confidence-inspiring,10.5,A,super-game-improvement
17.5,113.3,278,Fade,Accuracy,Inconsistent,Confidence-inspiring,8,X,game-improvement
14.5,88.2,211,Draw,Forgiveness,Consistent,No preference,10.5,R,players-distance
14.8,76.0,174,Draw,Distance,Inconsistent,Forged/Blade-like,12,A,players-distance
21.4,87.9,215,Fade,Forgiveness,Inconsistent,Confidence-inspiring,10.5,R,super-game-improvement
7.3,76.6,168,Draw,Distance,Consistent,Forged/Blade-like,12,A,players-cb
2.3,93.6,209,Fade,Distance,Consistent,Confidence-inspiring,10.5,R,players-cb
13.9,120.0,271,Straight,Accuracy,Fat/Thin,Forged/Blade-like,8,S,players-cb
23.9,85.9,199,Slice,Forgiveness,Fat/Thin,Confidence-inspiring,10.5,R,super-game-improvement
32.2,69.8,152,Fade,Forgiveness,Inconsistent,Forged/Blade-like,12,A,super-game-improvement
24.0,89.9,191,Fade,Distance,Inconsistent,No preference,10.5,R,game-improvement
3.8,94.4,222,Fade,Distance,Left/Right,Forged/Blade-like,10.5,R,blade
14.9,104.5,231,Slice,Distance,Fat/Thin,Forged/Blade-like,9,S,players-cb
19.3,84.0,180,Fade,Distance,Left/Right,No preference,10.5,R,game-improvement
18.6,96.1,233,Fade,Distance,Consistent,Confidence-inspiring,9,S,game-improvement
21.9,79.6,178,Slice,Forgiveness,Fat/Thin,Confidence-inspiring,12,A,super-game-improvement
8.7,120.0,301,Draw,Accuracy,Consistent,Forged/Blade-like,9,X,players-cb
17.6,99.1,219,Slice,Accuracy,Left/Right,No preference,9,S,game-improvement
20.8,90.4,209,Straight,Accuracy,Inconsistent,Confidence-inspiring,10.5,R,super-game-improvement
24.4,86.5,195,Hook,Distance,Left/Right,Confidence-inspiring,9,R,super-game-improvement
9.7,93.9,230,Straight,Accuracy,Consistent,No preference,10.5,R,players-cb
13.9,88.9,209,Draw,Distance,Left/Right,No preference,10.5,R,players-distance
0.0,98.1,249,Fade,Distance,Left/Right,Forged/Blade-like,9,X,blade
11.4,115.0,275,Straight,Accuracy,Fat/Thin,Confidence-inspiring,8,X,players-distance
12.3,92.1,206,Slice,Forgiveness,Inconsistent,Forged/Blade-like,10.5,R,game-improvement
7.8,79.4,196,Fade,Forgiveness,Consistent,Forged/Blade-like,12,A,players-distance
18.5,81.8,186,Straight,Accuracy,Consistent,No preference,12,A,players-cb
16.5,104.1,233,Slice,Forgiveness,Inconsistent,Forged/Blade-like,10.5,X,players-distance
0.0,103.5,260,Draw,Accuracy,Left/Right,No preference,9,S,players-cb
18.9,91.8,218,Straight,Distance,Left/Right,Confidence-inspiring,10.5,R,game-improvement
8.6,111.9,261,Draw,Distance,Consistent,No preference,8,X,players-cb
21.4,83.7,186,Draw,Accuracy,Consistent,Forged/Blade-like,10.5,A,players-cb
5.5,108.6,248,Draw,Distance,Consistent,No preference,9,S,blade
17.3,87.6,185,Draw,Distance,Inconsistent,Confidence-inspiring,10.5,R,game-improvement
14.5,101.9,234,Straight,Forgiveness,Inconsistent,Confidence-inspiring,10.5,S,super-game-improvement
19.7,88.7,209,Slice,Accuracy,Fat/Thin,Forged/Blade-like,10.5,R,players-distance
18.1,91.3,204,Hook,Accuracy,Fat/Thin,Confidence-inspiring,10.5,R,game-improvement
14.7,104.2,254,Fade,Distance,Inconsistent,Forged/Blade-like,8,S,players-cb
3.2,111.3,268,Fade,Distance,Consistent,Forged/Blade-like,9,X,blade
3.7,101.8,244,Straight,Forgiveness,Consistent,Forged/Blade-like,10.5,S,blade
11.7,93.3,216,Draw,Accuracy,Inconsistent,Forged/Blade-like,10.5,R,players-distance
16.9,110.5,263,Slice,Distance,Left/Right,Confidence-inspiring,9,X,game-improvement
11.5,104.1,236,Fade,Accuracy,Left/Right,Confidence-inspiring,9,R,players-distance
22.6,86.7,194,Slice,Forgiveness,Inconsistent,No preference,10.5,R,super-game-improvement
14.5,89.6,203,Slice,Accuracy,Fat/Thin,Confidence-inspiring,10.5,R,super-game-improvement
8.3,110.6,258,Straight,Forgiveness,Consistent,Forged/Blade-like,9,X,players-cb
14.5,97.3,226,Fade,Accuracy,Inconsistent,No preference,9,S,game-improvement
19.0,91.4,207,Slice,Distance,Inconsistent,Confidence-inspiring,10.5,R,super-game-improvement
19.9,93.6,222,Straight,Accuracy,Fat/Thin,Forged/Blade-like,10.5,R,players-distance
33.9,86.3,185,Straight,Accuracy,Fat/Thin,Confidence-inspiring,10.5,R,game-improvement
11.0,98.0,235,Draw,Accuracy,Consistent,No preference,8,S,players-cb
16.3,107.0,248,Slice,Forgiveness,Left/Right,Confidence-inspiring,10.5,S,super-game-improvement
20.8,104.4,249,Fade,Forgiveness,Left/Right,Confidence-inspiring,9,S,super-game-improvement
16.8,99.9,227,Fade,Distance,Fat/Thin,Confidence-inspiring,9,S,game-improvement
12.5,111.2,257,Straight,Distance,Fat/Thin,No preference,8,X,players-distance
3.1,104.0,259,Straight,Accuracy,Fat/Thin,No preference,9,S,players-cb
12.4,104.5,242,Draw,Distance,Left/Right,Forged/Blade-like,9,R,players-cb
7.3,111.1,269,Fade,Accuracy,Consistent,Confidence-inspiring,8,X,players-cb
1.5,115.2,302,Straight,Accuracy,Inconsistent,Forged/Blade-like,8,X,blade
9.8,108.5,247,Fade,Distance,Consistent,Forged/Blade-like,8,S,players-cb
7.6,107.1,269,Straight,Accuracy,Consistent,No preference,9,S,blade
22.3,110.4,244,Straight,Accuracy,Fat/Thin,No preference,8,S,game-improvement
22.4,85.4,204,Draw,Forgiveness,Inconsistent,Confidence-inspiring,12,R,super-game-improvement
8.9,98.4,239,Fade,Accuracy,Consistent,Forged/Blade-like,9,S,players-cb
14.7,93.9,223,Straight,Forgiveness,Fat/Thin,Confidence-inspiring,10.5,R,game-improvement
0.3,102.1,249,Straight,Distance,Consistent,No preference,9,S,blade
12.6,77.5,179,Slice,Forgiveness,Left/Right,Confidence-inspiring,12,A,super-game-improvement
20.6,105.7,233,Straight,Forgiveness,Fat/Thin,Confidence-inspiring,9,S,super-game-improvement
24.4,79.1,176,Straight,Forgiveness,Inconsistent,No preference,12,A,super-game-improvement
10.6,100.5,235,Slice,Accuracy,Left/Right,Confidence-inspiring,9,S,game-improvement
26.5,73.8,165,Draw,Forgiveness,Fat/Thin,Confidence-inspiring,12,A,super-game-improvement
3.4,109.9,253,Slice,Distance,Consistent,No preference,8,S,blade
5.8,94.2,226,Fade,Accuracy,Consistent,Forged/Blade-like,10.5,R,blade
23.4,78.7,188,Fade,Distance,Inconsistent,Confidence-inspiring,12,A,super-game-improvement
32.0,86.2,195,Slice,Accuracy,Fat/Thin,No preference,10.5,R,super-game-improvement
21.4,84.4,191,Draw,Forgiveness,Left/Right,No preference,10.5,R,super-game-improvement
16.6,89.0,228,Straight,Distance,Left/Right,Confidence-inspiring,10.5,R,game-improvement
0.0,107.7,259,Straight,Distance,Inconsistent,Confidence-inspiring,9,X,players-cb
0.0,114.0,279,Fade,Distance,Consistent,Confidence-inspiring,8,X,blade
18.2,85.4,182,Fade,Forgiveness,Left/Right,Confidence-inspiring,10.5,S,super-game-improvement
13.8,86.7,198,Slice,Accuracy,Left/Right,No preference,9,R,game-improvement
7.0,101.5,258,Draw,Accuracy,Left/Right,Forged/Blade-like,9,S,blade
17.6,99.4,224,Straight,Forgiveness,Left/Right,No preference,10.5,S,game-improvement
18.0,108.4,234,Fade,Accuracy,Fat/Thin,Confidence-inspiring,8,S,game-improvement
25.5,77.9,181,Straight,Forgiveness,Inconsistent,Forged/Blade-like,12,A,super-game-improvement
18.2,90.4,210,Fade,Forgiveness,Left/Right,No preference,10.5,R,game-improvement
28.1,98.6,224,Straight,Forgiveness,Left/Right,Confidence-inspiring,10.5,S,super-game-improvement
17.1,114.1,259,Slice,Accuracy,Fat/Thin,Forged/Blade-like,8,X,players-cb
16.0,85.2,187,Draw,Accuracy,Consistent,No preference,10.5,R,players-cb
26.6,80.5,176,Draw,Forgiveness,Fat/Thin,Confidence-inspiring,12,A,super-game-improvement
8.2,104.2,253,Draw,Distance,Inconsistent,No preference,9,S,players-cb
36.0,75.7,160,Straight,Distance,Inconsistent,Confidence-inspiring,12,A,super-game-improvement
20.4,84.5,195,Draw,Forgiveness,Fat/Thin,Confidence-inspiring,10.5,R,super-game-improvement
20.4,94.6,210,Straight,Forgiveness,Inconsistent,Confidence-inspiring,10.5,R,game-improvement
21.7,106.7,244,Hook,Forgiveness,Fat/Thin,Confidence-inspiring,9,S,super-game-improvement
33.9,69.9,150,Slice,Accuracy,Fat/Thin,Confidence-inspiring,12,L,super-game-improvement
24.1,104.6,227,Slice,Forgiveness,Fat/Thin,Confidence-inspiring,10.5,S,super-game-improvement
2.6,98.5,240,Fade,Accuracy,Fat/Thin,No preference,9,R,players-cb
29.6,89.3,192,Fade,Forgiveness,Fat/Thin,Confidence-inspiring,10.5,R,super-game-improvement
13.9,112.5,267,Draw,Accuracy,Fat/Thin,Forged/Blade-like,8,X,players-cb
18.0,97.0,230,Draw,Distance,Left/Right,No preference,9,S,players-distance
5.5,99.3,243,Straight,Accuracy,Inconsistent,No preference,9,S,players-cb
21.7,98.4,207,Straight,Distance,Left/Right,No preference,9,S,game-improvement
11.1,96.7,219,Fade,Accuracy,Left/Right,Confidence-inspiring,9,R,players-distance
17.9,99.0,221,Straight,Accuracy,Fat/Thin,Forged/Blade-like,9,S,players-distance
14.4,94.2,211,Fade,Forgiveness,Left/Right,Confidence-inspiring,10.5,R,super-game-improvement
34.3,91.3,191,Fade,Accuracy,Inconsistent,Confidence-inspiring,10.5,R,super-game-improvement
34.8,68.4,154,Straight,Accuracy,Inconsistent,Confidence-inspiring,12,L,super-game-improvement
17.4,84.0,199,Slice,Accuracy,Fat/Thin,Forged/Blade-like,12,A,players-distance
17.6,79.9,179,Slice,Accuracy,Fat/Thin,No preference,12,A,super-game-improvement
13.6,96.2,229,Fade,Accuracy,Left/Right,No preference,10.5,R,players-distance
27.0,72.3,163,Straight,Accuracy,Inconsistent,Confidence-inspiring,12,A,super-game-improvement
14.0,89.6,208,Hook,Accuracy,Left/Right,No preference,10.5,R,players-distance
13.2,85.9,211,Slice,Forgiveness,Left/Right,Forged/Blade-like,10.5,S,players-distance
25.8,103.3,223,Slice,Distance,Fat/Thin,Confidence-inspiring,10.5,S,super-game-improvement
12.2,87.8,206,Straight,Distance,Fat/Thin,No preference,10.5,R,game-improvement
16.7,81.8,179,Fade,Forgiveness,Fat/Thin,No preference,12,A,super-game-improvement
2.8,106.6,249,Draw,Distance,Left/Right,Forged/Blade-like,9,S,blade
23.3,107.0,227,Slice,Accuracy,Left/Right,Confidence-inspiring,9,S,game-improvement
34.5,81.4,165,Slice,Forgiveness,Fat/Thin,Forged/Blade-like,12,A,super-game-improvement
23.5,89.6,201,Slice,Accuracy,Fat/Thin,Forged/Blade-like,10.5,R,game-improvement
30.2,98.4,212,Slice,Forgiveness,Left/Right,No preference,10.5,S,super-game-improvement
9.4,108.4,254,Slice,Forgiveness,Left/Right,Forged/Blade-like,10.5,R,blade
19.1,97.3,219,Slice,Accuracy,Fat/Thin,No preference,9,S,game-improvement
8.5,94.4,240,Draw,Distance,Consistent,Forged/Blade-like,10.5,A,players-cb
15.0,100.4,222,Slice,Distance,Fat/Thin,Forged/Blade-like,9,S,players-distance
23.9,76.1,159,Slice,Accuracy,Inconsistent,No preference,10.5,A,game-improvement
17.9,87.6,193,Hook,Distance,Fat/Thin,Confidence-inspiring,10.5,R,game-improvement
4.3,117.4,282,Straight,Distance,Consistent,No preference,8,X,blade
5.2,115.5,282,Straight,Forgiveness,Left/Right,Confidence-inspiring,9,X,players-cb
4.6,107.2,264,Fade,Accuracy,Fat/Thin,Confidence-inspiring,9,R,players-distance
21.4,72.2,171,Slice,Accuracy,Left/Right,Confidence-inspiring,12,A,super-game-improvement
35.6,69.7,147,Fade,Forgiveness,Inconsistent,No preference,12,L,super-game-improvement
29.3,79.3,170,Slice,Forgiveness,Inconsistent,No preference,12,A,super-game-improvement
0.0,104.3,270,Fade,Forgiveness,Inconsistent,No preference,9,S,players-distance
29.8,73.2,135,Fade,Accuracy,Fat/Thin,Confidence-inspiring,12,A,super-game-improvement
25.4,86.3,192,Straight,Forgiveness,Left/Right,Confidence-inspiring,10.5,R,super-game-improvement
3.1,120.0,295,Straight,Distance,Left/Right,Confidence-inspiring,8,X,players-cb
14.3,100.3,250,Fade,Forgiveness,Consistent,Confidence-inspiring,10.5,R,players-distance
26.9,89.9,184,Slice,Forgiveness,Fat/Thin,Confidence-inspiring,10.5,R,super-game-improvement
22.0,80.9,178,Hook,Forgiveness,Inconsistent,Forged/Blade-like,12,A,super-game-improvement
5.2,86.1,195,Straight,Accuracy,Left/Right,No preference,10.5,R,players-cb
22.5,78.4,160,Slice,Forgiveness,Left/Right,Confidence-inspiring,12,A,super-game-improvement
0.0,89.2,217,Draw,Accuracy,Inconsistent,No preference,10.5,R,players-cb
15.0,96.6,231,Straight,Accuracy,Left/Right,No preference,9,R,players-distance
27.2,91.3,212,Straight,Forgiveness,Inconsistent,Confidence-inspiring,10.5,A,super-game-improvement
17.2,84.7,190,Draw,Forgiveness,Fat/Thin,No preference,10.5,R,game-improvement
12.5,99.0,237,Draw,Accuracy,Fat/Thin,Forged/Blade-like,9,R,players-cb
25.0,103.7,229,Slice,Accuracy,Left/Right,Confidence-inspiring,10.5,S,game-improvement
25.8,108.0,245,Fade,Accuracy,Left/Right,No preference,10.5,X,players-distance
28.8,94.1,217,Draw,Forgiveness,Fat/Thin,No preference,10.5,R,super-game-improvement
24.9,87.3,193,Draw,Forgiveness,Left/Right,Confidence-inspiring,10.5,R,game-improvement
26.7,95.2,220,Fade,Accuracy,Fat/Thin,Confidence-inspiring,10.5,R,super-game-improvement
23.6,103.5,221,Hook,Forgiveness,Left/Right,Confidence-inspiring,9,S,super-game-improvement
19.4,72.7,171,Fade,Distance,Inconsistent,Confidence-inspiring,12,L,super-game-improvement
17.8,108.7,258,Fade,Accuracy,Fat/Thin,Forged/Blade-like,8,S,players-cb
14.9,90.4,218,Straight,Forgiveness,Fat/Thin,Confidence-inspiring,10.5,S,super-game-improvement
6.1,96.5,220,Straight,Accuracy,Consistent,No preference,9,R,players-cb
8.4,96.7,228,Draw,Distance,Consistent,Forged/Blade-like,9,R,players-cb
14.5,99.3,233,Draw,Accuracy,Left/Right,Confidence-inspiring,9,S,game-improvement
19.2,81.8,190,Straight,Distance,Left/Right,Confidence-inspiring,12,L,game-improvement
30.0,82.8,182,Fade,Accuracy,Fat/Thin,No preference,10.5,A,super-game-improvement
16.6,100.0,243,Fade,Accuracy,Consistent,Forged/Blade-like,9,S,players-cb
26.0,90.5,189,Slice,Forgiveness,Inconsistent,Confidence-inspiring,10.5,R,super-game-improvement
26.7,91.7,200,Slice,Forgiveness,Inconsistent,Confidence-inspiring,10.5,R,super-game-improvement
14.9,92.6,199,Draw,Distance,Left/Right,Forged/Blade-like,10.5,R,players-cb
22.4,97.7,225,Fade,Forgiveness,Fat/Thin,Confidence-inspiring,10.5,S,super-game-improvement
14.8,106.5,252,Fade,Accuracy,Fat/Thin,Confidence-inspiring,9,X,game-improvement
28.9,96.3,241,Hook,Distance,Fat/Thin,Confidence-inspiring,10.5,R,super-game-improvement
22.7,94.8,222,Straight,Distance,Consistent,Confidence-inspiring,10.5,R,game-improvement
6.3,111.1,269,Straight,Distance,Inconsistent,No preference,8,S,players-cb
18.5,102.1,235,Straight,Forgiveness,Inconsistent,No preference,9,S,game-improvement
31.8,111.1,238,Slice,Forgiveness,Fat/Thin,Confidence-inspiring,10.5,X,super-game-improvement
15.4,107.7,250,Straight,Accuracy,Fat/Thin,Confidence-inspiring,9,S,players-distance
21.0,90.8,208,Slice,Forgiveness,Fat/Thin,Confidence-inspiring,10.5,R,super-game-improvement
21.9,82.0,167,Slice,Distance,Left/Right,Confidence-inspiring,10.5,A,super-game-improvement
7.7,98.2,236,Straight,Forgiveness,Consistent,Confidence-inspiring,10.5,S,players-distance
21.6,88.0,199,Fade,Forgiveness,Fat/Thin,Confidence-inspiring,10.5,R,super-game-improvement
4.5,108.1,276,Fade,Forgiveness,Fat/Thin,Forged/Blade-like,9,S,players-cb
11.4,91.2,213,Slice,Distance,Fat/Thin,Confidence-inspiring,10.5,R,game-improvement
26.7,99.8,214,Fade,Forgiveness,Left/Right,No preference,12,S,super-game-improvement
20.2,78.4,180,Fade,Accuracy,Inconsistent,Confidence-inspiring,12,A,super-game-improvement
14.3,80.0,186,Draw,Distance,Left/Right,Confidence-inspiring,10.5,A,game-improvement
21.0,90.4,203,Slice,Forgiveness,Inconsistent,No preference,10.5,R,super-game-improvement
16.5,86.4,187,Draw,Forgiveness,Inconsistent,Confidence-inspiring,10.5,R,super-game-improvement
17.1,81.8,186,Draw,Distance,Consistent,Confidence-inspiring,12,A,players-distance
22.9,84.1,183,Slice,Forgiveness,Inconsistent,Confidence-inspiring,10.5,R,super-game-improvement
10.5,91.2,213,Slice,Accuracy,Inconsistent,Confidence-inspiring,10.5,R,super-game-improvement
17.4,94.3,223,Slice,Forgiveness,Inconsistent,Forged/Blade-like,10.5,R,game-improvement
14.2,90.1,203,Fade,Accuracy,Inconsistent,No preference,10.5,R,game-improvement
2.7,98.8,238,Hook,Accuracy,Inconsistent,Forged/Blade-like,9,S,players-cb
8.7,100.0,242,Straight,Accuracy,Consistent,No preference,8,S,players-cb
31.1,95.0,204,Slice,Accuracy,Left/Right,Confidence-inspiring,10.5,R,super-game-improvement
20.5,106.8,265,Slice,Forgiveness,Fat/Thin,Confidence-inspiring,9,S,super-game-improvement
5.1,104.0,252,Hook,Accuracy,Left/Right,No preference,9,S,players-cb
3.1,106.1,246,Fade,Distance,Consistent,No preference,9,S,blade
16.0,93.3,208,Fade,Accuracy,Left/Right,No preference,10.5,R,players-distance
31.1,89.7,186,Straight,Forgiveness,Fat/Thin,Confidence-inspiring,10.5,R,super-game-improvement
15.3,99.5,223,Slice,Accuracy,Left/Right,Confidence-inspiring,9,S,game-improvement
28.8,99.7,223,Slice,Forgiveness,Fat/Thin,No preference,10.5,S,super-game-improvement
20.2,73.4,157,Draw,Forgiveness,Inconsistent,Confidence-inspiring,12,A,super-game-improvement
21.2,89.2,199,Fade,Forgiveness,Fat/Thin,Confidence-inspiring,10.5,R,super-game-improvement
5.0,106.0,265,Straight,Distance,Consistent,Forged/Blade-like,9,S,players-cb
25.4,88.5,192,Fade,Forgiveness,Fat/Thin,Confidence-inspiring,9,R,super-game-improvement
14.0,87.1,208,Straight,Distance,Fat/Thin,Forged/Blade-like,12,R,players-distance
24.8,76.1,154,Fade,Forgiveness,Inconsistent,Confidence-inspiring,12,L,super-game-improvement
9.7,107.5,251,Draw,Forgiveness,Inconsistent,No preference,9,S,game-improvement
18.6,85.8,188,Draw,Distance,Left/Right,No preference,10.5,R,players-distance
20.2,74.7,172,Slice,Distance,Fat/Thin,Forged/Blade-like,12,A,game-improvement
15.6,104.0,231,Slice,Accuracy,Inconsistent,Forged/Blade-like,8,S,players-cb
20.6,96.6,237,Draw,Forgiveness,Left/Right,No preference,12,R,super-game-improvement
14.6,94.9,205,Straight,Distance,Fat/Thin,Confidence-inspiring,10.5,R,game-improvement
11.2,89.2,220,Hook,Distance,Left/Right,No preference,10.5,R,players-cb
31.4,83.5,189,Hook,Forgiveness,Fat/Thin,Forged/Blade-like,10.5,A,super-game-improvement
26.4,100.2,224,Slice,Accuracy,Inconsistent,Confidence-inspiring,10.5,S,super-game-improvement
10.2,82.9,196,Hook,Accuracy,Left/Right,Forged/Blade-like,10.5,A,players-cb
22.1,75.3,186,Fade,Forgiveness,Left/Right,Confidence-inspiring,12,A,super-game-improvement
10.3,92.7,241,Draw,Distance,Fat/Thin,Confidence-inspiring,10.5,R,players-distance
6.3,101.4,241,Straight,Distance,Fat/Thin,No preference,9,S,players-distance
26.3,83.2,186,Draw,Accuracy,Left/Right,Confidence-inspiring,10.5,A,players-distance
1.7,111.3,266,Fade,Distance,Left/Right,No preference,9,X,players-cb
25.3,99.7,211,Slice,Forgiveness,Inconsistent,Forged/Blade-like,10.5,S,game-improvement
14.7,98.8,233,Straight,Accuracy,Fat/Thin,Forged/Blade-like,9,S,players-distance
15.1,101.3,237,Draw,Accuracy,Fat/Thin,Confidence-inspiring,9,S,game-improvement
20.7,94.6,200,Draw,Forgiveness,Consistent,Confidence-inspiring,10.5,R,game-improvement
22.2,91.0,209,Slice,Distance,Left/Right,Confidence-inspiring,10.5,R,super-game-improvement
9.6,86.5,207,Straight,Accuracy,Left/Right,No preference,10.5,R,players-distance
23.5,79.7,173,Fade,Forgiveness,Left/Right,Confidence-inspiring,12,A,super-game-improvement
18.0,80.3,178,Hook,Distance,Left/Right,Confidence-inspiring,12,A,game-improvement
5.7,100.6,245,Draw,Accuracy,Left/Right,No preference,8,S,players-distance
15.5,97.8,240,Straight,Distance,Inconsistent,Confidence-inspiring,9,S,game-improvement
29.4,71.5,160,Slice,Accuracy,Inconsistent,Forged/Blade-like,12,L,super-game-improvement
32.1,84.9,191,Slice,Forgiveness,Fat/Thin,Confidence-inspiring,10.5,R,super-game-improvement
23.5,81.3,175,Hook,Forgiveness,Fat/Thin,Confidence-inspiring,12,A,super-game-improvement
6.3,91.0,214,Slice,Accuracy,Inconsistent,Forged/Blade-like,10.5,R,players-cb
21.4,85.2,198,Draw,Forgiveness,Inconsistent,Confidence-inspiring,10.5,S,super-game-improvement
24.7,78.0,162,Draw,Accuracy,Fat/Thin,Forged/Blade-like,10.5,A,game-improvement
23.5,96.1,217,Slice,Forgiveness,Left/Right,Forged/Blade-like,10.5,R,game-improvement
24.1,87.9,201,Slice,Forgiveness,Fat/Thin,Confidence-inspiring,10.5,R,super-game-improvement
20.3,100.3,227,Hook,Forgiveness,Fat/Thin,Confidence-inspiring,10.5,S,super-game-improvement
16.3,90.5,211,Straight,Forgiveness,Fat/Thin,No preference,12,S,super-game-improvement
11.5,94.1,221,Straight,Accuracy,Left/Right,Forged/Blade-like,10.5,R,players-cb
0.0,120.0,288,Draw,Distance,Inconsistent,Confidence-inspiring,8,X,players-cb
20.1,76.1,162,Slice,Forgiveness,Fat/Thin,Confidence-inspiring,12,A,super-game-improvement
18.7,106.1,241,Slice,Accuracy,Left/Right,No preference,9,S,players-distance
22.0,107.6,254,Slice,Accuracy,Fat/Thin,Confidence-inspiring,9,S,super-game-improvement
5.0,110.3,274,Straight,Forgiveness,Inconsistent,Forged/Blade-like,9,X,players-cb
22.8,87.2,193,Hook,Forgiveness,Fat/Thin,Confidence-inspiring,10.5,R,super-game-improvement
35.5,96.1,201,Straight,Forgiveness,Fat/Thin,Confidence-inspiring,10.5,R,super-game-improvement
17.7,90.7,204,Straight,Forgiveness,Inconsistent,Forged/Blade-like,10.5,A,players-distance
16.4,87.8,198,Hook,Accuracy,Left/Right,Forged/Blade-like,10.5,A,players-cb
19.8,88.7,204,Draw,Accuracy,Consistent,Confidence-inspiring,10.5,R,players-distance
35.3,76.3,172,Slice,Forgiveness,Fat/Thin,Confidence-inspiring,12,A,game-improvement
7.8,91.2,237,Hook,Forgiveness,Consistent,Forged/Blade-like,10.5,R,players-cb
18.8,104.3,230,Draw,Accuracy,Left/Right,Confidence-inspiring,9,S,players-distance
9.8,91.6,222,Straight,Distance,Consistent,Forged/Blade-like,10.5,R,players-cb
12.1,97.5,233,Draw,Forgiveness,Left/Right,No preference,10.5,S,super-game-improvement
16.6,80.3,182,Draw,Forgiveness,Consistent,Confidence-inspiring,12,A,game-improvement
29.1,86.5,180,Draw,Distance,Consistent,Confidence-inspiring,10.5,R,game-improvement
33.2,71.9,157,Straight,Accuracy,Fat/Thin,Confidence-inspiring,10.5,L,super-game-improvement
21.0,79.9,200,Slice,Accuracy,Fat/Thin,No preference,12,A,super-game-improvement
13.6,95.7,225,Draw,Accuracy,Consistent,Confidence-inspiring,10.5,R,players-distance
36.0,92.1,189,Hook,Forgiveness,Inconsistent,Confidence-inspiring,10.5,R,super-game-improvement
13.2,101.4,235,Draw,Forgiveness,Fat/Thin,Forged/Blade-like,10.5,S,players-distance
11.9,103.0,231,Draw,Forgiveness,Inconsistent,Forged/Blade-like,9,S,blade
1.0,104.0,254,Straight,Distance,Consistent,Forged/Blade-like,9,S,blade
29.6,82.5,186,Slice,Forgiveness,Left/Right,No preference,10.5,A,super-game-improvement
25.7,96.4,208,Fade,Distance,Fat/Thin,Confidence-inspiring,10.5,A,super-game-improvement
36.0,75.9,132,Slice,Forgiveness,Left/Right,Confidence-inspiring,12,A,super-game-improvement
4.5,111.3,271,Fade,Forgiveness,Consistent,Confidence-inspiring,9,X,players-distance
30.1,97.9,209,Fade,Accuracy,Fat/Thin,No preference,10.5,S,super-game-improvement
17.6,85.6,189,Fade,Distance,Consistent,Confidence-inspiring,10.5,R,players-distance
24.3,82.5,177,Slice,Distance,Fat/Thin,Confidence-inspiring,10.5,A,super-game-improvement
2.2,99.0,244,Hook,Distance,Inconsistent,Forged/Blade-like,9,S,blade
30.2,70.8,151,Fade,Forgiveness,Fat/Thin,No preference,12,A,super-game-improvement
24.1,84.9,198,Slice,Forgiveness,Left/Right,Confidence-inspiring,10.5,R,super-game-improvement
16.6,107.7,256,Draw,Accuracy,Inconsistent,Confidence-inspiring,9,S,game-improvement
22.8,80.0,177,Straight,Distance,Left/Right,No preference,10.5,A,game-improvement
10.1,112.4,260,Straight,Forgiveness,Consistent,Forged/Blade-like,9,X,players-cb
11.8,93.6,221,Straight,Forgiveness,Fat/Thin,Forged/Blade-like,10.5,R,players-distance
12.8,118.4,275,Fade,Forgiveness,Consistent,No preference,9,S,players-distance
0.3,99.0,227,Straight,Accuracy,Left/Right,No preference,9,S,players-cb
24.8,87.7,213,Hook,Forgiveness,Fat/Thin,No preference,10.5,R,super-game-improvement
27.7,78.1,178,Draw,Forgiveness,Left/Right,Confidence-inspiring,12,A,super-game-improvement
10.7,91.8,212,Fade,Accuracy,Consistent,Forged/Blade-like,10.5,R,players-cb
20.1,105.7,223,Straight,Forgiveness,Fat/Thin,Confidence-inspiring,9,S,super-game-improvement
14.6,100.8,232,Draw,Accuracy,Left/Right,No preference,9,S,players-distance
20.0,102.7,228,Slice,Forgiveness,Inconsistent,Confidence-inspiring,9,X,super-game-improvement
11.4,85.1,199,Slice,Distance,Inconsistent,Confidence-inspiring,12,R,game-improvement
9.0,106.4,233,Straight,Accuracy,Consistent,No preference,9,S,players-cb
26.5,78.3,169,Draw,Forgiveness,Inconsistent,Confidence-inspiring,12,A,super-game-improvement
16.4,81.5,184,Fade,Distance,Inconsistent,Confidence-inspiring,10.5,R,game-improvement
35.2,84.5,179,Draw,Forgiveness,Inconsistent,Confidence-inspiring,10.5,R,super-game-improvement
17.4,96.5,219,Straight,Accuracy,Fat/Thin,Confidence-inspiring,9,R,game-improvement
8.7,100.6,239,Fade,Distance,Inconsistent,No preference,9,S,players-distance
28.0,94.1,221,Draw,Forgiveness,Fat/Thin,Confidence-inspiring,10.5,R,super-game-improvement
22.7,99.3,218,Slice,Forgiveness,Consistent,Confidence-inspiring,12,S,super-game-improvement
23.5,104.7,226,Straight,Distance,Left/Right,No preference,9,S,players-distance
27.7,75.3,150,Straight,Forgiveness,Left/Right,Confidence-inspiring,12,A,super-game-improvement
11.1,113.5,262,Fade,Forgiveness,Inconsistent,Forged/Blade-like,9,X,players-cb
15.9,114.0,250,Straight,Distance,Fat/Thin,Forged/Blade-like,8,S,players-cb
15.5,91.8,221,Draw,Distance,Consistent,Confidence-inspiring,10.5,R,players-distance
5.4,85.6,205,Straight,Accuracy,Left/Right,No preference,10.5,R,players-cb
14.6,82.2,199,Straight,Distance,Consistent,Forged/Blade-like,10.5,R,players-cb
29.0,81.7,192,Slice,Forgiveness,Fat/Thin,Confidence-inspiring,12,A,game-improvement
19.1,113.2,250,Slice,Forgiveness,Left/Right,Forged/Blade-like,9,X,players-distance
4.9,102.8,244,Hook,Accuracy,Consistent,Confidence-inspiring,9,S,blade
3.0,97.8,249,Draw,Distance,Consistent,Forged/Blade-like,9,S,blade
32.0,77.4,169,Fade,Distance,Inconsistent,Confidence-inspiring,12,L,game-improvement
16.2,81.8,193,Straight,Forgiveness,Fat/Thin,Confidence-inspiring,12,A,game-improvement
11.2,107.1,261,Fade,Distance,Inconsistent,Confidence-inspiring,9,S,players-distance
14.5,95.2,229,Straight,Distance,Left/Right,Forged/Blade-like,10.5,R,players-cb
3.7,120.0,294,Fade,Accuracy,Consistent,Forged/Blade-like,8,X,blade
29.8,92.0,213,Slice,Forgiveness,Fat/Thin,Confidence-inspiring,10.5,S,game-improvement
13.5,105.1,244,Hook,Distance,Inconsistent,No preference,9,S,players-distance
29.3,83.7,188,Slice,Forgiveness,Left/Right,Confidence-inspiring,10.5,R,game-improvement
17.5,83.2,189,Fade,Forgiveness,Left/Right,No preference,10.5,L,game-improvement
29.9,76.9,177,Fade,Forgiveness,Left/Right,Confidence-inspiring,12,A,super-game-improvement
19.3,79.2,174,Straight,Accuracy,Inconsistent,No preference,12,A,game-improvement
24.7,98.3,204,Slice,Distance,Inconsistent,Confidence-inspiring,10.5,S,super-game-improvement
23.5,86.2,199,Draw,Distance,Fat/Thin,Confidence-inspiring,10.5,R,super-game-improvement
22.6,100.2,216,Slice,Forgiveness,Fat/Thin,No preference,10.5,S,super-game-improvement
20.1,93.7,203,Slice,Forgiveness,Left/Right,Confidence-inspiring,10.5,R,super-game-improvement
14.9,92.9,227,Draw,Accuracy,Left/Right,Confidence-inspiring,10.5,R,game-improvement
34.2,71.0,161,Fade,Distance,Fat/Thin,No preference,12,L,super-game-improvement
8.8,103.0,241,Draw,Forgiveness,Consistent,No preference,9,S,players-cb
17.0,92.3,185,Draw,Accuracy,Consistent,Confidence-inspiring,10.5,S,players-cb
17.1,103.4,242,Straight,Accuracy,Fat/Thin,Forged/Blade-like,9,S,players-cb
20.6,84.8,198,Hook,Forgiveness,Fat/Thin,No preference,10.5,R,super-game-improvement
13.1,103.3,246,Hook,Forgiveness,Left/Right,Forged/Blade-like,9,S,players-cb
19.8,108.9,252,Draw,Distance,Fat/Thin,Forged/Blade-like,9,S,players-cb
15.5,98.2,225,Straight,Accuracy,Consistent,No preference,9,X,players-distance
2.8,111.9,268,Hook,Distance,Inconsistent,No preference,8,X,players-cb
17.1,100.1,220,Hook,Accuracy,Left/Right,Confidence-inspiring,9,S,game-improvement
7.1,120.0,280,Straight,Distance,Inconsistent,Forged/Blade-like,8,X,players-cb
1.4,108.8,268,Straight,Distance,Consistent,Forged/Blade-like,8,S,blade
18.2,100.6,233,Slice,Accuracy,Fat/Thin,Confidence-inspiring,9,S,super-game-improvement
21.4,91.1,213,Straight,Forgiveness,Fat/Thin,Confidence-inspiring,10.5,R,game-improvement
21.7,83.5,176,Straight,Distance,Fat/Thin,Confidence-inspiring,9,A,game-improvement
22.1,78.9,163,Slice,Forgiveness,Fat/Thin,Confidence-inspiring,12,L,game-improvement
0.0,118.7,287,Draw,Accuracy,Left/Right,Forged/Blade-like,8,X,blade
4.8,92.7,214,Straight,Accuracy,Consistent,Forged/Blade-like,10.5,S,blade
34.8,89.8,194,Hook,Forgiveness,Left/Right,No preference,10.5,R,super-game-improvement
7.6,105.0,238,Fade,Distance,Left/Right,Forged/Blade-like,9,S,players-cb
22.5,99.9,235,Slice,Forgiveness,Inconsistent,Confidence-inspiring,10.5,S,super-game-improvement
10.8,93.5,213,Straight,Distance,Fat/Thin,Confidence-inspiring,10.5,R,game-improvement
17.7,86.1,212,Straight,Forgiveness,Inconsistent,No preference,10.5,R,super-game-improvement
11.3,102.1,244,Slice,Distance,Fat/Thin,No preference,9,S,players-distance
22.1,88.0,189,Fade,Accuracy,Consistent,Confidence-inspiring,10.5,R,game-improvement
18.2,81.3,205,Fade,Distance,Left/Right,Confidence-inspiring,12,A,game-improvement
13.0,116.5,274,Draw,Distance,Inconsistent,Forged/Blade-like,8,S,players-cb
7.5,93.0,223,Draw,Distance,Fat/Thin,Forged/Blade-like,10.5,R,players-cb
19.4,82.9,188,Draw,Distance,Left/Right,Forged/Blade-like,10.5,A,players-cb
6.1,99.4,242,Hook,Accuracy,Consistent,Forged/Blade-like,9,S,blade
20.8,104.4,241,Fade,Forgiveness,Fat/Thin,Confidence-inspiring,9,S,super-game-improvement
36.0,65.0,130,Slice,Accuracy,Fat/Thin,Confidence-inspiring,12,L,super-game-improvement
29.2,97.8,212,Fade,Accuracy,Inconsistent,Confidence-inspiring,10.5,S,super-game-improvement
23.5,80.9,182,Straight,Accuracy,Inconsistent,Forged/Blade-like,10.5,A,game-improvement
16.2,97.6,230,Slice,Accuracy,Consistent,Forged/Blade-like,8,S,players-distance
0.0,99.2,248,Straight,Distance,Left/Right,Forged/Blade-like,9,S,blade
5.1,120.0,290,Slice,Forgiveness,Fat/Thin,Confidence-inspiring,9,X,players-distance
28.5,87.9,188,Slice,Distance,Left/Right,Confidence-inspiring,10.5,R,super-game-improvement
9.9,92.2,212,Slice,Distance,Left/Right,No preference,10.5,R,players-distance
10.7,95.7,215,Draw,Distance,Fat/Thin,Confidence-inspiring,10.5,A,players-distance
15.5,96.4,228,Straight,Distance,Fat/Thin,Confidence-inspiring,9,R,game-improvement
7.4,102.7,239,Draw,Accuracy,Consistent,Forged/Blade-like,10.5,S,players-cb
6.0,106.3,253,Straight,Accuracy,Consistent,Forged/Blade-like,9,S,players-cb
16.5,94.8,220,Fade,Distance,Consistent,Forged/Blade-like,10.5,R,players-cb
9.0,86.1,204,Draw,Forgiveness,Consistent,No preference,10.5,R,players-cb
10.3,95.6,225,Slice,Distance,Left/Right,Confidence-inspiring,10.5,R,game-improvement
10.0,105.3,240,Hook,Accuracy,Fat/Thin,Forged/Blade-like,10.5,R,players-cb
21.7,84.5,193,Fade,Forgiveness,Left/Right,No preference,10.5,R,super-game-improvement
14.9,102.6,235,Fade,Accuracy,Fat/Thin,Confidence-inspiring,9,S,super-game-improvement
15.4,95.8,221,Draw,Accuracy,Left/Right,Forged/Blade-like,10.5,A,players-cb
22.4,88.6,210,Hook,Forgiveness,Inconsistent,Forged/Blade-like,10.5,R,game-improvement
15.7,107.3,252,Fade,Accuracy,Left/Right,Confidence-inspiring,9,X,players-distance
14.5,78.8,178,Fade,Accuracy,Left/Right,Forged/Blade-like,10.5,A,players-distance
21.2,84.8,190,Straight,Forgiveness,Fat/Thin,No preference,10.5,R,super-game-improvement
23.0,102.7,245,Hook,Forgiveness,Inconsistent,Confidence-inspiring,9,S,super-game-improvement
15.7,113.6,260,Fade,Distance,Left/Right,Forged/Blade-like,8,X,players-cb
17.7,116.8,268,Hook,Forgiveness,Left/Right,Confidence-inspiring,9,X,game-improvement
10.0,99.7,241,Hook,Forgiveness,Fat/Thin,No preference,10.5,S,game-improvement
9.3,104.3,249,Straight,Distance,Left/Right,No preference,9,S,players-cb
23.9,97.9,215,Slice,Forgiveness,Inconsistent,Forged/Blade-like,10.5,S,game-improvement
21.0,104.5,230,Slice,Forgiveness,Fat/Thin,Confidence-inspiring,9,S,super-game-improvement
21.1,94.8,214,Hook,Forgiveness,Left/Right,No preference,10.5,R,super-game-improvement
19.5,102.0,238,Hook,Forgiveness,Fat/Thin,Forged/Blade-like,9,S,players-distance
17.4,98.8,238,Straight,Distance,Left/Right,No preference,9,S,players-distance
23.3,95.4,201,Hook,Accuracy,Inconsistent,Confidence-inspiring,12,R,super-game-improvement
25.4,79.5,192,Straight,Distance,Fat/Thin,Confidence-inspiring,12,A,super-game-improvement
25.2,85.6,188,Straight,Forgiveness,Fat/Thin,Confidence-inspiring,10.5,R,super-game-improvement
16.1,89.8,215,Slice,Forgiveness,Inconsistent,Confidence-inspiring,9,R,super-game-improvement
29.5,74.1,155,Slice,Distance,Fat/Thin,Forged/Blade-like,12,L,super-game-improvement
19.1,76.5,160,Hook,Distance,Left/Right,No preference,12,A,game-improvement
22.7,86.3,182,Hook,Forgiveness,Fat/Thin,Confidence-inspiring,10.5,R,super-game-improvement
19.5,90.1,202,Slice,Distance,Inconsistent,No preference,10.5,R,game-improvement
19.2,94.0,219,Fade,Forgiveness,Inconsistent,Confidence-inspiring,10.5,R,super-game-improvement
10.4,104.5,247,Fade,Forgiveness,Fat/Thin,Forged/Blade-like,9,S,players-cb
23.3,92.0,204,Slice,Forgiveness,Inconsistent,Confidence-inspiring,10.5,R,super-game-improvement
36.0,79.0,178,Slice,Forgiveness,Left/Right,No preference,12,A,super-game-improvement
13.6,87.6,204,Straight,Forgiveness,Left/Right,Forged/Blade-like,10.5,R,players-distance
17.6,102.8,238,Straight,Accuracy,Left/Right,Confidence-inspiring,9,S,players-distance
13.0,96.1,252,Slice,Accuracy,Left/Right,No preference,9,R,players-distance
12.6,93.1,217,Slice,Accuracy,Left/Right,Forged/Blade-like,9,R,players-cb
30.9,83.1,174,Fade,Accuracy,Inconsistent,Confidence-inspiring,10.5,A,super-game-improvement
10.9,91.3,219,Draw,Distance,Left/Right,Confidence-inspiring,10.5,R,players-distance
12.7,92.1,222,Slice,Distance,Left/Right,Confidence-inspiring,10.5,A,game-improvement
2.7,98.5,242,Straight,Forgiveness,Left/Right,No preference,10.5,S,players-cb
10.2,96.2,228,Hook,Distance,Inconsistent,No preference,9,R,players-distance
1.6,111.5,285,Fade,Accuracy,Consistent,No preference,9,X,blade
22.7,94.6,225,Draw,Accuracy,Fat/Thin,Confidence-inspiring,10.5,R,super-game-improvement
36.0,97.0,205,Slice,Forgiveness,Left/Right,Confidence-inspiring,10.5,S,super-game-improvement
13.7,108.8,247,Draw,Accuracy,Inconsistent,No preference,8,S,players-distance
2.0,120.0,296,Fade,Accuracy,Inconsistent,Confidence-inspiring,8,X,players-cb
25.1,94.5,204,Draw,Forgiveness,Left/Right,No preference,10.5,R,super-game-improvement
10.5,104.3,254,Fade,Forgiveness,Consistent,Confidence-inspiring,9,S,game-improvement
28.7,81.6,183,Straight,Forgiveness,Fat/Thin,Confidence-inspiring,12,A,super-game-improvement
14.5,104.4,266,Straight,Accuracy,Consistent,Confidence-inspiring,9,S,players-cb
11.3,91.8,229,Fade,Forgiveness,Fat/Thin,No preference,10.5,R,game-improvement
15.4,80.8,177,Hook,Forgiveness,Inconsistent,No preference,12,A,super-game-improvement
23.8,105.1,230,Fade,Distance,Inconsistent,Confidence-inspiring,9,S,game-improvement
15.0,83.3,176,Draw,Accuracy,Fat/Thin,Forged/Blade-like,10.5,A,players-cb
12.5,101.9,219,Fade,Forgiveness,Left/Right,Forged/Blade-like,10.5,X,players-distance
15.2,86.9,202,Fade,Accuracy,Left/Right,No preference,10.5,R,players-cb
5.6,113.5,262,Hook,Accuracy,Inconsistent,Forged/Blade-like,9,X,blade
20.6,104.6,252,Fade,Forgiveness,Fat/Thin,Confidence-inspiring,9,S,super-game-improvement
0.9,110.7,281,Draw,Accuracy,Inconsistent,Confidence-inspiring,8,X,players-cb
13.0,109.6,253,Straight,Distance,Consistent,Forged/Blade-like,8,S,players-cb
23.8,89.9,198,Slice,Forgiveness,Left/Right,Confidence-inspiring,10.5,R,super-game-improvement
19.7,114.9,275,Draw,Distance,Fat/Thin,Forged/Blade-like,8,X,players-distance
22.3,98.3,237,Slice,Forgiveness,Left/Right,Confidence-inspiring,10.5,S,game-improvement
16.4,85.8,189,Straight,Forgiveness,Consistent,Confidence-inspiring,10.5,R,game-improvement
27.5,88.0,184,Straight,Accuracy,Inconsistent,No preference,10.5,R,super-game-improvement
25.3,87.3,191,Straight,Forgiveness,Left/Right,Confidence-inspiring,10.5,A,game-improvement
21.0,89.2,206,Fade,Forgiveness,Consistent,Confidence-inspiring,10.5,R,super-game-improvement
25.3,72.2,156,Slice,Forgiveness,Left/Right,Forged/Blade-like,12,A,super-game-improvement
23.8,93.7,214,Fade,Distance,Left/Right,Forged/Blade-like,10.5,A,players-distance
13.0,83.3,212,Fade,Forgiveness,Fat/Thin,Forged/Blade-like,10.5,L,game-improvement
4.9,77.4,174,Straight,Accuracy,Consistent,No preference,12,A,players-cb
20.8,88.4,196,Draw,Distance,Fat/Thin,No preference,10.5,R,game-improvement
21.9,83.5,176,Slice,Forgiveness,Left/Right,No preference,10.5,A,super-game-improvement
26.8,79.2,167,Fade,Forgiveness,Left/Right,Confidence-inspiring,12,A,super-game-improvement
8.6,69.1,161,Fade,Accuracy,Fat/Thin,Forged/Blade-like,12,L,players-distance
8.8,91.5,210,Straight,Accuracy,Inconsistent,No preference,10.5,R,players-distance
21.1,89.9,208,Slice,Forgiveness,Left/Right,No preference,10.5,R,super-game-improvement
16.4,88.5,205,Straight,Distance,Inconsistent,No preference,12,A,game-improvement
0.0,109.9,272,Draw,Forgiveness,Fat/Thin,No preference,9,X,players-distance
20.4,106.1,238,Hook,Forgiveness,Left/Right,No preference,10.5,S,game-improvement
0.3,111.0,270,Straight,Accuracy,Consistent,Forged/Blade-like,8,X,blade
8.5,110.5,259,Draw,Accuracy,Left/Right,Confidence-inspiring,8,X,players-distance
29.2,97.2,210,Straight,Distance,Inconsistent,Confidence-inspiring,10.5,S,super-game-improvement
33.4,73.1,161,Straight,Distance,Fat/Thin,Confidence-inspiring,12,A,super-game-improvement
6.1,106.2,237,Fade,Accuracy,Inconsistent,No preference,9,S,players-distance
14.0,106.4,250,Draw,Distance,Consistent,No preference,9,X,players-cb
17.4,89.8,198,Slice,Accuracy,Left/Right,Confidence-inspiring,10.5,R,players-distance
33.0,75.7,160,Slice,Forgiveness,Fat/Thin,Confidence-inspiring,12,A,super-game-improvement
12.6,102.7,226,Straight,Forgiveness,Fat/Thin,Forged/Blade-like,9,S,players-distance
12.7,82.5,189,Straight,Accuracy,Left/Right,Confidence-inspiring,10.5,A,game-improvement
30.9,74.1,163,Slice,Forgiveness,Left/Right,Confidence-inspiring,12,A,game-improvement
13.6,90.1,214,Straight,Accuracy,Inconsistent,No preference,10.5,R,game-improvement
23.5,94.5,201,Fade,Forgiveness,Inconsistent,Confidence-inspiring,10.5,R,super-game-improvement
3.7,105.7,259,Draw,Accuracy,Consistent,No preference,9,S,blade
15.5,105.8,255,Fade,Accuracy,Inconsistent,Confidence-inspiring,9,S,game-improvement
2.1,95.4,227,Straight,Accuracy,Consistent,Forged/Blade-like,10.5,R,blade
7.5,91.1,217,Draw,Accuracy,Consistent,No preference,9,R,players-cb
24.6,94.5,192,Straight,Forgiveness,Fat/Thin,Confidence-inspiring,10.5,R,super-game-improvement
16.6,86.7,191,Straight,Distance,Inconsistent,Forged/Blade-like,10.5,R,players-cb
14.1,90.4,212,Fade,Accuracy,Inconsistent,Confidence-inspiring,10.5,R,game-improvement
10.3,80.4,198,Draw,Forgiveness,Fat/Thin,No preference,12,A,super-game-improvement
15.0,98.7,223,Straight,Accuracy,Inconsistent,No preference,9,S,game-improvement
19.7,108.0,269,Straight,Accuracy,Left/Right,Confidence-inspiring,8,S,players-distance
25.8,78.2,176,Straight,Forgiveness,Inconsistent,Confidence-inspiring,12,R,super-game-improvement
0.0,116.2,273,Straight,Accuracy,Consistent,No preference,8,X,blade
9.5,98.9,245,Draw,Distance,Consistent,No preference,9,S,players-cb
18.4,75.8,162,Slice,Accuracy,Left/Right,Confidence-inspiring,12,A,super-game-improvement
16.1,86.1,201,Draw,Forgiveness,Fat/Thin,Forged/Blade-like,10.5,R,players-distance
20.6,82.4,178,Slice,Forgiveness,Fat/Thin,Confidence-inspiring,9,A,super-game-improvement
19.4,89.6,192,Straight,Distance,Fat/Thin,No preference,10.5,R,game-improvement
14.3,100.5,242,Fade,Accuracy,Left/Right,Forged/Blade-like,9,S,players-cb
12.3,116.1,269,Fade,Distance,Left/Right,Forged/Blade-like,9,X,players-cb
14.8,81.6,205,Straight,Distance,Fat/Thin,No preference,12,A,game-improvement
27.3,82.6,173,Straight,Forgiveness,Inconsistent,Confidence-inspiring,10.5,A,super-game-improvement
10.4,90.0,198,Straight,Forgiveness,Left/Right,Forged/Blade-like,10.5,R,players-cb
16.4,82.2,185,Slice,Forgiveness,Fat/Thin,No preference,10.5,A,super-game-improvement
18.7,94.2,241,Straight,Accuracy,Left/Right,Confidence-inspiring,10.5,S,game-improvement
31.0,84.9,192,Slice,Forgiveness,Inconsistent,Confidence-inspiring,10.5,R,super-game-improvement
14.3,78.1,186,Straight,Accuracy,Left/Right,No preference,10.5,A,players-distance
25.6,88.8,202,Slice,Forgiveness,Left/Right,Confidence-inspiring,10.5,S,super-game-improvement
28.1,74.8,160,Fade,Forgiveness,Fat/Thin,Confidence-inspiring,12,A,super-game-improvement
16.4,95.0,243,Fade,Distance,Fat/Thin,No preference,10.5,R,game-improvement
15.1,108.4,255,Draw,Accuracy,Fat/Thin,Confidence-inspiring,8,S,game-improvement
14.0,101.1,238,Hook,Forgiveness,Inconsistent,No preference,10.5,S,game-improvement
14.7,97.8,236,Straight,Distance,Left/Right,No preference,9,S,players-distance
24.7,83.9,175,Slice,Distance,Inconsistent,Confidence-inspiring,10.5,A,super-game-improvement
19.1,93.7,206,Slice,Accuracy,Fat/Thin,Forged/Blade-like,10.5,R,players-distance
19.1,98.6,222,Fade,Forgiveness,Left/Right,No preference,9,S,game-improvement
6.9,105.9,262,Slice,Distance,Left/Right,No preference,9,S,players-cb
8.3,99.4,224,Hook,Distance,Consistent,Forged/Blade-like,9,S,players-cb
36.0,83.7,177,Slice,Distance,Fat/Thin,No preference,10.5,A,super-game-improvement
15.4,82.4,189,Straight,Forgiveness,Inconsistent,No preference,10.5,A,super-game-improvement
10.0,91.9,203,Fade,Distance,Fat/Thin,Forged/Blade-like,10.5,R,players-cb
29.9,92.7,198,Slice,Distance,Left/Right,Confidence-inspiring,10.5,A,super-game-improvement
19.5,101.2,235,Straight,Accuracy,Left/Right,Forged/Blade-like,8,S,players-cb
22.2,91.8,193,Fade,Forgiveness,Inconsistent,No preference,10.5,R,game-improvement
15.8,110.0,267,Fade,Forgiveness,Inconsistent,No preference,9,X,game-improvement
14.1,101.5,240,Fade,Forgiveness,Left/Right,Confidence-inspiring,10.5,S,super-game-improvement
15.5,93.1,218,Straight,Accuracy,Consistent,No preference,10.5,R,players-cb
4.6,90.7,219,Straight,Distance,Inconsistent,Forged/Blade-like,10.5,R,blade
16.2,109.4,242,Straight,Distance,Inconsistent,Confidence-inspiring,8,S,super-game-improvement
19.7,100.3,222,Fade,Distance,Fat/Thin,No preference,9,S,game-improvement
33.7,101.1,220,Straight,Forgiveness,Fat/Thin,Confidence-inspiring,10.5,S,super-game-improvement
17.8,115.6,259,Slice,Accuracy,Inconsistent,Forged/Blade-like,9,X,players-cb
0.0,93.1,230,Draw,Forgiveness,Consistent,Forged/Blade-like,10.5,R,blade
16.2,82.1,181,Fade,Forgiveness,Left/Right,No preference,10.5,A,super-game-improvement
36.0,65.0,142,Straight,Accuracy,Fat/Thin,Confidence-inspiring,12,L,super-game-improvement
24.8,98.3,224,Slice,Forgiveness,Left/Right,Confidence-inspiring,10.5,S,super-game-improvement
9.7,106.0,236,Fade,Accuracy,Inconsistent,No preference,9,S,players-distance
22.3,91.8,207,Straight,Distance,Consistent,Confidence-inspiring,10.5,R,game-improvement
10.3,86.7,191,Straight,Forgiveness,Inconsistent,No preference,10.5,R,game-improvement
4.8,101.8,228,Draw,Distance,Consistent,No preference,9,S,blade
13.9,98.4,223,Fade,Forgiveness,Inconsistent,Confidence-inspiring,10.5,S,game-improvement
17.8,101.7,258,Fade,Distance,Fat/Thin,Confidence-inspiring,9,S,game-improvement
0.2,108.6,273,Straight,Distance,Consistent,Forged/Blade-like,8,S,blade
6.7,108.1,271,Draw,Forgiveness,Left/Right,Forged/Blade-like,9,S,players-cb
17.1,93.1,219,Hook,Distance,Inconsistent,Forged/Blade-like,10.5,R,players-cb
13.3,108.8,255,Fade,Accuracy,Left/Right,No preference,8,S,players-distance
20.6,98.3,231,Hook,Forgiveness,Left/Right,Confidence-inspiring,10.5,S,super-game-improvement
6.1,90.0,210,Draw,Distance,Inconsistent,Confidence-inspiring,10.5,R,players-distance
23.4,104.0,237,Slice,Forgiveness,Inconsistent,No preference,9,S,super-game-improvement
6.3,114.0,283,Straight,Accuracy,Left/Right,Forged/Blade-like,8,X,blade
31.8,89.0,199,Fade,Accuracy,Inconsistent,Confidence-inspiring,10.5,R,game-improvement
1.6,107.7,273,Straight,Distance,Left/Right,Forged/Blade-like,9,S,blade
7.2,117.7,282,Straight,Forgiveness,Left/Right,No preference,9,X,players-distance
20.8,75.5,186,Straight,Accuracy,Fat/Thin,Forged/Blade-like,12,A,game-improvement
32.0,96.7,207,Straight,Forgiveness,Left/Right,Confidence-inspiring,10.5,R,super-game-improvement
19.8,87.8,219,Straight,Distance,Fat/Thin,No preference,10.5,R,game-improvement
22.1,101.9,235,Fade,Forgiveness,Fat/Thin,Confidence-inspiring,10.5,S,super-game-improvement
17.2,95.5,216,Straight,Accuracy,Inconsistent,Forged/Blade-like,10.5,R,players-cb
7.8,88.3,200,Slice,Accuracy,Consistent,Forged/Blade-like,10.5,S,players-cb
12.6,92.5,209,Fade,Accuracy,Left/Right,Forged/Blade-like,10.5,R,players-cb
6.1,112.1,260,Hook,Distance,Left/Right,Forged/Blade-like,8,X,blade
5.5,100.2,240,Fade,Accuracy,Fat/Thin,Forged/Blade-like,8,S,players-cb
20.6,85.8,183,Slice,Distance,Fat/Thin,Confidence-inspiring,10.5,R,super-game-improvement
6.9,95.0,238,Straight,Forgiveness,Inconsistent,Forged/Blade-like,9,A,players-distance
19.9,98.9,226,Straight,Distance,Fat/Thin,Confidence-inspiring,9,S,game-improvement
5.3,119.9,289,Fade,Distance,Left/Right,Confidence-inspiring,8,X,players-distance
19.7,71.2,151,Fade,Distance,Consistent,Confidence-inspiring,10.5,L,players-distance
12.6,120.0,273,Straight,Accuracy,Left/Right,No preference,8,X,players-distance
29.7,87.8,172,Slice,Forgiveness,Inconsistent,Confidence-inspiring,10.5,R,super-game-improvement
19.9,98.3,238,Fade,Distance,Left/Right,No preference,9,S,players-distance
28.1,82.5,169,Straight,Accuracy,Left/Right,Confidence-inspiring,10.5,A,super-game-improvement
10.2,99.0,221,Straight,Accuracy,Inconsistent,No preference,9,S,players-distance
17.5,96.0,233,Straight,Forgiveness,Inconsistent,No preference,10.5,R,super-game-improvement
8.2,89.9,217,Draw,Accuracy,Consistent,No preference,10.5,S,players-cb
13.3,88.9,208,Fade,Forgiveness,Consistent,Forged/Blade-like,9,S,players-cb
14.6,107.9,253,Fade,Accuracy,Inconsistent,No preference,9,S,game-improvement
10.5,83.3,205,Fade,Forgiveness,Inconsistent,Confidence-inspiring,10.5,A,super-game-improvement
6.1,106.3,255,Straight,Accuracy,Left/Right,Forged/Blade-like,9,S,blade
4.3,99.4,226,Straight,Distance,Consistent,No preference,9,S,blade
0.0,96.4,243,Fade,Accuracy,Left/Right,Forged/Blade-like,9,R,blade
7.5,120.0,290,Fade,Distance,Consistent,Forged/Blade-like,8,S,players-cb
22.6,81.1,193,Slice,Distance,Inconsistent,Confidence-inspiring,12,A,super-game-improvement
2.6,92.9,214,Hook,Accuracy,Consistent,Confidence-inspiring,10.5,R,players-cb
4.7,100.9,236,Draw,Forgiveness,Left/Right,Forged/Blade-like,10.5,S,players-cb
33.1,75.8,167,Slice,Forgiveness,Inconsistent,Confidence-inspiring,12,A,super-game-improvement
11.3,98.4,223,Fade,Accuracy,Consistent,Confidence-inspiring,9,S,players-cb
19.9,94.0,192,Slice,Forgiveness,Fat/Thin,Confidence-inspiring,10.5,R,super-game-improvement
22.8,92.8,210,Fade,Forgiveness,Left/Right,Confidence-inspiring,10.5,R,super-game-improvement
23.0,89.1,208,Draw,Forgiveness,Left/Right,Confidence-inspiring,10.5,R,super-game-improvement
3.3,96.7,233,Straight,Accuracy,Fat/Thin,Confidence-inspiring,9,R,players-distance
14.9,102.3,242,Fade,Forgiveness,Inconsistent,Forged/Blade-like,8,X,players-distance
2.4,103.3,254,Draw,Distance,Fat/Thin,Forged/Blade-like,9,S,blade
36.0,76.6,163,Fade,Forgiveness,Fat/Thin,No preference,12,A,super-game-improvement
2.6,119.0,290,Straight,Distance,Inconsistent,No preference,8,X,players-cb
7.6,99.6,249,Straight,Accuracy,Left/Right,No preference,9,S,blade
7.6,111.8,258,Straight,Forgiveness,Inconsistent,Forged/Blade-like,9,X,players-cb
3.5,115.9,287,Draw,Distance,Left/Right,No preference,8,X,players-cb
29.2,99.0,206,Slice,Accuracy,Left/Right,Confidence-inspiring,10.5,S,super-game-improvement
36.0,88.4,181,Straight,Forgiveness,Consistent,Confidence-inspiring,10.5,R,super-game-improvement
12.7,97.4,238,Fade,Forgiveness,Inconsistent,Confidence-inspiring,10.5,S,super-game-improvement
5.1,101.9,234,Straight,Accuracy,Left/Right,No preference,9,X,players-cb
0.0,103.6,252,Straight,Accuracy,Inconsistent,Confidence-inspiring,9,S,players-cb
14.8,74.3,193,Draw,Forgiveness,Inconsistent,No preference,12,A,super-game-improvement
14.2,103.5,250,Slice,Distance,Inconsistent,Confidence-inspiring,9,S,game-improvement
11.1,100.9,230,Draw,Forgiveness,Fat/Thin,Confidence-inspiring,10.5,S,super-game-improvement
19.0,101.3,226,Slice,Accuracy,Inconsistent,Confidence-inspiring,10.5,S,super-game-improvement
20.6,90.8,204,Fade,Forgiveness,Inconsistent,Confidence-inspiring,10.5,R,super-game-improvement
19.9,99.1,237,Slice,Distance,Left/Right,Forged/Blade-like,9,S,players-cb
14.2,82.6,183,Straight,Distance,Fat/Thin,Confidence-inspiring,10.5,A,super-game-improvement
7.1,89.5,204,Hook,Distance,Fat/Thin,Forged/Blade-like,10.5,R,players-cb
23.0,65.6,154,Hook,Accuracy,Inconsistent,Confidence-inspiring,12,L,super-game-improvement
17.1,93.0,198,Slice,Accuracy,Inconsistent,No preference,10.5,R,game-improvement
25.0,81.3,173,Slice,Forgiveness,Left/Right,Confidence-inspiring,12,A,super-game-improvement
24.1,80.6,179,Draw,Accuracy,Inconsistent,Confidence-inspiring,12,A,game-improvement
4.2,106.5,257,Fade,Distance,Consistent,No preference,9,S,players-cb
4.1,99.0,227,Hook,Accuracy,Consistent,Forged/Blade-like,9,S,blade
10.2,84.7,203,Straight,Accuracy,Left/Right,Confidence-inspiring,10.5,R,players-distance
7.5,120.0,291,Slice,Accuracy,Consistent,No preference,8,X,players-cb
23.8,89.4,194,Fade,Accuracy,Left/Right,Confidence-inspiring,10.5,A,super-game-improvement
20.2,81.4,200,Slice,Forgiveness,Fat/Thin,Confidence-inspiring,12,A,super-game-improvement
26.9,81.0,182,Fade,Forgiveness,Inconsistent,Confidence-inspiring,12,A,super-game-improvement
20.6,90.3,195,Straight,Accuracy,Fat/Thin,Confidence-inspiring,10.5,R,super-game-improvement
18.9,91.4,223,Straight,Distance,Consistent,Forged/Blade-like,10.5,R,players-cb
27.8,100.1,215,Slice,Forgiveness,Fat/Thin,Confidence-inspiring,10.5,S,super-game-improvement
21.2,90.8,207,Hook,Accuracy,Inconsistent,Confidence-inspiring,10.5,R,super-game-improvement
17.6,112.6,254,Fade,Distance,Left/Right,No preference,8,X,players-distance
30.3,81.1,182,Straight,Accuracy,Fat/Thin,Confidence-inspiring,12,A,super-game-improvement
18.0,98.0,220,Straight,Accuracy,Inconsistent,No preference,9,S,game-improvement
14.3,106.5,243,Draw,Forgiveness,Consistent,Confidence-inspiring,9,S,players-distance
9.5,111.5,262,Fade,Accuracy,Consistent,No preference,8,X,players-cb
23.3,103.3,227,Hook,Forgiveness,Fat/Thin,Confidence-inspiring,9,R,super-game-improvement
28.1,84.2,195,Straight,Forgiveness,Left/Right,Confidence-inspiring,10.5,R,game-improvement
16.5,94.7,207,Straight,Distance,Left/Right,Forged/Blade-like,10.5,R,players-cb
28.8,65.0,142,Draw,Forgiveness,Inconsistent,Confidence-inspiring,10.5,L,super-game-improvement
0.0,104.0,256,Straight,Distance,Fat/Thin,Forged/Blade-like,9,S,blade
16.5,105.7,242,Fade,Forgiveness,Consistent,No preference,9,S,players-distance
16.6,103.7,247,Slice,Accuracy,Fat/Thin,Confidence-inspiring,9,S,game-improvement
10.5,98.0,217,Straight,Accuracy,Fat/Thin,Forged/Blade-like,9,S,players-cb
36.0,98.5,215,Slice,Accuracy,Fat/Thin,No preference,10.5,S,super-game-improvement
16.4,91.0,198,Slice,Distance,Consistent,No preference,10.5,R,game-improvement
13.3,89.8,205,Fade,Forgiveness,Fat/Thin,Confidence-inspiring,10.5,R,super-game-improvement
17.2,89.6,194,Draw,Accuracy,Fat/Thin,Confidence-inspiring,10.5,R,game-improvement
0.0,94.8,229,Draw,Forgiveness,Inconsistent,Forged/Blade-like,10.5,R,players-cb
10.2,105.3,243,Straight,Distance,Fat/Thin,Forged/Blade-like,9,S,players-cb
25.8,91.3,217,Slice,Accuracy,Inconsistent,Confidence-inspiring,10.5,R,super-game-improvement
11.3,104.4,247,Fade,Forgiveness,Left/Right,No preference,9,S,players-distance
9.5,95.4,230,Draw,Distance,Consistent,No preference,10.5,A,players-cb
28.8,85.8,178,Slice,Forgiveness,Left/Right,No preference,10.5,R,super-game-improvement
29.1,65.0,149,Straight,Forgiveness,Fat/Thin,Confidence-inspiring,12,L,super-game-improvement
21.7,95.0,229,Slice,Forgiveness,Fat/Thin,Confidence-inspiring,10.5,R,super-game-improvement
12.9,98.2,237,Draw,Accuracy,Inconsistent,Confidence-inspiring,9,S,game-improvement
14.8,84.9,185,Straight,Forgiveness,Consistent,Confidence-inspiring,10.5,R,game-improvement
9.8,98.3,228,Draw,Accuracy,Consistent,No preference,9,S,players-cb
8.0,98.0,234,Straight,Accuracy,Left/Right,No preference,9,X,players-distance
7.6,118.5,277,Fade,Distance,Inconsistent,No preference,8,X,players-cb
11.4,87.6,228,Straight,Distance,Left/Right,Forged/Blade-like,10.5,R,players-cb
7.7,104.1,243,Straight,Forgiveness,Consistent,Confidence-inspiring,9,S,players-distance
2.9,93.1,225,Straight,Accuracy,Consistent,No preference,10.5,R,blade
19.0,87.5,194,Slice,Distance,Left/Right,Confidence-inspiring,10.5,R,game-improvement
19.1,95.8,220,Hook,Distance,Inconsistent,No preference,10.5,R,players-distance
32.3,81.9,189,Slice,Distance,Fat/Thin,Confidence-inspiring,12,A,super-game-improvement
11.0,98.5,233,Slice,Forgiveness,Inconsistent,No preference,10.5,S,game-improvement
19.7,95.9,216,Draw,Distance,Inconsistent,Confidence-inspiring,12,R,game-improvement
19.8,87.6,189,Slice,Distance,Left/Right,Confidence-inspiring,10.5,R,game-improvement
14.7,104.8,254,Slice,Accuracy,Consistent,Confidence-inspiring,9,X,players-distance
23.7,86.8,193,Slice,Forgiveness,Left/Right,No preference,10.5,R,super-game-improvement
24.0,88.7,196,Fade,Accuracy,Fat/Thin,Forged/Blade-like,10.5,R,players-distance
19.9,96.1,197,Draw,Distance,Inconsistent,Confidence-inspiring,9,R,game-improvement
14.7,98.3,227,Straight,Distance,Fat/Thin,Confidence-inspiring,9,S,game-improvement
13.8,103.1,236,Fade,Accuracy,Inconsistent,No preference,9,R,players-distance
4.7,106.0,239,Straight,Distance,Left/Right,No preference,9,S,players-cb
9.7,104.1,255,Fade,Distance,Consistent,Forged/Blade-like,10.5,S,players-cb
11.4,95.0,218,Draw,Distance,Inconsistent,Forged/Blade-like,10.5,R,players-cb
6.9,90.6,233,Draw,Distance,Left/Right,No preference,10.5,R,players-cb
21.0,77.4,188,Straight,Accuracy,Left/Right,Confidence-inspiring,12,L,super-game-improvement
27.8,70.4,148,Hook,Forgiveness,Left/Right,Confidence-inspiring,12,A,super-game-improvement
8.8,117.6,291,Straight,Forgiveness,Left/Right,Forged/Blade-like,9,X,players-cb
19.6,70.5,175,Slice,Accuracy,Inconsistent,Confidence-inspiring,10.5,L,super-game-improvement
7.7,112.7,263,Draw,Accuracy,Consistent,Confidence-inspiring,8,X,players-distance
14.3,88.1,195,Slice,Accuracy,Inconsistent,Confidence-inspiring,10.5,R,super-game-improvement
10.8,110.5,241,Straight,Forgiveness,Fat/Thin,Confidence-inspiring,9,X,game-improvement
22.4,68.7,158,Straight,Forgiveness,Inconsistent,Confidence-inspiring,12,L,game-improvement
10.9,96.2,217,Straight,Accuracy,Left/Right,No preference,9,R,players-distance
26.1,102.8,231,Straight,Forgiveness,Inconsistent,Confidence-inspiring,12,S,super-game-improvement
14.8,103.1,234,Draw,Distance,Fat/Thin,Forged/Blade-like,9,R,players-cb
11.2,95.0,216,Draw,Forgiveness,Consistent,Forged/Blade-like,10.5,R,players-cb
5.7,82.7,193,Hook,Forgiveness,Left/Right,Confidence-inspiring,10.5,A,players-distance
19.3,79.7,170,Hook,Accuracy,Consistent,Confidence-inspiring,10.5,A,players-distance
25.1,102.8,224,Slice,Distance,Fat/Thin,Confidence-inspiring,10.5,S,super-game-improvement
19.5,89.3,196,Fade,Accuracy,Consistent,Forged/Blade-like,10.5,R,players-cb
36.0,80.8,172,Slice,Forgiveness,Inconsistent,No preference,12,A,super-game-improvement
29.9,88.5,194,Fade,Distance,Inconsistent,No preference,10.5,R,super-game-improvement
14.2,83.3,184,Straight,Accuracy,Inconsistent,No preference,10.5,A,game-improvement
14.1,100.5,243,Draw,Distance,Left/Right,Confidence-inspiring,9,S,game-improvement
21.2,87.4,196,Draw,Forgiveness,Fat/Thin,Confidence-inspiring,10.5,R,super-game-improvement
9.5,102.5,256,Straight,Distance,Consistent,Confidence-inspiring,9,S,players-cb
27.5,81.5,182,Draw,Forgiveness,Inconsistent,Forged/Blade-like,12,A,super-game-improvement
20.3,76.5,174,Fade,Accuracy,Fat/Thin,Confidence-inspiring,12,A,super-game-improvement
19.3,88.6,197,Draw,Accuracy,Inconsistent,Forged/Blade-like,10.5,R,players-cb
23.2,96.6,222,Slice,Distance,Inconsistent,Confidence-inspiring,9,R,super-game-improvement
32.5,87.8,190,Slice,Distance,Fat/Thin,Confidence-inspiring,10.5,R,super-game-improvement
18.5,93.7,222,Straight,Forgiveness,Left/Right,Forged/Blade-like,10.5,R,players-distance
16.0,104.1,254,Straight,Distance,Fat/Thin,No preference,9,S,players-distance
30.6,83.2,174,Slice,Forgiveness,Left/Right,No preference,9,A,super-game-improvement
25.7,89.1,203,Slice,Forgiveness,Left/Right,Confidence-inspiring,10.5,R,super-game-improvement
14.1,91.6,218,Fade,Accuracy,Left/Right,Forged/Blade-like,10.5,R,players-distance
17.0,104.0,243,Slice,Forgiveness,Inconsistent,Confidence-inspiring,9,S,super-game-improvement
18.8,96.1,215,Draw,Distance,Fat/Thin,Confidence-inspiring,9,R,game-improvement
20.3,86.6,193,Straight,Forgiveness,Left/Right,Confidence-inspiring,10.5,R,super-game-improvement
4.8,87.8,206,Draw,Accuracy,Consistent,Forged/Blade-like,9,R,blade
3.1,114.9,273,Fade,Accuracy,Inconsistent,No preference,8,X,players-distance
9.0,92.4,211,Straight,Accuracy,Consistent,Forged/Blade-like,10.5,R,players-cb
8.3,101.1,239,Fade,Accuracy,Consistent,Forged/Blade-like,9,X,players-cb
11.2,120.0,275,Fade,Forgiveness,Consistent,No preference,9,X,players-cb
22.7,98.6,225,Slice,Forgiveness,Inconsistent,Confidence-inspiring,10.5,S,super-game-improvement
15.5,111.6,258,Fade,Distance,Inconsistent,Confidence-inspiring,8,X,game-improvement
18.8,87.8,202,Slice,Distance,Inconsistent,Confidence-inspiring,10.5,S,super-game-improvement
6.0,112.6,267,Draw,Distance,Consistent,Forged/Blade-like,8,S,players-cb
12.8,97.6,228,Fade,Forgiveness,Left/Right,Confidence-inspiring,9,S,super-game-improvement
22.3,94.5,210,Slice,Forgiveness,Fat/Thin,Confidence-inspiring,10.5,R,super-game-improvement
22.4,111.0,257,Slice,Forgiveness,Inconsistent,No preference,9,X,super-game-improvement
10.5,96.1,222,Draw,Accuracy,Fat/Thin,Forged/Blade-like,9,R,players-cb
18.5,93.6,217,Draw,Accuracy,Left/Right,Forged/Blade-like,10.5,R,players-cb
36.0,72.5,142,Hook,Distance,Fat/Thin,Confidence-inspiring,12,A,super-game-improvement
16.8,103.5,244,Straight,Distance,Inconsistent,Confidence-inspiring,9,X,game-improvement
10.8,93.0,214,Slice,Accuracy,Consistent,No preference,10.5,R,players-cb
15.4,105.8,236,Slice,Distance,Left/Right,Forged/Blade-like,9,X,players-cb
17.8,77.4,167,Slice,Distance,Fat/Thin,Confidence-inspiring,12,A,super-game-improvement
15.6,100.9,222,Slice,Distance,Fat/Thin,Confidence-inspiring,9,S,super-game-improvement
16.7,88.2,199,Fade,Distance,Left/Right,Forged/Blade-like,10.5,R,players-cb
4.0,110.6,280,Draw,Accuracy,Consistent,No preference,8,X,blade
8.3,100.2,232,Straight,Accuracy,Inconsistent,Forged/Blade-like,9,S,players-cb
15.7,90.0,188,Fade,Distance,Left/Right,Confidence-inspiring,10.5,R,game-improvement
15.5,91.6,215,Slice,Forgiveness,Fat/Thin,Forged/Blade-like,10.5,R,game-improvement
11.9,89.4,199,Straight,Forgiveness,Left/Right,Confidence-inspiring,10.5,R,super-game-improvement
15.4,103.9,247,Fade,Forgiveness,Inconsistent,Forged/Blade-like,8,S,players-distance
17.5,83.6,188,Straight,Distance,Left/Right,Confidence-inspiring,10.5,L,game-improvement
25.0,86.3,190,Straight,Forgiveness,Fat/Thin,Confidence-inspiring,10.5,R,super-game-improvement
16.1,98.5,238,Straight,Distance,Inconsistent,No preference,9,S,game-improvement
20.6,108.1,250,Fade,Forgiveness,Left/Right,No preference,9,S,game-improvement
12.1,97.7,218,Fade,Distance,Inconsistent,Forged/Blade-like,9,S,players-cb
22.1,88.5,189,Draw,Accuracy,Fat/Thin,Confidence-inspiring,10.5,R,super-game-improvement
20.4,94.9,199,Slice,Accuracy,Left/Right,No preference,10.5,R,game-improvement
24.8,68.4,176,Slice,Forgiveness,Consistent,Confidence-inspiring,12,L,super-game-improvement
23.4,78.1,167,Slice,Accuracy,Left/Right,Confidence-inspiring,12,A,super-game-improvement
22.3,87.1,206,Fade,Forgiveness,Inconsistent,Confidence-inspiring,10.5,R,game-improvement
16.1,87.9,198,Straight,Distance,Left/Right,No preference,9,R,players-distance
19.2,76.9,165,Draw,Distance,Fat/Thin,Confidence-inspiring,10.5,A,super-game-improvement
26.6,96.5,214,Fade,Accuracy,Fat/Thin,Confidence-inspiring,10.5,R,super-game-improvement
11.1,101.0,234,Slice,Distance,Left/Right,No preference,9,S,players-distance
11.3,99.7,241,Draw,Distance,Left/Right,Forged/Blade-like,9,S,players-cb
18.6,86.4,205,Draw,Distance,Consistent,Confidence-inspiring,10.5,R,players-distance
20.7,92.7,205,Straight,Accuracy,Left/Right,Confidence-inspiring,10.5,R,super-game-improvement
9.6,104.6,234,Straight,Accuracy,Consistent,No preference,9,S,players-cb
16.3,92.3,202,Hook,Accuracy,Left/Right,Forged/Blade-like,10.5,R,players-cb
16.2,99.4,208,Slice,Distance,Fat/Thin,Forged/Blade-like,9,S,players-distance
0.0,98.0,238,Fade,Distance,Consistent,Confidence-inspiring,9,S,players-cb
15.0,96.8,224,Hook,Accuracy,Fat/Thin,No preference,9,R,game-improvement
15.6,106.8,236,Draw,Accuracy,Fat/Thin,No preference,8,S,players-distance
15.6,107.7,237,Hook,Forgiveness,Left/Right,Forged/Blade-like,9,S,players-distance
29.7,99.1,216,Slice,Forgiveness,Fat/Thin,Confidence-inspiring,10.5,S,game-improvement
6.1,104.7,245,Hook,Distance,Left/Right,Confidence-inspiring,9,S,players-distance
9.6,99.8,234,Hook,Forgiveness,Left/Right,No preference,10.5,S,players-distance
0.0,101.5,245,Hook,Accuracy,Left/Right,No preference,9,S,players-cb
12.7,79.3,187,Straight,Accuracy,Left/Right,Forged/Blade-like,12,A,players-cb
13.4,83.4,189,Draw,Accuracy,Fat/Thin,Confidence-inspiring,9,R,game-improvement
12.4,95.9,220,Straight,Accuracy,Inconsistent,No preference,10.5,S,game-improvement
27.0,86.6,174,Straight,Forgiveness,Left/Right,Confidence-inspiring,10.5,R,super-game-improvement
24.7,103.3,230,Fade,Forgiveness,Inconsistent,Confidence-inspiring,10.5,S,super-game-improvement
17.7,107.1,246,Slice,Forgiveness,Consistent,Forged/Blade-like,9,S,players-cb
13.7,89.8,207,Hook,Accuracy,Fat/Thin,No preference,9,R,game-improvement
26.2,96.4,231,Slice,Forgiveness,Inconsistent,Confidence-inspiring,10.5,S,super-game-improvement
16.8,89.8,208,Fade,Distance,Left/Right,Confidence-inspiring,10.5,R,game-improvement
9.6,106.3,250,Draw,Forgiveness,Consistent,Confidence-inspiring,9,S,players-distance
1.6,113.0,280,Straight,Accuracy,Left/Right,Confidence-inspiring,8,X,players-cb
13.0,109.6,275,Straight,Accuracy,Fat/Thin,Confidence-inspiring,8,S,game-improvement
23.8,84.9,192,Straight,Forgiveness,Left/Right,No preference,10.5,A,super-game-improvement
36.0,91.7,175,Straight,Forgiveness,Inconsistent,Confidence-inspiring,10.5,R,super-game-improvement
17.6,75.3,176,Draw,Distance,Left/Right,No preference,12,A,game-improvement
10.1,112.1,257,Slice,Distance,Left/Right,Confidence-inspiring,8,X,players-distance
6.3,101.5,226,Draw,Accuracy,Left/Right,No preference,9,S,players-cb
22.0,91.0,220,Slice,Forgiveness,Left/Right,Forged/Blade-like,9,R,players-distance
1.1,84.9,220,Straight,Accuracy,Consistent,Confidence-inspiring,10.5,R,players-cb
22.0,87.2,188,Hook,Accuracy,Fat/Thin,Confidence-inspiring,10.5,R,game-improvement
24.4,103.0,222,Straight,Distance,Fat/Thin,Confidence-inspiring,10.5,S,super-game-improvement
20.9,87.5,199,Fade,Forgiveness,Fat/Thin,Confidence-inspiring,10.5,R,super-game-improvement
15.0,102.9,230,Straight,Forgiveness,Fat/Thin,Forged/Blade-like,9,S,players-distance
22.1,91.3,204,Slice,Forgiveness,Fat/Thin,No preference,9,R,super-game-improvement
18.5,104.0,231,Straight,Forgiveness,Left/Right,Confidence-inspiring,9,S,game-improvement
10.0,101.1,235,Hook,Distance,Inconsistent,No preference,9,S,players-distance
33.7,73.8,146,Slice,Forgiveness,Fat/Thin,Confidence-inspiring,12,A,super-game-improvement
13.8,97.2,234,Slice,Forgiveness,Fat/Thin,Confidence-inspiring,10.5,S,super-game-improvement
24.0,105.7,247,Straight,Distance,Fat/Thin,Confidence-inspiring,9,S,super-game-improvement
0.0,111.0,271,Slice,Accuracy,Inconsistent,No preference,8,X,players-cb
28.5,85.5,187,Straight,Forgiveness,Inconsistent,No preference,10.5,R,super-game-improvement
30.2,108.0,241,Slice,Distance,Fat/Thin,Confidence-inspiring,10.5,S,super-game-improvement
17.3,105.8,243,Draw,Accuracy,Consistent,Forged/Blade-like,9,S,players-cb
22.0,99.2,239,Straight,Forgiveness,Fat/Thin,Confidence-inspiring,10.5,S,super-game-improvement
22.0,94.2,200,Straight,Distance,Left/Right,Confidence-inspiring,10.5,R,super-game-improvement
11.2,105.7,256,Straight,Accuracy,Inconsistent,Forged/Blade-like,9,S,players-cb
21.9,98.7,221,Slice,Distance,Left/Right,Confidence-inspiring,9,S,super-game-improvement
9.7,77.6,173,Straight,Forgiveness,Consistent,Forged/Blade-like,12,L,players-cb
11.5,102.1,260,Straight,Forgiveness,Left/Right,Confidence-inspiring,9,S,game-improvement
27.1,86.0,211,Slice,Distance,Inconsistent,Confidence-inspiring,10.5,S,super-game-improvement
25.8,83.5,183,Slice,Forgiveness,Inconsistent,Confidence-inspiring,10.5,A,super-game-improvement
10.6,96.8,232,Straight,Accuracy,Left/Right,Confidence-inspiring,9,R,players-distance
10.4,83.4,192,Draw,Distance,Fat/Thin,No preference,10.5,A,players-distance
11.2,80.3,186,Hook,Accuracy,Fat/Thin,Forged/Blade-like,10.5,A,players-cb
23.6,102.4,219,Slice,Accuracy,Left/Right,Confidence-inspiring,9,S,game-improvement
8.0,105.2,239,Fade,Accuracy,Left/Right,Forged/Blade-like,9,S,players-distance
20.2,68.1,171,Straight,Distance,Left/Right,Forged/Blade-like,12,L,players-distance
23.7,84.1,188,Slice,Forgiveness,Left/Right,Confidence-inspiring,12,R,super-game-improvement
16.2,103.8,240,Draw,Forgiveness,Left/Right,Forged/Blade-like,9,S,players-cb
26.1,85.5,182,Slice,Forgiveness,Fat/Thin,Confidence-inspiring,10.5,R,super-game-improvement
14.3,108.7,254,Fade,Distance,Fat/Thin,Forged/Blade-like,8,S,players-cb
15.1,106.2,232,Draw,Distance,Inconsistent,Confidence-inspiring,9,S,players-distance
8.2,86.9,200,Slice,Forgiveness,Consistent,No preference,10.5,R,players-distance
26.2,86.8,181,Slice,Forgiveness,Inconsistent,No preference,10.5,A,super-game-improvement
10.1,94.7,235,Straight,Accuracy,Inconsistent,Forged/Blade-like,10.5,R,players-cb
20.1,78.4,163,Fade,Forgiveness,Fat/Thin,Forged/Blade-like,12,A,super-game-improvement
16.4,80.3,174,Slice,Distance,Inconsistent,No preference,12,A,game-improvement
7.5,92.8,203,Draw,Forgiveness,Left/Right,No preference,10.5,R,players-distance
11.5,91.8,207,Fade,Forgiveness,Inconsistent,No preference,10.5,R,game-improvement
29.4,88.8,190,Straight,Distance,Left/Right,Confidence-inspiring,10.5,R,super-game-improvement
18.8,103.7,245,Straight,Distance,Left/Right,No preference,9,S,players-distance
7.9,105.8,250,Fade,Distance,Left/Right,Forged/Blade-like,9,S,players-cb
19.7,100.1,224,Slice,Forgiveness,Inconsistent,Confidence-inspiring,10.5,S,super-game-improvement
15.7,92.7,217,Fade,Accuracy,Consistent,Confidence-inspiring,10.5,R,players-distance
36.0,87.6,182,Fade,Forgiveness,Fat/Thin,Confidence-inspiring,10.5,A,super-game-improvement
19.6,91.2,229,Straight,Distance,Inconsistent,Confidence-inspiring,10.5,R,players-distance
13.6,92.3,210,Fade,Accuracy,Fat/Thin,Confidence-inspiring,12,R,game-improvement
29.8,104.7,232,Fade,Forgiveness,Inconsistent,No preference,10.5,S,super-game-improvement
0.4,82.4,209,Straight,Distance,Left/Right,Forged/Blade-like,10.5,A,blade
17.8,75.2,167,Slice,Distance,Inconsistent,Confidence-inspiring,12,A,super-game-improvement
34.9,86.1,185,Slice,Forgiveness,Inconsistent,Forged/Blade-like,10.5,R,super-game-improvement
16.0,92.5,209,Slice,Accuracy,Fat/Thin,Forged/Blade-like,10.5,R,players-cb
1.4,90.7,224,Straight,Accuracy,Consistent,Forged/Blade-like,10.5,R,blade
13.4,86.3,202,Draw,Distance,Left/Right,Forged/Blade-like,10.5,A,players-cb
30.1,76.3,165,Slice,Forgiveness,Fat/Thin,Confidence-inspiring,12,A,super-game-improvement
20.4,101.1,219,Straight,Distance,Left/Right,No preference,9,S,game-improvement
9.5,111.7,281,Slice,Distance,Inconsistent,No preference,8,X,players-distance
10.8,115.1,276,Hook,Forgiveness,Inconsistent,Confidence-inspiring,9,X,game-improvement
12.0,81.9,178,Draw,Forgiveness,Fat/Thin,No preference,12,R,super-game-improvement
20.3,78.5,174,Straight,Forgiveness,Inconsistent,Confidence-inspiring,12,A,super-game-improvement
29.0,71.9,143,Draw,Distance,Left/Right,No preference,12,A,super-game-improvement
26.5,100.9,230,Straight,Forgiveness,Fat/Thin,Confidence-inspiring,10.5,S,super-game-improvement
21.1,95.8,216,Slice,Distance,Left/Right,Confidence-inspiring,10.5,R,super-game-improvement
5.0,103.4,249,Fade,Accuracy,Consistent,Forged/Blade-like,9,S,blade
5.0,104.9,245,Straight,Accuracy,Left/Right,No preference,9,X,players-cb
21.8,90.6,201,Straight,Forgiveness,Fat/Thin,Confidence-inspiring,10.5,R,game-improvement
4.9,91.5,227,Fade,Forgiveness,Left/Right,Forged/Blade-like,12,R,players-cb
15.0,100.9,243,Straight,Accuracy,Left/Right,Forged/Blade-like,8,S,players-cb
19.7,90.7,214,Draw,Accuracy,Left/Right,Forged/Blade-like,10.5,R,players-cb
6.8,89.4,200,Straight,Accuracy,Fat/Thin,Forged/Blade-like,10.5,R,players-cb
7.8,106.4,252,Straight,Distance,Consistent,Forged/Blade-like,9,S,players-cb
16.2,90.7,211,Slice,Distance,Inconsistent,Forged/Blade-like,10.5,R,players-distance
21.5,93.7,205,Slice,Distance,Fat/Thin,Confidence-inspiring,10.5,R,super-game-improvement
26.6,86.7,177,Fade,Forgiveness,Fat/Thin,Confidence-inspiring,10.5,R,super-game-improvement
22.5,99.6,212,Hook,Forgiveness,Consistent,Forged/Blade-like,10.5,S,players-distance
17.7,96.2,234,Fade,Distance,Consistent,No preference,9,S,players-cb
10.3,90.2,202,Straight,Accuracy,Left/Right,No preference,10.5,R,players-distance
7.4,104.2,249,Straight,Accuracy,Consistent,Forged/Blade-like,9,S,players-cb
12.4,101.1,235,Draw,Distance,Consistent,Confidence-inspiring,9,S,players-distance
20.7,97.0,218,Straight,Accuracy,Fat/Thin,Confidence-inspiring,9,S,super-game-improvement
20.0,102.8,230,Straight,Forgiveness,Left/Right,Confidence-inspiring,9,S,super-game-improvement
0.0,99.8,252,Fade,Accuracy,Left/Right,Forged/Blade-like,9,S,blade
9.9,105.9,250,Fade,Forgiveness,Fat/Thin,No preference,9,S,game-improvement
27.8,69.8,148,Straight,Forgiveness,Left/Right,No preference,12,A,super-game-improvement
17.7,92.8,213,Straight,Distance,Left/Right,No preference,10.5,R,players-distance
4.2,100.4,231,Straight,Accuracy,Inconsistent,No preference,9,S,players-cb
36.0,96.0,208,Fade,Forgiveness,Inconsistent,Confidence-inspiring,10.5,R,game-improvement
16.7,93.1,208,Fade,Accuracy,Fat/Thin,Forged/Blade-like,9,R,players-distance
20.5,98.1,217,Straight,Distance,Left/Right,Confidence-inspiring,9,S,super-game-improvement
20.6,74.4,173,Slice,Accuracy,Left/Right,No preference,12,R,game-improvement
13.7,93.2,213,Fade,Distance,Consistent,No preference,10.5,R,players-cb
10.5,90.4,210,Hook,Distance,Consistent,No preference,10.5,R,players-cb
36.0,106.3,237,Slice,Forgiveness,Fat/Thin,Confidence-inspiring,10.5,S,super-game-improvement
26.0,81.7,172,Straight,Distance,Consistent,No preference,12,A,game-improvement
24.4,90.1,205,Draw,Distance,Left/Right,No preference,10.5,R,game-improvement
22.2,92.2,216,Slice,Forgiveness,Fat/Thin,Confidence-inspiring,10.5,R,super-game-improvement
8.0,84.7,212,Straight,Forgiveness,Inconsistent,No preference,10.5,R,game-improvement
28.5,81.4,198,Slice,Forgiveness,Inconsistent,Confidence-inspiring,12,A,super-game-improvement
9.4,103.7,240,Draw,Accuracy,Consistent,No preference,9,S,players-cb
19.5,93.6,205,Fade,Forgiveness,Inconsistent,No preference,10.5,R,super-game-improvement
2.2,81.5,205,Straight,Accuracy,Fat/Thin,No preference,12,A,players-cb
0.0,100.3,254,Straight,Accuracy,Left/Right,No preference,9,S,players-cb
19.9,102.7,226,Fade,Accuracy,Inconsistent,Confidence-inspiring,10.5,S,game-improvement
9.7,105.3,253,Slice,Accuracy,Consistent,Forged/Blade-like,9,S,players-cb
0.0,118.2,314,Straight,Accuracy,Consistent,No preference,9,X,blade
21.9,81.3,184,Draw,Forgiveness,Left/Right,No preference,12,A,game-improvement
36.0,94.3,209,Fade,Forgiveness,Left/Right,Confidence-inspiring,10.5,R,super-game-improvement
29.5,85.5,201,Slice,Accuracy,Fat/Thin,Confidence-inspiring,10.5,R,super-game-improvement
14.7,111.9,282,Slice,Distance,Fat/Thin,Confidence-inspiring,8,X,game-improvement
17.1,94.4,219,Draw,Accuracy,Inconsistent,Confidence-inspiring,10.5,R,game-improvement
25.0,68.5,164,Straight,Forgiveness,Left/Right,Confidence-inspiring,10.5,L,super-game-improvement
27.1,96.1,205,Draw,Forgiveness,Left/Right,Confidence-inspiring,10.5,R,super-game-improvement
13.9,92.1,214,Fade,Forgiveness,Inconsistent,Confidence-inspiring,10.5,R,super-game-improvement
17.3,90.5,204,Slice,Accuracy,Inconsistent,Confidence-inspiring,10.5,R,super-game-improvement
19.7,78.1,161,Hook,Distance,Inconsistent,Forged/Blade-like,12,A,players-distance
22.0,107.3,227,Straight,Forgiveness,Left/Right,Confidence-inspiring,9,S,super-game-improvement
15.8,90.0,212,Draw,Accuracy,Left/Right,Confidence-inspiring,10.5,R,game-improvement
15.9,110.9,260,Straight,Forgiveness,Left/Right,Forged/Blade-like,9,X,players-distance
29.4,81.7,169,Slice,Accuracy,Inconsistent,No preference,12,A,game-improvement
27.9,77.8,185,Straight,Forgiveness,Fat/Thin,No preference,12,A,super-game-improvement
21.3,104.7,226,Slice,Distance,Fat/Thin,Confidence-inspiring,9,S,super-game-improvement
32.5,83.2,182,Straight,Distance,Fat/Thin,Confidence-inspiring,10.5,A,super-game-improvement
13.5,96.2,220,Draw,Distance,Fat/Thin,Confidence-inspiring,9,R,game-improvement
31.6,71.7,156,Straight,Forgiveness,Left/Right,Confidence-inspiring,12,L,super-game-improvement
21.9,86.5,203,Fade,Forgiveness,Inconsistent,Confidence-inspiring,10.5,R,super-game-improvement
36.0,85.8,189,Slice,Forgiveness,Fat/Thin,No preference,9,R,super-game-improvement
6.3,88.7,219,Straight,Accuracy,Inconsistent,Forged/Blade-like,10.5,R,players-cb
10.8,93.3,225,Fade,Distance,Left/Right,Forged/Blade-like,10.5,R,players-cb
20.8,87.7,187,Fade,Forgiveness,Fat/Thin,Confidence-inspiring,10.5,R,super-game-improvement
20.6,92.7,220,Slice,Forgiveness,Left/Right,Confidence-inspiring,10.5,R,super-game-improvement
34.6,97.3,199,Slice,Distance,Fat/Thin,No preference,10.5,S,super-game-improvement
11.0,95.5,224,Fade,Accuracy,Left/Right,Confidence-inspiring,10.5,R,players-distance
25.1,82.0,179,Fade,Distance,Fat/Thin,Confidence-inspiring,10.5,R,super-game-improvement
27.5,114.8,256,Slice,Accuracy,Inconsistent,Confidence-inspiring,10.5,X,super-game-improvement
23.3,85.8,188,Slice,Accuracy,Inconsistent,Confidence-inspiring,12,R,super-game-improvement
8.4,98.4,232,Draw,Distance,Left/Right,Forged/Blade-like,9,S,players-cb
29.7,82.2,194,Fade,Accuracy,Fat/Thin,No preference,10.5,A,game-improvement
28.1,84.1,173,Straight,Forgiveness,Inconsistent,Confidence-inspiring,12,R,game-improvement
22.4,91.5,206,Straight,Forgiveness,Left/Right,Confidence-inspiring,10.5,R,super-game-improvement
18.8,102.4,224,Straight,Accuracy,Fat/Thin,No preference,9,S,players-distance
19.0,97.1,227,Slice,Distance,Fat/Thin,Confidence-inspiring,9,S,super-game-improvement
16.3,105.7,237,Fade,Forgiveness,Left/Right,No preference,9,S,game-improvement
22.8,100.9,227,Slice,Accuracy,Left/Right,Confidence-inspiring,9,X,super-game-improvement
17.3,96.3,209,Fade,Forgiveness,Inconsistent,No preference,10.5,R,super-game-improvement
9.4,103.4,256,Straight,Distance,Consistent,No preference,9,S,players-cb
7.6,111.9,267,Straight,Distance,Left/Right,No preference,8,X,players-cb
10.2,88.0,209,Slice,Distance,Left/Right,No preference,10.5,R,players-distance
19.0,118.1,277,Fade,Accuracy,Inconsistent,No preference,8,S,players-distance
16.8,89.5,194,Fade,Distance,Fat/Thin,Forged/Blade-like,10.5,R,players-distance
18.9,89.6,199,Slice,Accuracy,Fat/Thin,No preference,10.5,R,game-improvement
21.5,79.3,180,Slice,Forgiveness,Fat/Thin,Confidence-inspiring,12,R,super-game-improvement
11.4,86.4,187,Draw,Forgiveness,Fat/Thin,No preference,10.5,R,game-improvement
30.2,95.2,192,Straight,Forgiveness,Left/Right,Confidence-inspiring,9,R,super-game-improvement
14.6,118.8,268,Fade,Distance,Fat/Thin,Confidence-inspiring,8,X,game-improvement
13.1,91.4,203,Slice,Distance,Fat/Thin,Confidence-inspiring,10.5,R,super-game-improvement
21.3,95.0,211,Straight,Forgiveness,Consistent,No preference,10.5,R,game-improvement
0.5,107.9,269,Fade,Accuracy,Consistent,Forged/Blade-like,9,S,blade
9.9,109.3,265,Fade,Forgiveness,Inconsistent,Confidence-inspiring,9,S,game-improvement
25.8,110.6,262,Straight,Forgiveness,Inconsistent,No preference,10.5,X,super-game-improvement
1.4,120.0,292,Fade,Accuracy,Left/Right,No preference,8,X,players-cb
27.1,85.2,189,Slice,Accuracy,Inconsistent,Confidence-inspiring,9,R,super-game-improvement
30.6,90.5,197,Slice,Distance,Left/Right,Confidence-inspiring,10.5,R,super-game-improvement
13.7,103.0,243,Straight,Distance,Inconsistent,Confidence-inspiring,9,S,game-improvement
19.6,92.5,214,Hook,Forgiveness,Consistent,Forged/Blade-like,10.5,R,players-cb
27.1,76.6,177,Draw,Forgiveness,Left/Right,No preference,12,A,super-game-improvement
12.8,89.3,217,Draw,Forgiveness,Inconsistent,No preference,10.5,R,game-improvement
24.8,100.6,229,Slice,Distance,Left/Right,Confidence-inspiring,10.5,X,super-game-improvement
11.0,111.0,275,Fade,Accuracy,Fat/Thin,No preference,8,X,game-improvement
12.7,95.3,223,Draw,Distance,Fat/Thin,No preference,12,S,players-distance
9.8,101.9,235,Straight,Accuracy,Consistent,No preference,9,S,players-cb
20.1,104.3,233,Slice,Forgiveness,Consistent,Confidence-inspiring,9,S,game-improvement
27.4,70.3,154,Straight,Forgiveness,Fat/Thin,Confidence-inspiring,12,L,super-game-improvement
15.3,91.1,201,Slice,Distance,Fat/Thin,Confidence-inspiring,10.5,R,super-game-improvement
5.6,120.0,282,Straight,Forgiveness,Consistent,No preference,9,X,players-cb
7.3,104.0,238,Draw,Distance,Inconsistent,No preference,9,S,players-distance
20.6,80.7,186,Hook,Forgiveness,Inconsistent,No preference,12,A,game-improvement
33.6,84.3,184,Straight,Forgiveness,Consistent,Confidence-inspiring,10.5,S,super-game-improvement
20.5,102.3,216,Slice,Forgiveness,Inconsistent,Confidence-inspiring,9,S,super-game-improvement
13.5,71.4,160,Hook,Distance,Consistent,No preference,12,L,game-improvement
23.9,91.5,221,Slice,Forgiveness,Fat/Thin,No preference,10.5,R,super-game-improvement
14.8,92.2,219,Straight,Accuracy,Consistent,Forged/Blade-like,10.5,R,blade
13.6,80.3,191,Straight,Forgiveness,Fat/Thin,Forged/Blade-like,10.5,R,game-improvement
8.4,101.1,234,Straight,Distance,Inconsistent,No preference,9,S,players-distance
29.7,84.4,187,Fade,Accuracy,Fat/Thin,Confidence-inspiring,10.5,R,super-game-improvement
0.0,105.8,259,Draw,Distance,Consistent,Forged/Blade-like,10.5,S,players-cb
24.2,86.1,185,Slice,Forgiveness,Fat/Thin,Confidence-inspiring,10.5,R,super-game-improvement
12.8,87.1,199,Fade,Forgiveness,Fat/Thin,Forged/Blade-like,10.5,A,game-improvement
13.3,82.4,188,Straight,Accuracy,Consistent,No preference,10.5,A,players-cb
32.2,77.2,153,Straight,Distance,Left/Right,Forged/Blade-like,10.5,A,game-improvement
10.6,107.4,241,Slice,Distance,Left/Right,Confidence-inspiring,10.5,S,players-distance
10.9,100.9,236,Draw,Accuracy,Left/Right,Forged/Blade-like,9,S,players-cb
15.8,94.6,211,Straight,Forgiveness,Fat/Thin,Confidence-inspiring,10.5,R,super-game-improvement
20.7,81.5,182,Draw,Accuracy,Inconsistent,No preference,10.5,A,super-game-improvement
13.0,93.4,203,Hook,Distance,Fat/Thin,No preference,10.5,R,players-distance
2.8,111.5,278,Straight,Distance,Inconsistent,Confidence-inspiring,8,X,players-cb
9.2,104.8,267,Fade,Distance,Consistent,Confidence-inspiring,9,S,players-cb
28.5,81.8,189,Slice,Forgiveness,Inconsistent,Confidence-inspiring,12,A,super-game-improvement
17.7,67.8,165,Fade,Forgiveness,Inconsistent,No preference,12,A,super-game-improvement
21.1,84.9,198,Slice,Forgiveness,Fat/Thin,No preference,10.5,R,super-game-improvement
14.6,91.2,214,Slice,Accuracy,Inconsistent,No preference,10.5,R,game-improvement
11.1,89.4,211,Straight,Accuracy,Consistent,Confidence-inspiring,10.5,R,players-distance
32.1,80.0,165,Fade,Forgiveness,Left/Right,Confidence-inspiring,12,A,game-improvement
15.3,103.8,246,Fade,Distance,Left/Right,Confidence-inspiring,9,S,players-distance
13.0,96.8,232,Slice,Accuracy,Inconsistent,Forged/Blade-like,9,R,players-distance
26.9,97.6,211,Straight,Accuracy,Fat/Thin,Forged/Blade-like,10.5,R,players-distance
10.5,83.8,202,Straight,Accuracy,Consistent,Confidence-inspiring,10.5,A,players-cb
11.6,95.1,217,Hook,Distance,Left/Right,Confidence-inspiring,10.5,R,players-distance
17.1,75.0,167,Straight,Forgiveness,Left/Right,Forged/Blade-like,12,A,game-improvement
17.0,90.2,214,Straight,Distance,Fat/Thin,Confidence-inspiring,10.5,R,game-improvement
19.3,82.4,191,Slice,Forgiveness,Left/Right,No preference,10.5,A,super-game-improvement
35.8,94.5,199,Fade,Accuracy,Left/Right,Confidence-inspiring,10.5,R,super-game-improvement
20.0,96.5,216,Slice,Accuracy,Fat/Thin,Confidence-inspiring,9,A,super-game-improvement
0.0,116.1,286,Draw,Accuracy,Consistent,Forged/Blade-like,8,S,blade
19.9,88.2,184,Straight,Forgiveness,Left/Right,No preference,10.5,R,super-game-improvement
17.3,84.0,186,Fade,Distance,Inconsistent,Confidence-inspiring,10.5,R,players-distance
17.4,83.7,181,Straight,Forgiveness,Inconsistent,No preference,10.5,A,super-game-improvement
19.2,95.6,218,Straight,Accuracy,Left/Right,Confidence-inspiring,10.5,R,game-improvement
16.7,112.7,269,Slice,Forgiveness,Fat/Thin,No preference,9,X,super-game-improvement
16.5,98.9,232,Fade,Distance,Fat/Thin,Confidence-inspiring,9,S,game-improvement
22.5,87.0,191,Slice,Distance,Left/Right,Confidence-inspiring,10.5,R,super-game-improvement
12.1,95.9,218,Slice,Accuracy,Fat/Thin,No preference,10.5,R,game-improvement
8.5,99.9,230,Draw,Accuracy,Left/Right,Forged/Blade-like,9,S,players-cb
36.0,101.8,234,Straight,Distance,Left/Right,Confidence-inspiring,10.5,S,super-game-improvement
10.6,111.1,262,Straight,Accuracy,Fat/Thin,Forged/Blade-like,8,X,players-cb
17.9,96.4,222,Straight,Forgiveness,Left/Right,Confidence-inspiring,10.5,R,super-game-improvement
3.5,104.7,234,Straight,Distance,Consistent,No preference,9,S,blade
18.0,96.8,211,Slice,Forgiveness,Consistent,No preference,9,R,game-improvement
8.6,105.1,249,Slice,Forgiveness,Fat/Thin,Forged/Blade-like,10.5,S,players-distance
13.0,93.0,212,Straight,Distance,Left/Right,No preference,10.5,R,players-distance
26.4,79.6,177,Slice,Forgiveness,Inconsistent,Confidence-inspiring,12,A,super-game-improvement
21.2,101.9,231,Hook,Forgiveness,Fat/Thin,Confidence-inspiring,10.5,S,super-game-improvement
22.1,91.2,211,Slice,Forgiveness,Fat/Thin,Confidence-inspiring,10.5,R,super-game-improvement
1.1,114.7,263,Straight,Accuracy,Consistent,Forged/Blade-like,8,S,blade
33.5,99.7,204,Straight,Forgiveness,Left/Right,Confidence-inspiring,9,S,super-game-improvement
6.3,106.9,255,Slice,Distance,Fat/Thin,Forged/Blade-like,8,S,players-cb
30.8,88.6,187,Slice,Distance,Left/Right,Confidence-inspiring,10.5,A,super-game-improvement
26.2,120.0,263,Fade,Forgiveness,Fat/Thin,Confidence-inspiring,10.5,X,super-game-improvement
22.2,93.0,210,Slice,Forgiveness,Left/Right,Confidence-inspiring,10.5,S,super-game-improvement
9.3,88.8,203,Fade,Distance,Inconsistent,Forged/Blade-like,10.5,R,players-cb
18.4,90.7,209,Draw,Accuracy,Consistent,Forged/Blade-like,10.5,S,players-cb
12.8,112.8,268,Fade,Forgiveness,Fat/Thin,No preference,9,X,game-improvement
17.3,81.3,187,Slice,Accuracy,Consistent,Forged/Blade-like,10.5,A,players-cb
14.8,88.4,211,Slice,Distance,Left/Right,Confidence-inspiring,10.5,R,game-improvement
0.0,117.1,267,Draw,Distance,Consistent,No preference,8,X,blade
27.1,84.9,182,Draw,Forgiveness,Inconsistent,Confidence-inspiring,10.5,R,super-game-improvement
16.3,93.8,224,Slice,Forgiveness,Fat/Thin,Forged/Blade-like,10.5,S,game-improvement
12.6,108.2,245,Draw,Accuracy,Left/Right,Confidence-inspiring,8,S,players-distance
12.0,90.7,203,Fade,Distance,Consistent,Forged/Blade-like,9,R,players-cb
20.2,77.6,175,Fade,Distance,Fat/Thin,Confidence-inspiring,12,A,super-game-improvement
9.0,86.0,204,Slice,Accuracy,Fat/Thin,Confidence-inspiring,10.5,A,game-improvement
0.0,111.8,269,Straight,Accuracy,Left/Right,Forged/Blade-like,8,S,players-cb
20.7,94.5,231,Slice,Accuracy,Fat/Thin,Confidence-inspiring,10.5,R,super-game-improvement
21.7,84.3,193,Slice,Accuracy,Left/Right,Forged/Blade-like,12,R,players-distance
15.2,84.1,186,Straight,Forgiveness,Inconsistent,Confidence-inspiring,10.5,R,super-game-improvement
6.7,98.7,223,Straight,Forgiveness,Consistent,Confidence-inspiring,10.5,S,players-distance
17.8,105.1,244,Straight,Forgiveness,Fat/Thin,Confidence-inspiring,9,S,super-game-improvement
3.8,95.1,221,Straight,Accuracy,Fat/Thin,No preference,10.5,R,players-cb
7.8,94.1,243,Fade,Accuracy,Consistent,Forged/Blade-like,10.5,R,players-cb
10.2,87.2,209,Fade,Accuracy,Left/Right,Forged/Blade-like,9,R,players-cb
24.6,85.6,196,Straight,Forgiveness,Fat/Thin,Confidence-inspiring,10.5,R,super-game-improvement
13.7,100.1,235,Fade,Accuracy,Consistent,Confidence-inspiring,8,S,players-distance
13.0,118.3,286,Slice,Accuracy,Left/Right,Confidence-inspiring,8,X,game-improvement
34.6,84.6,159,Slice,Distance,Inconsistent,Forged/Blade-like,10.5,R,super-game-improvement
20.2,91.7,197,Slice,Forgiveness,Left/Right,Confidence-inspiring,10.5,R,super-game-improvement
20.1,101.0,238,Slice,Accuracy,Left/Right,Confidence-inspiring,10.5,S,super-game-improvement
13.7,103.6,255,Draw,Distance,Fat/Thin,Confidence-inspiring,8,S,game-improvement
11.6,92.3,205,Straight,Forgiveness,Left/Right,Confidence-inspiring,10.5,R,game-improvement
0.0,120.0,278,Slice,Distance,Inconsistent,Confidence-inspiring,8,S,players-distance
25.7,88.3,197,Draw,Forgiveness,Left/Right,No preference,10.5,R,super-game-improvement
21.0,94.1,217,Slice,Forgiveness,Fat/Thin,Confidence-inspiring,10.5,R,super-game-improvement
15.4,101.0,235,Slice,Accuracy,Inconsistent,Forged/Blade-like,9,S,game-improvement
15.8,98.7,227,Draw,Forgiveness,Left/Right,Forged/Blade-like,10.5,S,players-distance
23.6,105.2,219,Straight,Accuracy,Fat/Thin,Confidence-inspiring,9,S,super-game-improvement
3.0,98.1,234,Straight,Distance,Left/Right,Forged/Blade-like,9,S,blade
11.7,105.9,246,Draw,Forgiveness,Inconsistent,Forged/Blade-like,9,S,players-cb
6.8,103.0,241,Draw,Accuracy,Left/Right,Forged/Blade-like,8,S,blade
32.9,93.5,184,Slice,Accuracy,Inconsistent,Confidence-inspiring,10.5,R,super-game-improvement
24.9,86.9,199,Slice,Forgiveness,Inconsistent,Confidence-inspiring,10.5,R,super-game-improvement
0.0,102.5,259,Straight,Accuracy,Fat/Thin,Confidence-inspiring,9,S,players-distance
3.4,111.0,261,Hook,Accuracy,Left/Right,No preference,8,X,players-cb
15.8,98.8,226,Slice,Accuracy,Inconsistent,Forged/Blade-like,8,S,game-improvement
12.7,89.2,204,Slice,Accuracy,Fat/Thin,Confidence-inspiring,10.5,R,super-game-improvement
5.1,116.0,274,Draw,Accuracy,Consistent,No preference,9,X,blade
34.5,89.9,197,Hook,Accuracy,Fat/Thin,Confidence-inspiring,9,R,super-game-improvement
19.8,91.8,213,Draw,Forgiveness,Inconsistent,No preference,10.5,R,game-improvement
21.3,86.8,206,Fade,Forgiveness,Fat/Thin,Confidence-inspiring,10.5,R,super-game-improvement
10.8,102.3,250,Fade,Distance,Left/Right,Confidence-inspiring,9,S,players-distance
23.5,96.6,215,Fade,Forgiveness,Inconsistent,Confidence-inspiring,10.5,S,super-game-improvement
13.6,80.8,214,Fade,Distance,Left/Right,No preference,10.5,A,players-distance
14.4,100.0,246,Straight,Distance,Left/Right,No preference,9,S,players-distance
22.5,97.2,213,Slice,Forgiveness,Fat/Thin,Confidence-inspiring,10.5,S,super-game-improvement
2.3,80.9,198,Straight,Distance,Fat/Thin,Forged/Blade-like,12,A,players-cb
31.4,86.6,170,Slice,Forgiveness,Fat/Thin,Forged/Blade-like,10.5,S,super-game-improvement
18.6,100.3,229,Straight,Accuracy,Inconsistent,Confidence-inspiring,9,R,game-improvement
28.5,92.4,218,Draw,Distance,Inconsistent,Confidence-inspiring,10.5,R,super-game-improvement
7.3,109.1,285,Draw,Distance,Consistent,No preference,8,X,players-cb
8.7,96.8,228,Fade,Accuracy,Left/Right,Forged/Blade-like,9,R,players-distance
6.5,91.2,221,Straight,Accuracy,Inconsistent,Forged/Blade-like,9,A,players-cb
19.3,74.9,176,Fade,Distance,Fat/Thin,Confidence-inspiring,12,A,super-game-improvement
17.6,105.0,258,Slice,Forgiveness,Inconsistent,No preference,9,S,game-improvement
12.8,104.3,235,Fade,Distance,Fat/Thin,Confidence-inspiring,9,X,game-improvement
7.9,112.3,291,Hook,Accuracy,Consistent,No preference,8,X,players-cb
5.6,94.9,225,Straight,Accuracy,Left/Right,No preference,10.5,R,players-cb
16.6,102.8,226,Straight,Distance,Consistent,No preference,9,S,players-cb
12.8,82.3,189,Hook,Distance,Inconsistent,Confidence-inspiring,10.5,R,game-improvement
10.8,90.0,204,Slice,Distance,Fat/Thin,Forged/Blade-like,10.5,R,players-cb
30.9,86.2,191,Straight,Forgiveness,Consistent,Confidence-inspiring,10.5,R,super-game-improvement
16.3,101.5,219,Straight,Distance,Fat/Thin,No preference,9,S,game-improvement
28.4,103.5,228,Hook,Forgiveness,Left/Right,Confidence-inspiring,10.5,S,super-game-improvement
12.2,95.3,229,Fade,Forgiveness,Fat/Thin,Forged/Blade-like,10.5,R,game-improvement
19.2,84.3,205,Hook,Accuracy,Consistent,Forged/Blade-like,12,A,players-cb
16.5,85.6,203,Draw,Forgiveness,Fat/Thin,Confidence-inspiring,10.5,R,super-game-improvement
1.7,98.0,251,Draw,Distance,Left/Right,Forged/Blade-like,9,S,blade
29.9,107.9,230,Slice,Distance,Fat/Thin,Confidence-inspiring,10.5,R,super-game-improvement
15.8,102.8,241,Hook,Distance,Fat/Thin,No preference,9,S,players-distance
23.7,101.0,206,Straight,Forgiveness,Fat/Thin,Confidence-inspiring,10.5,R,super-game-improvement
10.2,96.7,227,Hook,Forgiveness,Left/Right,Confidence-inspiring,10.5,S,super-game-improvement
15.5,95.4,224,Draw,Forgiveness,Fat/Thin,No preference,10.5,R,super-game-improvement
9.2,106.7,257,Draw,Accuracy,Consistent,Confidence-inspiring,9,S,players-cb
28.1,81.8,166,Draw,Forgiveness,Inconsistent,No preference,12,A,game-improvement
19.8,89.6,200,Straight,Distance,Left/Right,Forged/Blade-like,10.5,R,blade
20.3,85.4,191,Slice,Forgiveness,Left/Right,Forged/Blade-like,10.5,R,game-improvement
29.2,81.7,175,Straight,Distance,Inconsistent,Confidence-inspiring,10.5,A,super-game-improvement
27.4,87.9,200,Slice,Forgiveness,Fat/Thin,Forged/Blade-like,12,R,super-game-improvement
23.9,81.5,180,Fade,Distance,Inconsistent,No preference,12,A,super-game-improvement
4.2,106.0,257,Draw,Accuracy,Left/Right,Forged/Blade-like,9,S,players-cb
10.7,101.6,235,Slice,Forgiveness,Fat/Thin,Forged/Blade-like,10.5,S,players-cb
8.0,98.8,245,Draw,Accuracy,Consistent,No preference,9,S,players-cb
23.5,81.7,193,Fade,Forgiveness,Consistent,No preference,12,A,game-improvement
18.5,94.5,213,Hook,Accuracy,Fat/Thin,No preference,10.5,R,game-improvement
4.5,97.9,262,Fade,Forgiveness,Consistent,Confidence-inspiring,10.5,S,players-cb
15.3,96.1,215,Draw,Accuracy,Fat/Thin,No preference,9,R,game-improvement
3.6,114.5,286,Fade,Forgiveness,Consistent,Forged/Blade-like,9,X,blade
16.5,82.3,181,Straight,Distance,Inconsistent,Confidence-inspiring,10.5,A,game-improvement
2.1,120.0,299,Fade,Forgiveness,Inconsistent,No preference,9,X,players-distance
21.8,90.5,210,Fade,Forgiveness,Left/Right,Confidence-inspiring,10.5,R,super-game-improvement
20.4,96.2,209,Slice,Forgiveness,Left/Right,Confidence-inspiring,10.5,R,super-game-improvement
34.2,75.2,160,Draw,Forgiveness,Left/Right,No preference,12,A,game-improvement
24.6,100.7,241,Straight,Forgiveness,Inconsistent,Confidence-inspiring,10.5,S,super-game-improvement
13.2,95.8,216,Straight,Distance,Inconsistent,Confidence-inspiring,12,R,game-improvement
24.4,85.5,194,Straight,Distance,Left/Right,Confidence-inspiring,10.5,R,super-game-improvement
4.4,97.3,238,Straight,Accuracy,Consistent,Confidence-inspiring,9,S,players-cb
8.3,97.7,232,Draw,Distance,Consistent,Forged/Blade-like,9,S,players-cb
20.0,96.6,204,Slice,Forgiveness,Consistent,Confidence-inspiring,10.5,R,super-game-improvement
0.0,107.7,271,Fade,Accuracy,Consistent,Forged/Blade-like,9,S,blade
16.7,94.2,217,Draw,Distance,Fat/Thin,Forged/Blade-like,10.5,A,players-cb
7.8,93.6,233,Straight,Accuracy,Consistent,Forged/Blade-like,10.5,R,players-cb
17.9,86.1,199,Slice,Accuracy,Left/Right,Confidence-inspiring,10.5,R,game-improvement
7.3,96.4,230,Draw,Accuracy,Consistent,No preference,9,R,players-cb
20.8,96.5,222,Slice,Forgiveness,Left/Right,Confidence-inspiring,10.5,S,game-improvement
17.2,100.9,223,Straight,Forgiveness,Fat/Thin,Forged/Blade-like,10.5,S,game-improvement
29.6,93.8,219,Draw,Accuracy,Inconsistent,Confidence-inspiring,10.5,R,game-improvement
17.1,94.4,213,Hook,Distance,Consistent,No preference,10.5,R,players-cb
10.1,103.0,240,Hook,Distance,Left/Right,Forged/Blade-like,9,S,players-cb
14.8,94.3,230,Draw,Distance,Left/Right,Forged/Blade-like,10.5,R,players-cb
4.9,85.2,207,Draw,Accuracy,Left/Right,No preference,10.5,R,players-cb
20.7,89.8,201,Slice,Forgiveness,Inconsistent,Confidence-inspiring,10.5,R,game-improvement
22.3,87.1,200,Slice,Forgiveness,Inconsistent,No preference,10.5,R,super-game-improvement
36.0,71.1,157,Fade,Forgiveness,Fat/Thin,Confidence-inspiring,12,L,super-game-improvement
11.4,92.6,216,Hook,Forgiveness,Left/Right,Forged/Blade-like,10.5,R,players-cb
14.6,97.4,234,Straight,Accuracy,Inconsistent,Confidence-inspiring,9,S,game-improvement
11.8,86.6,192,Straight,Accuracy,Inconsistent,Confidence-inspiring,10.5,S,game-improvement
18.9,86.0,198,Straight,Forgiveness,Consistent,Forged/Blade-like,10.5,R,players-cb
20.4,107.6,251,Slice,Distance,Inconsistent,Confidence-inspiring,9,R,super-game-improvement
16.5,78.8,187,Straight,Distance,Consistent,Confidence-inspiring,12,A,players-distance
26.8,85.9,170,Slice,Accuracy,Fat/Thin,No preference,10.5,R,super-game-improvement
11.4,86.6,202,Draw,Forgiveness,Left/Right,No preference,10.5,R,players-distance
25.9,80.9,168,Slice,Forgiveness,Left/Right,Confidence-inspiring,12,A,super-game-improvement
21.8,89.2,213,Slice,Accuracy,Inconsistent,Confidence-inspiring,10.5,R,super-game-improvement
16.9,84.6,191,Hook,Forgiveness,Fat/Thin,Forged/Blade-like,10.5,S,players-distance
14.2,102.1,248,Straight,Distance,Fat/Thin,Confidence-inspiring,9,S,game-improvement
36.0,95.0,191,Straight,Forgiveness,Fat/Thin,No preference,10.5,R,super-game-improvement
9.6,107.9,259,Hook,Accuracy,Left/Right,No preference,9,S,players-cb
19.7,102.9,234,Straight,Distance,Inconsistent,No preference,9,S,players-distance
10.2,85.3,226,Fade,Distance,Fat/Thin,Confidence-inspiring,10.5,R,super-game-improvement
33.1,81.1,185,Straight,Distance,Fat/Thin,No preference,12,A,super-game-improvement
25.0,93.7,219,Draw,Forgiveness,Fat/Thin,No preference,10.5,R,super-game-improvement
10.9,107.3,271,Fade,Accuracy,Left/Right,No preference,9,S,players-distance
21.6,108.8,248,Slice,Forgiveness,Consistent,No preference,9,S,super-game-improvement
19.3,103.6,235,Fade,Accuracy,Fat/Thin,Confidence-inspiring,9,S,game-improvement
12.4,106.5,247,Fade,Accuracy,Consistent,No preference,9,S,players-cb
23.8,116.2,263,Fade,Accuracy,Left/Right,No preference,8,X,game-improvement
20.5,93.0,186,Slice,Accuracy,Fat/Thin,Confidence-inspiring,9,R,super-game-improvement
18.9,90.3,206,Fade,Forgiveness,Consistent,No preference,10.5,R,players-distance
16.6,96.5,224,Straight,Forgiveness,Left/Right,Confidence-inspiring,9,R,super-game-improvement
20.9,82.6,185,Fade,Forgiveness,Fat/Thin,Confidence-inspiring,10.5,A,super-game-improvement
19.1,93.7,200,Hook,Distance,Fat/Thin,No preference,10.5,R,players-distance
17.5,76.8,175,Draw,Distance,Left/Right,Confidence-inspiring,12,A,game-improvement
11.2,93.1,205,Slice,Distance,Fat/Thin,Confidence-inspiring,9,R,game-improvement
32.2,83.0,195,Slice,Accuracy,Fat/Thin,Forged/Blade-like,10.5,A,game-improvement
7.5,110.4,261,Straight,Accuracy,Consistent,Forged/Blade-like,8,X,players-cb
20.8,103.0,215,Slice,Forgiveness,Fat/Thin,Confidence-inspiring,9,S,super-game-improvement
14.1,86.8,200,Straight,Accuracy,Left/Right,Confidence-inspiring,10.5,R,game-improvement
32.8,104.5,233,Fade,Distance,Fat/Thin,Confidence-inspiring,10.5,X,super-game-improvement
8.9,101.4,242,Slice,Distance,Inconsistent,Confidence-inspiring,9,S,game-improvement
10.4,101.3,230,Slice,Forgiveness,Fat/Thin,No preference,10.5,S,game-improvement
8.3,84.2,194,Hook,Distance,Fat/Thin,Forged/Blade-like,10.5,R,players-cb
19.9,86.3,193,Draw,Forgiveness,Left/Right,No preference,10.5,R,game-improvement
4.6,113.4,269,Draw,Accuracy,Consistent,Confidence-inspiring,8,X,blade
12.7,99.1,220,Fade,Forgiveness,Inconsistent,Confidence-inspiring,10.5,S,game-improvement
0.0,107.1,262,Straight,Distance,Left/Right,Forged/Blade-like,9,S,blade
19.2,95.2,205,Straight,Distance,Fat/Thin,Forged/Blade-like,10.5,R,players-distance
12.5,83.1,203,Draw,Forgiveness,Fat/Thin,Confidence-inspiring,10.5,A,super-game-improvement
3.6,102.6,258,Straight,Accuracy,Consistent,Confidence-inspiring,9,S,players-cb
26.8,101.9,216,Slice,Forgiveness,Fat/Thin,No preference,10.5,S,super-game-improvement
5.2,113.3,266,Hook,Accuracy,Consistent,No preference,8,X,blade
24.2,88.3,193,Draw,Distance,Fat/Thin,Confidence-inspiring,10.5,R,super-game-improvement
10.7,114.4,269,Straight,Accuracy,Fat/Thin,Confidence-inspiring,8,X,game-improvement
31.4,72.1,159,Slice,Accuracy,Fat/Thin,Confidence-inspiring,12,A,super-game-improvement
23.7,80.2,184,Straight,Accuracy,Fat/Thin,Confidence-inspiring,10.5,A,super-game-improvement
7.9,119.3,288,Fade,Distance,Consistent,No preference,8,X,players-cb
8.7,105.9,265,Fade,Forgiveness,Consistent,No preference,9,S,players-cb
22.4,87.9,198,Fade,Forgiveness,Left/Right,Confidence-inspiring,10.5,R,super-game-improvement
14.6,95.5,210,Straight,Accuracy,Fat/Thin,No preference,10.5,R,game-improvement
15.5,87.4,187,Fade,Accuracy,Left/Right,Confidence-inspiring,10.5,R,game-improvement
28.5,89.4,211,Straight,Forgiveness,Fat/Thin,Confidence-inspiring,10.5,R,game-improvement
10.3,101.0,243,Slice,Accuracy,Left/Right,Forged/Blade-like,9,S,players-cb
17.8,94.1,217,Slice,Forgiveness,Fat/Thin,Confidence-inspiring,10.5,R,super-game-improvement
25.6,77.0,175,Fade,Forgiveness,Fat/Thin,Confidence-inspiring,12,A,game-improvement
24.3,92.1,207,Slice,Forgiveness,Fat/Thin,Confidence-inspiring,10.5,R,super-game-improvement
15.6,90.1,212,Straight,Forgiveness,Left/Right,Forged/Blade-like,10.5,A,players-distance
14.4,86.3,197,Fade,Accuracy,Fat/Thin,No preference,10.5,R,game-improvement
1.4,117.7,296,Fade,Forgiveness,Inconsistent,Confidence-inspiring,9,X,players-distance
7.5,120.0,281,Draw,Distance,Inconsistent,Forged/Blade-like,8,X,players-cb
19.9,111.9,246,Slice,Forgiveness,Fat/Thin,Confidence-inspiring,9,X,super-game-improvement
15.8,101.8,220,Fade,Forgiveness,Consistent,Forged/Blade-like,10.5,S,players-cb
17.7,91.3,207,Draw,Distance,Left/Right,No preference,10.5,R,players-distance
26.4,87.3,205,Slice,Forgiveness,Fat/Thin,No preference,10.5,R,super-game-improvement
6.3,105.8,249,Straight,Distance,Fat/Thin,No preference,9,S,players-distance
14.9,91.7,200,Straight,Forgiveness,Left/Right,Confidence-inspiring,10.5,R,super-game-improvement
18.7,106.5,246,Straight,Distance,Fat/Thin,Forged/Blade-like,9,S,players-cb
10.7,78.4,179,Draw,Accuracy,Fat/Thin,No preference,10.5,A,game-improvement
29.9,82.7,194,Fade,Distance,Left/Right,No preference,10.5,R,game-improvement
25.2,96.9,225,Draw,Forgiveness,Inconsistent,Confidence-inspiring,10.5,R,super-game-improvement
19.6,84.2,180,Draw,Forgiveness,Left/Right,Confidence-inspiring,10.5,R,super-game-improvement
33.1,81.1,173,Slice,Forgiveness,Fat/Thin,Confidence-inspiring,10.5,A,super-game-improvement
3.5,109.6,258,Hook,Accuracy,Fat/Thin,Forged/Blade-like,8,S,blade
16.9,109.7,242,Hook,Forgiveness,Inconsistent,Confidence-inspiring,9,S,super-game-improvement
20.3,79.3,179,Fade,Forgiveness,Inconsistent,Confidence-inspiring,12,A,super-game-improvement
8.8,86.3,212,Fade,Accuracy,Consistent,Forged/Blade-like,10.5,R,players-cb
19.7,83.1,188,Straight,Accuracy,Consistent,Confidence-inspiring,10.5,A,players-distance
7.0,85.9,200,Straight,Accuracy,Consistent,No preference,10.5,R,players-cb
23.2,75.6,150,Slice,Distance,Inconsistent,Confidence-inspiring,12,A,super-game-improvement
26.5,78.3,167,Fade,Accuracy,Inconsistent,Confidence-inspiring,12,L,super-game-improvement
19.5,105.1,244,Fade,Accuracy,Consistent,Confidence-inspiring,9,S,players-cb
0.3,102.7,239,Fade,Forgiveness,Consistent,Confidence-inspiring,9,S,players-cb
8.3,100.7,251,Draw,Distance,Consistent,Forged/Blade-like,9,S,players-cb
22.1,81.4,178,Draw,Distance,Fat/Thin,Confidence-inspiring,12,A,super-game-improvement
17.2,100.6,233,Fade,Distance,Left/Right,No preference,9,S,players-distance
0.0,120.0,290,Slice,Forgiveness,Consistent,Forged/Blade-like,9,X,blade
28.2,77.9,160,Slice,Forgiveness,Fat/Thin,Confidence-inspiring,12,A,super-game-improvement
18.2,110.9,258,Straight,Accuracy,Inconsistent,No preference,8,X,players-distance
9.6,103.1,238,Straight,Distance,Left/Right,No preference,9,S,players-cb
26.0,88.5,189,Straight,Forgiveness,Left/Right,Confidence-inspiring,10.5,R,super-game-improvement
10.9,102.6,220,Hook,Accuracy,Fat/Thin,No preference,9,S,players-cb
10.8,102.6,253,Draw,Distance,Left/Right,No preference,9,R,players-cb
20.2,110.8,251,Slice,Distance,Fat/Thin,Confidence-inspiring,8,X,super-game-improvement
33.0,88.8,201,Slice,Accuracy,Fat/Thin,Confidence-inspiring,10.5,R,super-game-improvement
31.6,89.9,200,Draw,Forgiveness,Fat/Thin,No preference,10.5,R,super-game-improvement
20.2,88.0,210,Hook,Accuracy,Consistent,Confidence-inspiring,12,R,players-distance
21.2,100.0,221,Slice,Forgiveness,Left/Right,No preference,10.5,S,super-game-improvement
24.1,80.0,166,Slice,Forgiveness,Inconsistent,Forged/Blade-like,12,A,super-game-improvement
5.7,103.2,254,Straight,Accuracy,Left/Right,Forged/Blade-like,9,X,blade
22.8,119.3,269,Draw,Forgiveness,Left/Right,Forged/Blade-like,8,X,players-distance
10.4,73.9,170,Straight,Forgiveness,Consistent,No preference,12,A,players-distance
19.9,94.8,222,Slice,Forgiveness,Inconsistent,Forged/Blade-like,10.5,R,game-improvement
15.0,98.5,231,Straight,Accuracy,Inconsistent,Forged/Blade-like,9,S,players-cb
21.5,89.1,207,Straight,Distance,Inconsistent,Forged/Blade-like,10.5,R,players-distance
18.1,91.6,200,Slice,Distance,Left/Right,Confidence-inspiring,10.5,R,game-improvement
0.0,106.9,271,Straight,Accuracy,Consistent,Confidence-inspiring,9,S,blade
18.6,90.8,207,Straight,Accuracy,Consistent,Forged/Blade-like,10.5,R,players-cb
22.8,92.7,218,Slice,Forgiveness,Left/Right,Forged/Blade-like,10.5,R,game-improvement
21.0,86.8,205,Draw,Accuracy,Left/Right,Confidence-inspiring,12,R,game-improvement
16.1,115.3,272,Draw,Accuracy,Fat/Thin,Forged/Blade-like,8,X,players-cb
31.8,81.9,176,Slice,Accuracy,Fat/Thin,Confidence-inspiring,12,L,super-game-improvement
19.8,98.2,229,Straight,Accuracy,Fat/Thin,Confidence-inspiring,9,S,game-improvement
20.9,85.1,202,Hook,Accuracy,Inconsistent,Confidence-inspiring,10.5,S,game-improvement
26.4,97.4,221,Slice,Forgiveness,Left/Right,Confidence-inspiring,10.5,S,super-game-improvement
20.3,99.5,227,Fade,Forgiveness,Inconsistent,Forged/Blade-like,10.5,S,game-improvement
8.9,104.1,253,Fade,Forgiveness,Fat/Thin,Forged/Blade-like,9,R,players-cb
0.0,95.7,230,Slice,Accuracy,Inconsistent,Forged/Blade-like,10.5,R,players-cb
12.7,89.8,223,Slice,Accuracy,Left/Right,No preference,9,R,game-improvement
23.8,106.7,223,Straight,Distance,Left/Right,No preference,10.5,S,players-distance
13.8,89.0,207,Straight,Forgiveness,Consistent,Confidence-inspiring,12,A,game-improvement
24.2,96.0,211,Slice,Distance,Fat/Thin,Confidence-inspiring,10.5,R,super-game-improvement
18.3,84.1,186,Slice,Forgiveness,Inconsistent,No preference,10.5,R,super-game-improvement
28.6,96.6,215,Straight,Accuracy,Fat/Thin,Confidence-inspiring,10.5,R,super-game-improvement
14.3,89.4,197,Slice,Forgiveness,Fat/Thin,Confidence-inspiring,10.5,R,super-game-improvement
21.2,82.0,205,Fade,Forgiveness,Inconsistent,Confidence-inspiring,10.5,A,super-game-improvement
21.6,84.2,178,Hook,Forgiveness,Fat/Thin,No preference,10.5,R,super-game-improvement
30.5,79.7,165,Draw,Distance,Fat/Thin,No preference,12,A,super-game-improvement
1.6,109.0,256,Straight,Accuracy,Fat/Thin,Confidence-inspiring,8,X,players-distance
12.9,97.9,230,Fade,Distance,Left/Right,Forged/Blade-like,9,S,players-cb
24.6,78.3,184,Straight,Forgiveness,Left/Right,Forged/Blade-like,12,A,game-improvement
30.9,84.7,189,Slice,Forgiveness,Left/Right,Forged/Blade-like,10.5,R,super-game-improvement
19.2,81.5,199,Straight,Accuracy,Left/Right,No preference,12,A,players-distance
14.4,102.6,231,Fade,Accuracy,Consistent,Forged/Blade-like,9,S,players-cb
23.8,98.1,225,Straight,Distance,Consistent,Confidence-inspiring,9,S,game-improvement
24.8,88.9,195,Draw,Accuracy,Inconsistent,Confidence-inspiring,10.5,R,super-game-improvement
13.8,99.3,233,Fade,Accuracy,Fat/Thin,Forged/Blade-like,9,S,players-distance
20.0,109.9,259,Slice,Forgiveness,Fat/Thin,Confidence-inspiring,9,S,super-game-improvement
27.6,85.7,173,Straight,Accuracy,Fat/Thin,Confidence-inspiring,10.5,R,super-game-improvement
34.0,73.4,175,Slice,Distance,Fat/Thin,Confidence-inspiring,12,A,super-game-improvement
23.7,95.7,213,Straight,Accuracy,Inconsistent,Confidence-inspiring,10.5,R,super-game-improvement
17.4,82.8,175,Hook,Forgiveness,Fat/Thin,Forged/Blade-like,10.5,A,game-improvement
16.5,92.7,207,Fade,Forgiveness,Inconsistent,Forged/Blade-like,10.5,R,players-distance
22.0,85.1,193,Straight,Accuracy,Left/Right,Confidence-inspiring,10.5,R,super-game-improvement
16.0,88.1,197,Slice,Accuracy,Consistent,Confidence-inspiring,10.5,R,players-distance
18.7,90.8,189,Fade,Accuracy,Left/Right,Forged/Blade-like,10.5,R,players-distance
7.5,109.9,263,Straight,Distance,Consistent,Forged/Blade-like,8,S,players-cb
28.7,97.5,207,Straight,Distance,Fat/Thin,Confidence-inspiring,10.5,S,super-game-improvement
6.7,110.7,270,Draw,Forgiveness,Left/Right,Forged/Blade-like,9,X,players-distance
13.1,100.5,225,Straight,Distance,Fat/Thin,Forged/Blade-like,9,S,players-distance
17.9,91.3,229,Fade,Accuracy,Left/Right,Confidence-inspiring,10.5,R,game-improvement
34.9,65.0,143,Slice,Accuracy,Inconsistent,Confidence-inspiring,12,L,super-game-improvement
13.2,100.7,237,Draw,Forgiveness,Left/Right,No preference,10.5,S,game-improvement
11.0,75.7,184,Slice,Accuracy,Inconsistent,Forged/Blade-like,12,A,players-distance
12.0,78.6,168,Straight,Forgiveness,Consistent,Confidence-inspiring,12,A,game-improvement
31.9,82.7,174,Straight,Forgiveness,Left/Right,Confidence-inspiring,10.5,A,super-game-improvement
0.0,108.6,282,Straight,Accuracy,Consistent,Forged/Blade-like,9,S,players-cb
8.0,96.0,225,Draw,Accuracy,Fat/Thin,No preference,9,S,players-distance
36.0,96.9,205,Fade,Forgiveness,Fat/Thin,Confidence-inspiring,10.5,R,game-improvement
22.3,95.5,211,Draw,Forgiveness,Fat/Thin,Confidence-inspiring,10.5,R,super-game-improvement
7.0,98.7,249,Straight,Forgiveness,Left/Right,Confidence-inspiring,10.5,S,game-improvement
16.6,108.6,248,Fade,Distance,Inconsistent,Forged/Blade-like,8,S,players-cb
17.6,109.7,240,Fade,Accuracy,Left/Right,No preference,9,S,players-distance
24.6,94.4,234,Straight,Distance,Fat/Thin,Confidence-inspiring,10.5,A,super-game-improvement
33.6,75.4,150,Slice,Distance,Consistent,Confidence-inspiring,12,A,super-game-improvement
20.5,86.6,195,Slice,Distance,Inconsistent,Confidence-inspiring,10.5,R,super-game-improvement
12.1,83.3,187,Fade,Accuracy,Consistent,Forged/Blade-like,10.5,A,players-cb
24.1,89.2,193,Straight,Forgiveness,Left/Right,No preference,10.5,R,super-game-improvement
10.7,88.2,198,Fade,Forgiveness,Left/Right,Confidence-inspiring,10.5,R,game-improvement
7.7,97.5,227,Straight,Accuracy,Inconsistent,Forged/Blade-like,9,S,players-cb
1.2,107.8,272,Straight,Forgiveness,Consistent,Forged/Blade-like,10.5,S,blade
2.9,84.2,187,Straight,Forgiveness,Consistent,No preference,10.5,R,players-cb
8.9,87.3,218,Draw,Distance,Fat/Thin,Forged/Blade-like,10.5,R,players-cb
6.4,96.6,241,Straight,Accuracy,Consistent,No preference,9,R,players-cb
19.8,92.0,214,Fade,Forgiveness,Consistent,Forged/Blade-like,10.5,R,players-cb
6.2,96.8,233,Slice,Forgiveness,Left/Right,No preference,10.5,R,game-improvement
0.0,103.3,256,Straight,Accuracy,Consistent,Forged/Blade-like,9,S,blade
7.6,93.8,236,Straight,Distance,Left/Right,Forged/Blade-like,10.5,R,players-cb
12.8,82.8,178,Straight,Distance,Left/Right,Confidence-inspiring,10.5,A,game-improvement
11.6,92.8,224,Draw,Distance,Consistent,No preference,10.5,R,players-cb
30.7,83.0,174,Slice,Accuracy,Inconsistent,Confidence-inspiring,10.5,L,super-game-improvement
11.5,95.1,231,Draw,Forgiveness,Inconsistent,Forged/Blade-like,10.5,S,players-distance
24.9,90.2,195,Slice,Accuracy,Fat/Thin,Confidence-inspiring,10.5,R,super-game-improvement
16.8,98.8,233,Straight,Accuracy,Inconsistent,Forged/Blade-like,9,X,players-cb
16.6,101.5,220,Straight,Forgiveness,Left/Right,Confidence-inspiring,9,S,super-game-improvement
9.5,93.2,205,Fade,Accuracy,Consistent,No preference,10.5,R,players-cb
16.5,79.0,181,Slice,Accuracy,Consistent,Confidence-inspiring,12,A,game-improvement
10.1,111.8,277,Fade,Accuracy,Fat/Thin,No preference,9,X,players-distance
18.5,97.3,227,Fade,Distance,Fat/Thin,Forged/Blade-like,9,S,players-distance
14.9,86.3,205,Straight,Forgiveness,Inconsistent,Confidence-inspiring,10.5,R,super-game-improvement
8.5,103.0,252,Draw,Forgiveness,Consistent,No preference,8,S,players-cb
25.9,99.1,216,Slice,Forgiveness,Fat/Thin,No preference,10.5,S,super-game-improvement
20.8,109.1,252,Fade,Distance,Fat/Thin,No preference,8,S,game-improvement
13.0,99.7,227,Straight,Accuracy,Consistent,Confidence-inspiring,9,S,players-distance
18.3,104.2,235,Draw,Forgiveness,Inconsistent,Forged/Blade-like,9,S,players-distance
16.2,82.9,189,Hook,Accuracy,Left/Right,No preference,10.5,A,players-distance
9.2,99.4,230,Slice,Distance,Consistent,No preference,9,S,players-cb
17.6,90.7,207,Straight,Forgiveness,Consistent,Forged/Blade-like,10.5,R,players-cb
11.4,101.7,236,Fade,Distance,Consistent,Forged/Blade-like,10.5,S,players-cb
8.5,116.3,270,Straight,Forgiveness,Consistent,Forged/Blade-like,9,X,blade
2.4,106.9,258,Hook,Distance,Consistent,Forged/Blade-like,9,S,blade
13.8,87.2,204,Straight,Distance,Inconsistent,Confidence-inspiring,10.5,A,game-improvement
22.1,78.3,166,Slice,Forgiveness,Inconsistent,Confidence-inspiring,12,A,super-game-improvement
10.7,115.2,275,Straight,Accuracy,Left/Right,No preference,8,X,players-cb
36.0,86.7,180,Slice,Accuracy,Inconsistent,No preference,10.5,R,super-game-improvement
25.0,93.5,210,Slice,Distance,Inconsistent,No preference,10.5,R,super-game-improvement
28.7,83.0,176,Straight,Forgiveness,Fat/Thin,No preference,10.5,A,super-game-improvement
24.2,92.2,215,Straight,Forgiveness,Inconsistent,No preference,10.5,R,super-game-improvement
33.7,73.2,166,Slice,Distance,Fat/Thin,No preference,12,A,super-game-improvement
9.9,103.1,234,Straight,Accuracy,Left/Right,Confidence-inspiring,9,S,players-distance
0.0,94.3,236,Fade,Forgiveness,Inconsistent,No preference,10.5,R,players-distance
13.0,93.6,231,Slice,Accuracy,Fat/Thin,Forged/Blade-like,10.5,R,game-improvement
22.0,84.6,182,Straight,Distance,Left/Right,Forged/Blade-like,10.5,R,players-distance
18.4,65.0,141,Hook,Distance,Inconsistent,No preference,12,L,super-game-improvement
19.5,89.3,210,Hook,Forgiveness,Inconsistent,Confidence-inspiring,10.5,R,super-game-improvement
28.9,77.4,158,Straight,Forgiveness,Left/Right,Confidence-inspiring,10.5,A,game-improvement
20.4,90.0,197,Hook,Distance,Left/Right,Forged/Blade-like,10.5,R,players-distance
24.2,89.6,191,Fade,Forgiveness,Fat/Thin,Confidence-inspiring,10.5,R,game-improvement
8.5,117.9,287,Draw,Distance,Consistent,Forged/Blade-like,9,X,players-cb
7.1,104.2,242,Hook,Accuracy,Consistent,Forged/Blade-like,9,S,players-cb
31.5,87.9,188,Slice,Accuracy,Left/Right,No preference,9,R,super-game-improvement
17.9,98.8,219,Straight,Distance,Left/Right,Confidence-inspiring,9,S,game-improvement
11.4,107.0,262,Straight,Forgiveness,Left/Right,No preference,9,S,players-distance
11.4,102.8,234,Straight,Accuracy,Left/Right,No preference,9,S,players-cb
11.2,101.2,225,Fade,Distance,Inconsistent,Confidence-inspiring,9,S,game-improvement
10.6,105.9,236,Fade,Forgiveness,Fat/Thin,No preference,9,S,game-improvement
5.5,78.0,193,Straight,Accuracy,Consistent,Forged/Blade-like,12,A,blade
3.5,120.0,297,Draw,Accuracy,Consistent,Forged/Blade-like,8,X,blade
15.2,111.6,269,Draw,Forgiveness,Inconsistent,No preference,9,X,game-improvement
11.7,100.2,224,Fade,Forgiveness,Left/Right,Confidence-inspiring,10.5,S,game-improvement
27.0,73.5,160,Straight,Accuracy,Inconsistent,Confidence-inspiring,12,L,super-game-improvement
19.6,104.8,260,Draw,Accuracy,Inconsistent,Confidence-inspiring,9,S,game-improvement
19.4,85.9,193,Straight,Accuracy,Left/Right,Forged/Blade-like,9,R,players-cb
10.3,104.3,241,Draw,Accuracy,Consistent,No preference,9,S,players-cb
15.9,82.4,190,Straight,Distance,Inconsistent,No preference,10.5,A,game-improvement
20.2,114.5,264,Fade,Forgiveness,Inconsistent,Confidence-inspiring,9,X,super-game-improvement
23.4,75.7,174,Fade,Forgiveness,Fat/Thin,No preference,12,A,super-game-improvement
16.2,95.7,215,Straight,Accuracy,Consistent,Forged/Blade-like,10.5,R,players-distance
26.7,66.6,142,Slice,Accuracy,Consistent,Confidence-inspiring,12,L,super-game-improvement
17.1,94.0,213,Slice,Distance,Inconsistent,Forged/Blade-like,10.5,R,players-cb
24.1,85.4,184,Slice,Forgiveness,Left/Right,Confidence-inspiring,10.5,A,super-game-improvement
12.6,108.8,243,Straight,Forgiveness,Consistent,Confidence-inspiring,9,S,players-distance
0.7,101.3,264,Draw,Accuracy,Consistent,No preference,9,S,blade
19.4,104.2,233,Straight,Accuracy,Fat/Thin,No preference,9,S,players-distance
23.5,79.8,175,Slice,Forgiveness,Fat/Thin,Confidence-inspiring,12,A,super-game-improvement
22.2,88.1,195,Fade,Forgiveness,Fat/Thin,Confidence-inspiring,10.5,R,super-game-improvement
20.8,89.2,201,Straight,Forgiveness,Left/Right,No preference,10.5,R,game-improvement
13.9,101.5,240,Slice,Accuracy,Left/Right,Forged/Blade-like,9,S,players-cb
9.7,103.1,239,Draw,Distance,Consistent,Forged/Blade-like,9,S,players-cb
22.0,98.3,232,Fade,Forgiveness,Inconsistent,Confidence-inspiring,10.5,S,super-game-improvement
20.8,94.5,219,Slice,Distance,Inconsistent,Confidence-inspiring,10.5,R,super-game-improvement
12.0,104.5,243,Fade,Forgiveness,Left/Right,Confidence-inspiring,9,S,game-improvement
27.0,78.7,168,Hook,Forgiveness,Fat/Thin,No preference,12,A,super-game-improvement
9.1,103.7,255,Straight,Accuracy,Inconsistent,No preference,9,S,players-distance
11.7,114.1,266,Draw,Accuracy,Left/Right,Forged/Blade-like,8,S,players-cb
31.7,67.6,135,Slice,Accuracy,Fat/Thin,Confidence-inspiring,12,L,super-game-improvement
24.8,94.0,219,Straight,Distance,Fat/Thin,Forged/Blade-like,10.5,R,players-distance
13.8,103.4,234,Fade,Accuracy,Fat/Thin,Forged/Blade-like,9,S,players-cb
19.6,107.3,252,Fade,Accuracy,Consistent,No preference,10.5,S,players-cb
18.4,100.7,207,Fade,Accuracy,Left/Right,Confidence-inspiring,9,S,game-improvement
0.0,107.0,259,Draw,Distance,Inconsistent,No preference,9,S,players-cb
8.8,104.3,258,Straight,Accuracy,Consistent,Forged/Blade-like,9,S,players-cb
16.5,87.4,201,Hook,Distance,Inconsistent,Forged/Blade-like,10.5,R,players-cb
13.8,92.7,221,Straight,Distance,Inconsistent,Confidence-inspiring,10.5,R,super-game-improvement
19.2,79.6,173,Fade,Forgiveness,Consistent,No preference,12,A,game-improvement
27.2,102.4,229,Straight,Distance,Fat/Thin,Confidence-inspiring,10.5,S,super-game-improvement
14.1,100.9,234,Fade,Distance,Left/Right,Confidence-inspiring,9,S,game-improvement
7.5,91.7,221,Fade,Distance,Consistent,Forged/Blade-like,10.5,R,players-cb
19.9,95.2,235,Straight,Forgiveness,Left/Right,Forged/Blade-like,10.5,R,game-improvement
14.1,108.0,263,Draw,Forgiveness,Inconsistent,Confidence-inspiring,9,S,super-game-improvement
15.6,105.3,250,Draw,Accuracy,Left/Right,Confidence-inspiring,9,S,players-distance
14.4,86.9,209,Slice,Accuracy,Consistent,Confidence-inspiring,10.5,R,players-cb
36.0,65.0,130,Slice,Forgiveness,Inconsistent,Confidence-inspiring,12,L,super-game-improvement
0.0,110.0,265,Straight,Distance,Consistent,Forged/Blade-like,8,X,blade
13.5,88.0,191,Straight,Accuracy,Left/Right,No preference,10.5,R,players-distance
17.0,100.7,220,Draw,Accuracy,Left/Right,Confidence-inspiring,10.5,S,game-improvement
10.0,108.7,249,Fade,Accuracy,Fat/Thin,Forged/Blade-like,9,R,players-cb
25.1,100.1,222,Straight,Accuracy,Fat/Thin,No preference,10.5,S,game-improvement
24.3,106.9,228,Slice,Accuracy,Left/Right,No preference,9,S,super-game-improvement
16.6,107.1,246,Draw,Accuracy,Inconsistent,Confidence-inspiring,8,S,game-improvement
14.6,113.6,262,Straight,Accuracy,Fat/Thin,No preference,8,X,players-distance
16.0,108.9,241,Straight,Accuracy,Inconsistent,Confidence-inspiring,8,S,game-improvement
16.1,109.7,267,Draw,Distance,Fat/Thin,Confidence-inspiring,8,S,game-improvement
16.3,94.5,206,Fade,Distance,Fat/Thin,No preference,10.5,R,game-improvement
15.3,82.7,201,Hook,Accuracy,Inconsistent,No preference,10.5,A,players-distance
19.3,117.7,248,Draw,Accuracy,Fat/Thin,Confidence-inspiring,8,X,game-improvement
23.8,90.4,201,Hook,Forgiveness,Fat/Thin,No preference,10.5,R,super-game-improvement
5.9,114.3,263,Slice,Accuracy,Consistent,Forged/Blade-like,9,X,blade
7.5,95.4,221,Draw,Distance,Consistent,Forged/Blade-like,10.5,R,players-cb
1.3,114.8,296,Straight,Distance,Fat/Thin,Forged/Blade-like,9,X,blade
24.8,65.0,142,Slice,Accuracy,Fat/Thin,No preference,12,L,super-game-improvement
19.3,88.8,192,Slice,Accuracy,Inconsistent,No preference,10.5,R,game-improvement
21.5,90.4,208,Slice,Distance,Fat/Thin,Confidence-inspiring,10.5,R,super-game-improvement
4.1,107.8,257,Straight,Accuracy,Consistent,No preference,9,S,blade
33.1,94.2,204,Draw,Distance,Inconsistent,Forged/Blade-like,10.5,R,players-distance
11.5,87.2,196,Draw,Accuracy,Inconsistent,Confidence-inspiring,10.5,R,players-distance
18.5,100.0,221,Straight,Accuracy,Consistent,Confidence-inspiring,9,S,players-distance
24.7,101.5,219,Straight,Accuracy,Fat/Thin,Confidence-inspiring,10.5,S,super-game-improvement
8.1,120.0,292,Fade,Accuracy,Fat/Thin,No preference,8,X,players-distance
12.1,104.8,243,Straight,Distance,Inconsistent,No preference,9,S,players-distance
18.6,88.8,193,Slice,Accuracy,Consistent,Forged/Blade-like,10.5,S,players-cb
36.0,68.8,148,Draw,Forgiveness,Fat/Thin,Confidence-inspiring,12,L,super-game-improvement
19.7,110.9,253,Hook,Distance,Left/Right,Forged/Blade-like,8,X,players-cb
31.5,92.0,204,Straight,Forgiveness,Inconsistent,Confidence-inspiring,10.5,R,super-game-improvement
27.9,86.8,187,Fade,Forgiveness,Fat/Thin,No preference,10.5,R,game-improvement
20.3,76.0,172,Slice,Distance,Fat/Thin,Confidence-inspiring,12,A,super-game-improvement
8.1,91.2,221,Draw,Forgiveness,Consistent,No preference,10.5,R,players-cb
26.5,94.3,199,Fade,Forgiveness,Inconsistent,Confidence-inspiring,10.5,R,game-improvement
3.5,107.2,267,Slice,Forgiveness,Inconsistent,No preference,9,S,game-improvement
31.4,65.2,141,Fade,Accuracy,Fat/Thin,Confidence-inspiring,12,L,super-game-improvement
18.8,99.5,217,Straight,Forgiveness,Left/Right,Confidence-inspiring,10.5,S,super-game-improvement
0.0,90.3,211,Fade,Accuracy,Left/Right,No preference,10.5,R,players-cb
13.9,110.1,255,Draw,Distance,Left/Right,Forged/Blade-like,8,X,players-cb
22.9,92.5,203,Hook,Accuracy,Inconsistent,Confidence-inspiring,10.5,R,game-improvement
14.9,91.2,218,Hook,Forgiveness,Inconsistent,Confidence-inspiring,10.5,R,game-improvement
23.4,100.0,221,Fade,Distance,Consistent,Confidence-inspiring,9,S,game-improvement
9.3,103.2,247,Straight,Distance,Inconsistent,Forged/Blade-like,9,S,players-cb
5.2,115.7,270,Fade,Accuracy,Left/Right,No preference,8,X,players-cb
16.4,95.7,220,Fade,Accuracy,Inconsistent,Confidence-inspiring,10.5,R,game-improvement
17.3,95.6,231,Fade,Forgiveness,Left/Right,No preference,10.5,R,game-improvement
13.9,93.7,217,Draw,Distance,Left/Right,Forged/Blade-like,10.5,R,players-cb
28.0,89.6,192,Slice,Accuracy,Inconsistent,Confidence-inspiring,10.5,R,super-game-improvement
9.3,116.7,268,Slice,Distance,Consistent,Forged/Blade-like,8,X,players-cb
19.8,87.5,199,Straight,Distance,Fat/Thin,No preference,10.5,R,game-improvement
17.6,100.5,243,Straight,Forgiveness,Consistent,No preference,10.5,R,players-distance
3.0,95.2,218,Draw,Distance,Left/Right,No preference,10.5,R,players-cb
5.1,81.9,196,Straight,Accuracy,Consistent,No preference,12,A,blade
17.1,96.4,206,Straight,Distance,Fat/Thin,Confidence-inspiring,9,R,game-improvement
34.8,86.0,180,Draw,Accuracy,Inconsistent,Confidence-inspiring,10.5,R,super-game-improvement
22.2,89.8,204,Hook,Forgiveness,Fat/Thin,Confidence-inspiring,10.5,R,super-game-improvement
1.5,90.0,205,Draw,Distance,Left/Right,No preference,10.5,R,players-cb
0.0,109.0,263,Draw,Distance,Inconsistent,No preference,8,S,players-cb
23.6,92.6,210,Slice,Forgiveness,Fat/Thin,Confidence-inspiring,10.5,R,super-game-improvement
16.1,86.2,200,Slice,Distance,Left/Right,Confidence-inspiring,10.5,R,game-improvement
27.3,73.9,166,Slice,Forgiveness,Fat/Thin,Confidence-inspiring,12,A,super-game-improvement
9.1,97.3,222,Straight,Distance,Consistent,Forged/Blade-like,9,S,players-cb
20.2,98.8,227,Draw,Forgiveness,Fat/Thin,Confidence-inspiring,10.5,S,super-game-improvement
24.6,93.4,203,Slice,Forgiveness,Left/Right,Confidence-inspiring,9,R,super-game-improvement
13.0,88.4,213,Fade,Accuracy,Inconsistent,Confidence-inspiring,10.5,R,game-improvement
13.2,98.4,209,Straight,Distance,Consistent,Confidence-inspiring,9,S,players-distance
17.2,103.2,234,Straight,Distance,Fat/Thin,Confidence-inspiring,9,S,game-improvement
21.9,79.4,180,Draw,Forgiveness,Fat/Thin,Confidence-inspiring,12,A,game-improvement
16.9,95.1,231,Fade,Distance,Inconsistent,Forged/Blade-like,10.5,R,players-distance
25.8,101.9,227,Straight,Forgiveness,Fat/Thin,Confidence-inspiring,10.5,S,super-game-improvement
12.8,84.5,199,Slice,Forgiveness,Left/Right,Forged/Blade-like,10.5,R,players-distance
5.0,114.2,278,Fade,Accuracy,Left/Right,Confidence-inspiring,9,X,players-cb
34.8,98.5,222,Draw,Distance,Fat/Thin,Confidence-inspiring,10.5,S,super-game-improvement
11.6,95.9,222,Straight,Accuracy,Inconsistent,No preference,10.5,R,players-distance
11.9,94.5,209,Straight,Distance,Inconsistent,Forged/Blade-like,10.5,R,players-cb
16.4,105.2,228,Straight,Forgiveness,Fat/Thin,Confidence-inspiring,9,X,game-improvement
17.6,92.2,217,Fade,Forgiveness,Left/Right,Confidence-inspiring,10.5,R,super-game-improvement
13.5,73.3,173,Straight,Forgiveness,Inconsistent,No preference,12,A,super-game-improvement
16.8,93.6,213,Hook,Distance,Fat/Thin,Confidence-inspiring,10.5,R,game-improvement
16.6,99.4,223,Slice,Accuracy,Consistent,Confidence-inspiring,9,S,players-distance
18.6,100.8,232,Slice,Forgiveness,Left/Right,Forged/Blade-like,12,S,players-distance
0.0,97.2,240,Straight,Distance,Fat/Thin,Forged/Blade-like,9,S,players-cb
33.9,80.2,176,Fade,Forgiveness,Inconsistent,Confidence-inspiring,12,A,super-game-improvement
15.7,105.1,233,Draw,Forgiveness,Fat/Thin,Forged/Blade-like,9,S,players-distance
22.2,90.3,187,Straight,Distance,Fat/Thin,Forged/Blade-like,10.5,S,players-distance
4.6,87.6,203,Straight,Accuracy,Consistent,No preference,10.5,R,blade
12.8,109.7,244,Fade,Accuracy,Left/Right,Forged/Blade-like,8,S,players-cb
10.9,96.4,214,Draw,Accuracy,Inconsistent,Forged/Blade-like,8,R,players-cb
30.2,96.4,224,Slice,Forgiveness,Inconsistent,Confidence-inspiring,10.5,R,super-game-improvement
11.7,84.1,177,Hook,Forgiveness,Left/Right,Confidence-inspiring,10.5,R,super-game-improvement
23.8,88.6,202,Straight,Accuracy,Fat/Thin,No preference,10.5,R,game-improvement
11.1,103.5,251,Straight,Forgiveness,Left/Right,Forged/Blade-like,9,S,players-distance
12.9,96.4,234,Slice,Distance,Inconsistent,Forged/Blade-like,9,R,players-distance
14.8,84.1,197,Draw,Forgiveness,Left/Right,Confidence-inspiring,10.5,R,super-game-improvement
28.6,65.0,154,Hook,Distance,Fat/Thin,Confidence-inspiring,10.5,A,super-game-improvement
0.0,120.0,310,Hook,Forgiveness,Consistent,Forged/Blade-like,9,X,blade
5.2,104.9,249,Draw,Accuracy,Consistent,No preference,9,S,blade
0.0,117.7,292,Fade,Forgiveness,Inconsistent,No preference,9,X,players-distance
7.2,110.4,275,Straight,Distance,Consistent,Forged/Blade-like,8,X,players-cb
9.7,105.4,241,Fade,Distance,Consistent,No preference,9,S,players-cb
2.5,101.1,243,Straight,Distance,Inconsistent,Forged/Blade-like,9,S,blade
10.4,103.8,239,Slice,Forgiveness,Fat/Thin,Forged/Blade-like,8,S,players-distance
0.0,120.0,298,Fade,Forgiveness,Inconsistent,No preference,9,X,players-distance
7.8,101.5,224,Slice,Accuracy,Consistent,Forged/Blade-like,9,S,players-cb
27.8,106.1,246,Slice,Accuracy,Inconsistent,Confidence-inspiring,10.5,S,super-game-improvement
20.6,77.0,179,Draw,Accuracy,Left/Right,Confidence-inspiring,12,A,game-improvement
18.7,77.2,181,Fade,Accuracy,Fat/Thin,Forged/Blade-like,12,A,players-distance
8.0,110.4,241,Hook,Forgiveness,Consistent,Forged/Blade-like,9,X,players-cb
3.2,95.6,222,Slice,Distance,Consistent,Forged/Blade-like,12,A,blade
6.7,120.0,300,Fade,Accuracy,Inconsistent,No preference,8,X,players-distance
16.6,108.1,247,Straight,Accuracy,Consistent,Forged/Blade-like,9,R,players-cb
24.8,105.0,218,Slice,Accuracy,Left/Right,Confidence-inspiring,10.5,S,game-improvement
25.1,97.8,220,Fade,Forgiveness,Left/Right,No preference,10.5,S,game-improvement
22.7,81.3,189,Slice,Forgiveness,Left/Right,Forged/Blade-like,10.5,A,game-improvement
10.4,82.3,199,Slice,Accuracy,Inconsistent,Confidence-inspiring,12,L,game-improvement
17.2,109.3,250,Straight,Distance,Inconsistent,No preference,8,S,players-distance
14.1,81.4,199,Fade,Forgiveness,Fat/Thin,Confidence-inspiring,12,A,super-game-improvement
15.2,111.5,252,Draw,Forgiveness,Left/Right,Confidence-inspiring,8,X,game-improvement
35.3,88.7,194,Slice,Accuracy,Left/Right,Confidence-inspiring,12,R,super-game-improvement
1.1,104.5,256,Slice,Forgiveness,Consistent,Forged/Blade-like,9,S,blade
14.9,100.3,231,Slice,Accuracy,Consistent,Confidence-inspiring,9,S,players-cb
27.9,91.7,198,Slice,Forgiveness,Fat/Thin,No preference,10.5,R,super-game-improvement
3.8,101.4,242,Draw,Accuracy,Consistent,No preference,8,S,blade
11.2,112.6,265,Straight,Forgiveness,Left/Right,No preference,10.5,X,players-distance
12.2,111.6,259,Draw,Forgiveness,Inconsistent,No preference,9,S,game-improvement
15.0,97.4,232,Slice,Distance,Left/Right,Forged/Blade-like,9,S,players-cb
2.6,98.2,233,Draw,Distance,Inconsistent,Confidence-inspiring,9,S,players-distance
22.4,103.8,247,Draw,Accuracy,Consistent,Confidence-inspiring,9,X,players-distance
23.0,70.1,152,Slice,Accuracy,Inconsistent,Confidence-inspiring,12,L,super-game-improvement
21.6,95.8,224,Slice,Accuracy,Left/Right,Confidence-inspiring,10.5,R,super-game-improvement
9.2,107.1,262,Fade,Accuracy,Consistent,Confidence-inspiring,9,S,players-cb
17.8,85.6,197,Straight,Forgiveness,Inconsistent,No preference,10.5,R,super-game-improvement
8.9,109.7,261,Fade,Accuracy,Left/Right,Confidence-inspiring,8,S,players-distance
14.0,96.2,217,Slice,Accuracy,Left/Right,Confidence-inspiring,9,R,game-improvement
36.0,76.1,157,Slice,Accuracy,Fat/Thin,Confidence-inspiring,12,A,super-game-improvement
17.9,103.5,239,Fade,Forgiveness,Left/Right,Forged/Blade-like,9,S,players-distance
6.3,90.9,217,Fade,Accuracy,Consistent,Forged/Blade-like,10.5,R,blade
18.6,102.0,243,Slice,Forgiveness,Left/Right,Forged/Blade-like,9,S,players-distance
4.8,82.9,195,Draw,Distance,Left/Right,No preference,10.5,A,players-cb
6.2,104.6,247,Draw,Accuracy,Consistent,Forged/Blade-like,9,S,blade
7.6,101.3,226,Straight,Accuracy,Consistent,Forged/Blade-like,9,R,players-cb
13.0,91.8,220,Slice,Forgiveness,Left/Right,No preference,10.5,R,super-game-improvement
25.4,92.6,211,Slice,Forgiveness,Fat/Thin,Forged/Blade-like,10.5,R,super-game-improvement
22.2,90.1,212,Draw,Forgiveness,Fat/Thin,Confidence-inspiring,10.5,A,super-game-improvement
21.7,101.8,239,Slice,Forgiveness,Inconsistent,Confidence-inspiring,10.5,S,super-game-improvement
7.1,106.8,262,Straight,Distance,Consistent,Forged/Blade-like,9,S,players-cb
12.1,102.3,247,Slice,Accuracy,Inconsistent,Confidence-inspiring,10.5,S,players-distance
19.4,95.7,223,Straight,Forgiveness,Left/Right,Forged/Blade-like,10.5,R,players-distance
11.3,93.6,227,Fade,Accuracy,Inconsistent,Confidence-inspiring,10.5,R,game-improvement
14.5,93.1,199,Straight,Accuracy,Left/Right,Forged/Blade-like,10.5,R,players-cb
21.0,94.2,203,Slice,Accuracy,Fat/Thin,Confidence-inspiring,10.5,R,super-game-improvement
13.9,94.8,209,Slice,Accuracy,Left/Right,Forged/Blade-like,10.5,R,players-cb
19.0,104.2,249,Fade,Distance,Inconsistent,Confidence-inspiring,9,S,game-improvement
31.3,85.7,179,Straight,Accuracy,Fat/Thin,No preference,10.5,R,super-game-improvement
15.5,99.2,224,Slice,Accuracy,Left/Right,Confidence-inspiring,9,S,game-improvement
27.6,73.2,161,Fade,Forgiveness,Left/Right,No preference,12,A,super-game-improvement
22.0,100.5,215,Slice,Forgiveness,Fat/Thin,Confidence-inspiring,10.5,X,super-game-improvement
3.8,97.6,239,Straight,Accuracy,Consistent,Confidence-inspiring,8,S,players-cb
7.1,90.7,197,Straight,Accuracy,Consistent,Forged/Blade-like,10.5,R,players-cb
9.5,116.0,264,Straight,Forgiveness,Left/Right,No preference,9,X,players-distance
9.3,106.7,254,Fade,Accuracy,Consistent,No preference,8,S,players-cb
16.2,104.8,230,Straight,Accuracy,Left/Right,No preference,9,S,players-distance
22.5,95.2,226,Straight,Distance,Fat/Thin,Confidence-inspiring,10.5,R,super-game-improvement
28.3,85.8,189,Slice,Forgiveness,Inconsistent,Confidence-inspiring,10.5,S,super-game-improvement
19.8,89.7,214,Slice,Forgiveness,Left/Right,No preference,10.5,R,super-game-improvement
13.0,105.0,248,Slice,Distance,Fat/Thin,Confidence-inspiring,9,S,game-improvement
0.0,117.3,287,Draw,Accuracy,Fat/Thin,Forged/Blade-like,8,X,blade
17.6,93.4,205,Straight,Distance,Fat/Thin,Confidence-inspiring,10.5,R,game-improvement
17.2,115.0,272,Fade,Accuracy,Left/Right,Confidence-inspiring,8,X,players-distance
18.6,91.4,213,Fade,Accuracy,Fat/Thin,No preference,10.5,R,game-improvement
36.0,67.6,162,Slice,Forgiveness,Fat/Thin,Confidence-inspiring,12,L,game-improvement
28.2,69.6,160,Fade,Forgiveness,Fat/Thin,Confidence-inspiring,12,L,super-game-improvement
24.1,72.7,159,Straight,Accuracy,Inconsistent,Confidence-inspiring,12,A,super-game-improvement
8.3,96.2,231,Draw,Accuracy,Left/Right,Forged/Blade-like,9,R,players-cb
12.4,95.2,226,Draw,Distance,Fat/Thin,Forged/Blade-like,10.5,S,players-cb
16.1,101.9,245,Fade,Accuracy,Left/Right,No preference,9,S,players-distance
10.0,98.9,245,Slice,Forgiveness,Consistent,Forged/Blade-like,10.5,S,players-cb
21.5,99.8,224,Straight,Accuracy,Left/Right,Forged/Blade-like,9,S,players-distance
20.2,92.7,199,Slice,Distance,Fat/Thin,Forged/Blade-like,10.5,R,game-improvement
7.2,101.2,225,Hook,Forgiveness,Consistent,Forged/Blade-like,10.5,S,players-cb
27.8,81.3,169,Hook,Forgiveness,Inconsistent,Confidence-inspiring,12,A,super-game-improvement
17.9,108.1,242,Fade,Forgiveness,Left/Right,Confidence-inspiring,9,S,game-improvement
1.4,89.7,232,Fade,Distance,Consistent,No preference,10.5,R,blade
16.5,97.8,239,Straight,Distance,Left/Right,Forged/Blade-like,9,S,players-cb
19.5,90.9,215,Draw,Accuracy,Left/Right,Forged/Blade-like,10.5,R,players-cb
25.8,96.3,225,Fade,Accuracy,Inconsistent,No preference,10.5,R,game-improvement
14.0,96.3,217,Fade,Accuracy,Consistent,Confidence-inspiring,9,R,players-distance
24.5,89.4,186,Straight,Distance,Left/Right,Confidence-inspiring,10.5,R,super-game-improvement
18.7,90.6,198,Fade,Distance,Left/Right,Forged/Blade-like,10.5,S,players-cb
5.2,116.4,261,Draw,Accuracy,Fat/Thin,Confidence-inspiring,8,X,players-cb
4.3,103.1,239,Slice,Distance,Left/Right,No preference,9,S,blade
27.1,107.3,232,Fade,Distance,Left/Right,Confidence-inspiring,10.5,S,game-improvement
27.8,89.8,199,Straight,Forgiveness,Fat/Thin,Confidence-inspiring,10.5,R,super-game-improvement
19.9,92.7,212,Straight,Accuracy,Inconsistent,Confidence-inspiring,10.5,R,game-improvement
30.5,83.8,176,Slice,Forgiveness,Fat/Thin,Forged/Blade-like,10.5,A,super-game-improvement
26.5,93.6,212,Hook,Forgiveness,Fat/Thin,Confidence-inspiring,10.5,R,super-game-improvement
23.2,84.3,183,Slice,Forgiveness,Inconsistent,Confidence-inspiring,10.5,R,super-game-improvement
8.8,101.5,241,Draw,Accuracy,Fat/Thin,Confidence-inspiring,9,S,game-improvement
32.6,83.9,171,Slice,Distance,Fat/Thin,No preference,10.5,A,super-game-improvement
21.8,94.4,223,Slice,Forgiveness,Inconsistent,Confidence-inspiring,10.5,R,super-game-improvement
13.5,100.3,234,Slice,Accuracy,Inconsistent,Confidence-inspiring,9,S,super-game-improvement
11.0,102.5,247,Slice,Accuracy,Left/Right,Confidence-inspiring,9,S,players-distance
19.3,93.8,203,Slice,Forgiveness,Consistent,Confidence-inspiring,10.5,R,game-improvement
2.0,120.0,293,Fade,Distance,Consistent,Forged/Blade-like,8,X,blade
23.3,94.4,217,Straight,Forgiveness,Fat/Thin,Confidence-inspiring,10.5,R,super-game-improvement
8.4,120.0,267,Slice,Distance,Consistent,Forged/Blade-like,8,S,blade
20.3,92.7,221,Straight,Accuracy,Fat/Thin,Confidence-inspiring,12,R,super-game-improvement
12.3,107.2,240,Draw,Forgiveness,Fat/Thin,Confidence-inspiring,9,S,super-game-improvement
14.6,88.8,208,Fade,Distance,Left/Right,Forged/Blade-like,10.5,R,players-cb
10.2,113.1,283,Draw,Accuracy,Inconsistent,No preference,8,X,players-cb
15.5,88.4,213,Fade,Accuracy,Consistent,Forged/Blade-like,10.5,R,players-cb
34.0,87.4,174,Slice,Forgiveness,Left/Right,No preference,10.5,R,super-game-improvement
29.5,83.3,180,Fade,Accuracy,Left/Right,Confidence-inspiring,10.5,R,super-game-improvement
20.2,96.8,231,Draw,Forgiveness,Inconsistent,Confidence-inspiring,10.5,A,super-game-improvement
16.8,92.2,205,Draw,Forgiveness,Consistent,No preference,10.5,R,players-distance
24.6,81.4,178,Straight,Forgiveness,Fat/Thin,Confidence-inspiring,12,A,super-game-improvement
27.2,84.8,184,Straight,Accuracy,Left/Right,Confidence-inspiring,10.5,R,super-game-improvement
9.5,115.0,277,Straight,Accuracy,Consistent,Forged/Blade-like,8,X,players-cb
16.3,99.6,216,Draw,Distance,Inconsistent,No preference,9,S,game-improvement
0.6,92.7,232,Hook,Distance,Consistent,Forged/Blade-like,10.5,R,blade
27.1,98.5,212,Slice,Accuracy,Inconsistent,No preference,10.5,S,super-game-improvement
35.6,72.9,155,Straight,Accuracy,Fat/Thin,Confidence-inspiring,12,A,game-improvement
17.7,101.4,230,Slice,Forgiveness,Fat/Thin,Confidence-inspiring,10.5,S,super-game-improvement
0.0,111.5,279,Straight,Distance,Left/Right,Forged/Blade-like,8,X,blade
22.5,96.9,218,Straight,Forgiveness,Inconsistent,Confidence-inspiring,10.5,R,super-game-improvement
8.9,118.5,294,Fade,Accuracy,Consistent,Confidence-inspiring,9,X,players-cb
11.0,90.2,221,Hook,Distance,Inconsistent,Confidence-inspiring,10.5,R,players-distance
22.6,96.7,210,Slice,Accuracy,Fat/Thin,Confidence-inspiring,9,R,game-improvement
19.3,105.5,252,Fade,Forgiveness,Fat/Thin,No preference,9,S,game-improvement
12.6,91.0,216,Straight,Distance,Inconsistent,Confidence-inspiring,12,R,game-improvement
11.2,90.9,215,Slice,Accuracy,Left/Right,Forged/Blade-like,10.5,R,players-cb
18.1,90.8,215,Straight,Accuracy,Inconsistent,Confidence-inspiring,10.5,R,game-improvement
13.3,100.2,224,Straight,Accuracy,Consistent,Forged/Blade-like,8,S,blade
7.0,87.1,195,Straight,Distance,Left/Right,No preference,10.5,R,players-distance
14.0,102.0,237,Fade,Distance,Left/Right,Confidence-inspiring,9,S,game-improvement
20.1,78.2,172,Hook,Forgiveness,Fat/Thin,No preference,12,A,super-game-improvement
15.4,108.5,269,Straight,Accuracy,Fat/Thin,No preference,8,S,players-distance
4.3,108.2,254,Straight,Forgiveness,Consistent,Confidence-inspiring,9,S,players-cb
25.9,107.5,239,Draw,Accuracy,Inconsistent,Confidence-inspiring,10.5,S,game-improvement
0.0,112.7,278,Straight,Forgiveness,Fat/Thin,No preference,9,X,players-distance
13.0,94.1,231,Slice,Forgiveness,Inconsistent,Forged/Blade-like,12,R,game-improvement
11.4,90.3,203,Draw,Distance,Consistent,No preference,10.5,R,players-cb
18.3,95.9,205,Straight,Forgiveness,Inconsistent,No preference,10.5,R,super-game-improvement
22.1,90.7,217,Straight,Forgiveness,Consistent,Confidence-inspiring,10.5,R,super-game-improvement
27.1,99.4,220,Fade,Forgiveness,Left/Right,Confidence-inspiring,10.5,S,super-game-improvement
10.6,89.5,218,Fade,Accuracy,Fat/Thin,Confidence-inspiring,10.5,R,super-game-improvement
22.3,111.0,257,Slice,Accuracy,Inconsistent,Confidence-inspiring,8,X,game-improvement
18.8,106.0,251,Draw,Accuracy,Consistent,No preference,9,R,players-cb
1.6,102.9,247,Straight,Distance,Consistent,No preference,9,S,blade
34.1,100.8,210,Slice,Forgiveness,Left/Right,Forged/Blade-like,10.5,S,super-game-improvement
4.1,95.4,212,Fade,Forgiveness,Inconsistent,No preference,10.5,R,players-distance
20.8,93.9,204,Fade,Distance,Fat/Thin,No preference,10.5,R,game-improvement
20.5,79.3,180,Slice,Forgiveness,Fat/Thin,No preference,12,A,game-improvement
19.5,111.2,247,Slice,Accuracy,Fat/Thin,Forged/Blade-like,8,X,players-cb
12.5,81.0,179,Draw,Distance,Consistent,Confidence-inspiring,12,A,players-cb
24.4,75.0,168,Straight,Accuracy,Consistent,No preference,12,A,game-improvement
3.0,97.6,249,Draw,Distance,Left/Right,No preference,9,S,players-cb
16.4,108.1,248,Straight,Accuracy,Left/Right,Confidence-inspiring,9,X,players-distance
11.9,107.5,242,Straight,Accuracy,Left/Right,Confidence-inspiring,9,S,players-distance
10.9,99.8,246,Straight,Distance,Fat/Thin,Confidence-inspiring,9,S,players-distance
20.9,102.0,224,Hook,Accuracy,Inconsistent,Confidence-inspiring,9,S,super-game-improvement
26.7,86.7,205,Hook,Accuracy,Left/Right,Confidence-inspiring,10.5,R,game-improvement
13.9,100.8,232,Hook,Distance,Fat/Thin,No preference,9,S,players-distance
24.0,106.2,238,Slice,Forgiveness,Fat/Thin,Confidence-inspiring,9,S,super-game-improvement
17.4,91.7,224,Fade,Forgiveness,Left/Right,No preference,10.5,R,game-improvement
9.0,92.2,206,Straight,Accuracy,Consistent,Forged/Blade-like,10.5,R,players-cb
14.7,100.7,224,Straight,Forgiveness,Consistent,Forged/Blade-like,10.5,S,players-cb
14.3,103.7,238,Straight,Accuracy,Inconsistent,Confidence-inspiring,9,S,game-improvement
10.7,99.8,234,Hook,Accuracy,Left/Right,No preference,9,S,players-cb
20.9,101.8,254,Straight,Forgiveness,Fat/Thin,Forged/Blade-like,10.5,S,game-improvement
19.1,91.0,199,Hook,Accuracy,Fat/Thin,No preference,10.5,R,game-improvement
2.7,105.4,244,Hook,Forgiveness,Consistent,Forged/Blade-like,9,S,blade
2.1,108.3,255,Draw,Distance,Inconsistent,Forged/Blade-like,8,S,blade
20.8,94.7,216,Slice,Accuracy,Inconsistent,No preference,9,R,super-game-improvement
9.7,115.5,277,Fade,Distance,Left/Right,Confidence-inspiring,8,X,players-distance
19.7,96.3,212,Draw,Forgiveness,Left/Right,No preference,12,R,game-improvement
24.0,86.6,194,Fade,Forgiveness,Left/Right,Confidence-inspiring,10.5,R,super-game-improvement
5.6,107.5,275,Straight,Distance,Consistent,Forged/Blade-like,9,S,blade
4.3,113.2,273,Straight,Accuracy,Inconsistent,Forged/Blade-like,8,X,blade
32.1,91.9,201,Draw,Distance,Fat/Thin,Confidence-inspiring,10.5,R,super-game-improvement
20.2,99.5,243,Slice,Accuracy,Inconsistent,Confidence-inspiring,9,S,super-game-improvement
13.2,82.0,185,Straight,Distance,Consistent,No preference,9,A,players-cb
8.6,75.2,172,Slice,Accuracy,Consistent,No preference,12,A,players-distance
12.4,110.3,254,Fade,Accuracy,Inconsistent,No preference,8,X,players-distance
6.3,106.1,249,Hook,Accuracy,Fat/Thin,No preference,9,S,players-cb
25.0,88.8,181,Hook,Forgiveness,Fat/Thin,No preference,10.5,R,super-game-improvement
10.0,106.1,252,Slice,Forgiveness,Inconsistent,Forged/Blade-like,9,X,players-distance
26.8,107.0,238,Slice,Accuracy,Fat/Thin,Forged/Blade-like,10.5,S,players-distance
13.4,111.0,257,Draw,Distance,Consistent,Forged/Blade-like,8,S,players-cb
7.6,110.5,265,Straight,Accuracy,Left/Right,Confidence-inspiring,8,X,players-distance
13.2,88.2,208,Draw,Distance,Left/Right,No preference,10.5,R,players-distance
0.0,98.4,229,Straight,Distance,Left/Right,No preference,9,S,players-cb
15.9,71.3,167,Hook,Distance,Left/Right,Forged/Blade-like,12,L,players-cb
15.5,101.8,240,Hook,Forgiveness,Left/Right,Forged/Blade-like,12,S,players-distance
24.4,100.5,210,Straight,Forgiveness,Left/Right,Confidence-inspiring,10.5,S,super-game-improvement
0.0,117.9,302,Slice,Distance,Consistent,Confidence-inspiring,8,X,players-cb
27.5,94.1,196,Slice,Forgiveness,Inconsistent,No preference,10.5,R,super-game-improvement
24.4,87.9,186,Straight,Forgiveness,Left/Right,Confidence-inspiring,10.5,R,super-game-improvement
28.3,81.1,180,Straight,Forgiveness,Left/Right,Confidence-inspiring,12,A,super-game-improvement
16.5,86.5,204,Fade,Forgiveness,Fat/Thin,No preference,10.5,R,game-improvement
26.1,86.6,199,Hook,Forgiveness,Fat/Thin,Confidence-inspiring,10.5,R,super-game-improvement
3.8,93.6,231,Draw,Distance,Consistent,Forged/Blade-like,12,R,blade
23.4,107.6,236,Draw,Accuracy,Left/Right,Confidence-inspiring,9,S,players-distance
10.1,86.1,204,Hook,Accuracy,Inconsistent,Forged/Blade-like,10.5,R,players-cb
2.1,102.6,247,Draw,Accuracy,Inconsistent,Confidence-inspiring,9,S,players-cb
6.9,81.9,197,Straight,Accuracy,Left/Right,No preference,12,A,players-distance
17.0,97.4,224,Slice,Accuracy,Inconsistent,No preference,9,S,game-improvement
9.6,99.4,230,Straight,Accuracy,Consistent,No preference,9,S,players-cb
20.4,88.6,198,Draw,Accuracy,Inconsistent,No preference,10.5,R,game-improvement
0.7,96.2,218,Straight,Accuracy,Left/Right,Forged/Blade-like,9,R,blade
0.0,106.0,267,Fade,Distance,Consistent,No preference,9,S,players-cb
29.4,80.6,179,Slice,Distance,Fat/Thin,Confidence-inspiring,12,A,super-game-improvement
25.1,87.6,174,Fade,Forgiveness,Fat/Thin,Confidence-inspiring,10.5,R,super-game-improvement
7.6,120.0,293,Draw,Accuracy,Consistent,No preference,8,X,players-cb
17.0,96.2,220,Slice,Accuracy,Left/Right,No preference,9,R,game-improvement
26.2,93.5,199,Fade,Forgiveness,Inconsistent,Confidence-inspiring,10.5,R,super-game-improvement
20.8,87.2,188,Slice,Accuracy,Fat/Thin,Confidence-inspiring,10.5,R,super-game-improvement
18.3,85.7,190,Fade,Distance,Fat/Thin,Forged/Blade-like,10.5,R,players-distance
26.9,87.5,185,Fade,Forgiveness,Fat/Thin,No preference,10.5,R,super-game-improvement
10.4,120.0,276,Slice,Distance,Left/Right,Forged/Blade-like,8,S,players-cb
17.3,91.4,225,Hook,Forgiveness,Left/Right,No preference,10.5,R,game-improvement
16.8,98.2,229,Straight,Forgiveness,Left/Right,Forged/Blade-like,10.5,S,players-cb
14.5,87.9,222,Straight,Accuracy,Consistent,Forged/Blade-like,10.5,R,players-cb
13.5,69.3,163,Slice,Accuracy,Left/Right,Confidence-inspiring,12,A,super-game-improvement
17.7,86.1,202,Fade,Accuracy,Fat/Thin,No preference,10.5,R,game-improvement
17.3,118.0,263,Straight,Forgiveness,Left/Right,No preference,9,X,super-game-improvement
7.6,106.8,253,Hook,Accuracy,Consistent,Forged/Blade-like,9,S,players-cb
24.2,106.0,236,Slice,Forgiveness,Fat/Thin,Confidence-inspiring,10.5,S,super-game-improvement
8.2,96.9,236,Fade,Distance,Inconsistent,No preference,9,R,players-distance
15.0,72.2,167,Straight,Forgiveness,Inconsistent,No preference,12,A,super-game-improvement
14.3,85.2,201,Slice,Forgiveness,Left/Right,Confidence-inspiring,9,R,super-game-improvement
20.2,96.2,221,Draw,Forgiveness,Left/Right,Confidence-inspiring,10.5,A,super-game-improvement
0.0,108.4,263,Straight,Distance,Consistent,No preference,8,S,blade
25.0,88.9,194,Fade,Distance,Left/Right,Confidence-inspiring,10.5,A,super-game-improvement
10.9,93.3,213,Straight,Forgiveness,Fat/Thin,No preference,10.5,R,game-improvement
28.0,96.4,222,Straight,Accuracy,Fat/Thin,Forged/Blade-like,10.5,R,game-improvement
12.7,92.4,213,Draw,Distance,Inconsistent,No preference,10.5,R,players-distance
16.6,97.8,228,Fade,Accuracy,Left/Right,No preference,9,S,players-distance
34.2,84.7,180,Hook,Forgiveness,Fat/Thin,Confidence-inspiring,10.5,S,super-game-improvement
14.5,92.5,224,Straight,Forgiveness,Left/Right,Confidence-inspiring,10.5,R,super-game-improvement
28.1,78.1,154,Fade,Forgiveness,Left/Right,Forged/Blade-like,12,L,super-game-improvement
17.4,89.9,209,Hook,Forgiveness,Fat/Thin,Confidence-inspiring,10.5,R,super-game-improvement
20.7,110.7,239,Slice,Forgiveness,Left/Right,No preference,9,X,super-game-improvement
17.6,105.2,245,Slice,Accuracy,Fat/Thin,Forged/Blade-like,9,S,players-cb
24.6,99.5,220,Straight,Forgiveness,Inconsistent,Confidence-inspiring,10.5,S,super-game-improvement
10.8,90.8,200,Fade,Accuracy,Inconsistent,Confidence-inspiring,10.5,R,players-distance
8.1,86.1,208,Slice,Forgiveness,Consistent,No preference,10.5,R,players-distance
11.3,109.3,259,Fade,Accuracy,Inconsistent,Confidence-inspiring,9,S,players-distance
17.9,102.9,233,Fade,Forgiveness,Fat/Thin,Forged/Blade-like,9,S,players-distance
15.0,97.2,224,Slice,Distance,Left/Right,No preference,9,S,game-improvement
23.4,86.4,195,Slice,Accuracy,Fat/Thin,Confidence-inspiring,9,S,super-game-improvement
28.7,71.8,168,Slice,Accuracy,Inconsistent,No preference,12,A,game-improvement
8.2,109.1,256,Straight,Distance,Consistent,No preference,8,S,players-cb
10.4,110.8,270,Fade,Forgiveness,Left/Right,No preference,9,X,players-distance
4.1,96.4,232,Draw,Forgiveness,Left/Right,Forged/Blade-like,10.5,R,players-cb
35.3,74.4,170,Slice,Forgiveness,Fat/Thin,Confidence-inspiring,12,A,super-game-improvement
19.7,105.0,237,Fade,Accuracy,Inconsistent,No preference,9,S,players-distance
21.3,85.1,186,Slice,Distance,Inconsistent,Confidence-inspiring,10.5,R,super-game-improvement
4.9,120.0,279,Straight,Accuracy,Inconsistent,Forged/Blade-like,8,X,blade
17.0,93.3,214,Straight,Forgiveness,Consistent,No preference,10.5,S,players-distance
21.6,87.4,190,Fade,Forgiveness,Left/Right,Confidence-inspiring,10.5,R,super-game-improvement
14.7,96.5,236,Fade,Forgiveness,Inconsistent,Confidence-inspiring,10.5,R,super-game-improvement
26.7,84.0,178,Slice,Accuracy,Left/Right,Confidence-inspiring,10.5,R,super-game-improvement
36.0,92.8,191,Fade,Distance,Inconsistent,Confidence-inspiring,10.5,R,super-game-improvement
8.5,109.1,264,Straight,Forgiveness,Inconsistent,Confidence-inspiring,9,S,game-improvement
7.8,111.6,276,Fade,Accuracy,Inconsistent,Confidence-inspiring,8,X,players-distance
9.1,101.7,247,Straight,Accuracy,Consistent,Confidence-inspiring,9,S,players-cb
31.5,80.0,183,Straight,Forgiveness,Inconsistent,Confidence-inspiring,12,L,super-game-improvement
26.4,88.0,194,Hook,Forgiveness,Inconsistent,Confidence-inspiring,10.5,R,super-game-improvement
15.8,91.0,209,Fade,Accuracy,Left/Right,Confidence-inspiring,10.5,R,game-improvement
17.3,108.9,268,Draw,Accuracy,Inconsistent,Forged/Blade-like,8,S,players-cb
9.7,109.4,274,Straight,Accuracy,Inconsistent,No preference,8,S,players-distance
25.0,88.1,202,Slice,Accuracy,Fat/Thin,Confidence-inspiring,10.5,R,super-game-improvement
13.6,87.5,214,Slice,Forgiveness,Fat/Thin,Confidence-inspiring,10.5,R,super-game-improvement
14.7,111.4,266,Straight,Distance,Left/Right,Forged/Blade-like,8,X,blade
22.5,92.1,196,Slice,Accuracy,Inconsistent,Confidence-inspiring,10.5,R,super-game-improvement
15.3,94.3,218,Straight,Distance,Consistent,Confidence-inspiring,10.5,R,game-improvement
14.9,111.4,271,Slice,Accuracy,Consistent,Confidence-inspiring,8,X,players-distance
17.1,89.3,212,Slice,Distance,Inconsistent,No preference,10.5,R,game-improvement
24.2,86.4,192,Slice,Accuracy,Fat/Thin,Confidence-inspiring,10.5,R,super-game-improvement
31.8,82.1,191,Slice,Accuracy,Fat/Thin,Confidence-inspiring,10.5,R,super-game-improvement
22.3,77.7,178,Fade,Accuracy,Consistent,Confidence-inspiring,12,A,game-improvement
24.2,92.7,214,Slice,Accuracy,Left/Right,Confidence-inspiring,10.5,R,super-game-improvement
15.2,88.0,207,Straight,Accuracy,Left/Right,No preference,10.5,R,players-cb
10.6,93.1,224,Fade,Accuracy,Inconsistent,Confidence-inspiring,10.5,R,game-improvement
22.9,83.4,193,Slice,Accuracy,Left/Right,No preference,10.5,A,game-improvement
18.5,87.5,212,Draw,Forgiveness,Left/Right,Forged/Blade-like,10.5,S,players-distance
4.2,94.8,242,Straight,Distance,Consistent,Forged/Blade-like,10.5,R,blade
14.0,99.0,226,Straight,Accuracy,Inconsistent,Confidence-inspiring,9,S,game-improvement
16.3,93.4,218,Slice,Forgiveness,Left/Right,Confidence-inspiring,10.5,R,super-game-improvement
12.4,98.0,241,Slice,Accuracy,Left/Right,Forged/Blade-like,9,S,players-cb
30.3,108.9,236,Straight,Forgiveness,Fat/Thin,Confidence-inspiring,10.5,S,super-game-improvement
21.3,90.0,191,Slice,Forgiveness,Inconsistent,Confidence-inspiring,10.5,R,super-game-improvement
29.4,92.1,193,Fade,Forgiveness,Fat/Thin,Confidence-inspiring,10.5,R,super-game-improvement
19.4,100.0,220,Draw,Distance,Fat/Thin,No preference,9,S,players-distance
17.7,93.3,210,Fade,Forgiveness,Fat/Thin,No preference,10.5,R,super-game-improvement
8.6,102.9,237,Straight,Accuracy,Fat/Thin,Forged/Blade-like,9,S,players-distance
17.1,94.6,226,Draw,Accuracy,Inconsistent,Forged/Blade-like,10.5,R,players-cb
17.1,96.4,219,Fade,Forgiveness,Left/Right,Confidence-inspiring,10.5,R,super-game-improvement
4.7,96.9,245,Fade,Accuracy,Consistent,Forged/Blade-like,9,R,blade
12.1,92.8,207,Fade,Distance,Consistent,No preference,10.5,R,players-cb
14.1,96.6,221,Slice,Forgiveness,Left/Right,No preference,10.5,R,super-game-improvement
20.7,72.2,164,Fade,Accuracy,Inconsistent,No preference,12,A,super-game-improvement
21.2,106.5,248,Fade,Accuracy,Inconsistent,Forged/Blade-like,9,S,players-distance
11.8,119.6,291,Draw,Forgiveness,Left/Right,Forged/Blade-like,9,X,players-cb
21.2,93.3,206,Slice,Forgiveness,Inconsistent,Confidence-inspiring,10.5,R,super-game-improvement
15.4,102.2,245,Draw,Forgiveness,Consistent,Confidence-inspiring,9,S,players-distance
0.0,116.8,271,Draw,Distance,Left/Right,No preference,8,X,players-cb
12.6,84.2,205,Slice,Distance,Fat/Thin,Confidence-inspiring,10.5,S,super-game-improvement
26.7,97.1,202,Fade,Forgiveness,Left/Right,Confidence-inspiring,10.5,S,super-game-improvement
1.9,100.4,248,Draw,Accuracy,Left/Right,No preference,9,S,players-cb
18.0,116.7,277,Draw,Forgiveness,Left/Right,No preference,9,X,game-improvement
31.3,82.8,188,Straight,Accuracy,Left/Right,Forged/Blade-like,10.5,A,players-distance
10.2,108.1,240,Fade,Distance,Fat/Thin,Forged/Blade-like,8,R,players-cb
17.0,92.7,209,Hook,Distance,Fat/Thin,No preference,10.5,S,players-distance
5.3,120.0,295,Straight,Accuracy,Consistent,No preference,8,S,blade
31.6,79.4,178,Straight,Forgiveness,Left/Right,Confidence-inspiring,12,A,super-game-improvement
16.3,106.6,248,Fade,Distance,Left/Right,Confidence-inspiring,9,S,players-distance
17.4,100.4,210,Slice,Forgiveness,Inconsistent,Forged/Blade-like,10.5,S,game-improvement
29.2,90.2,208,Fade,Accuracy,Left/Right,Forged/Blade-like,10.5,A,players-distance
23.0,92.7,220,Hook,Distance,Inconsistent,Confidence-inspiring,10.5,R,game-improvement
9.1,93.1,222,Draw,Distance,Consistent,No preference,10.5,R,players-cb
11.2,72.5,172,Hook,Forgiveness,Left/Right,Confidence-inspiring,12,A,super-game-improvement
21.5,102.1,235,Hook,Forgiveness,Left/Right,Confidence-inspiring,10.5,S,super-game-improvement
11.4,93.4,232,Slice,Accuracy,Left/Right,No preference,10.5,R,players-distance
0.0,117.7,291,Straight,Distance,Fat/Thin,Forged/Blade-like,8,X,blade
16.5,98.3,225,Draw,Distance,Consistent,Forged/Blade-like,9,S,players-cb
3.7,115.5,283,Draw,Distance,Consistent,No preference,8,X,blade
31.5,92.6,201,Slice,Forgiveness,Inconsistent,Confidence-inspiring,10.5,R,game-improvement
18.6,68.7,157,Straight,Accuracy,Inconsistent,Confidence-inspiring,12,A,super-game-improvement
8.9,106.1,236,Straight,Forgiveness,Consistent,Forged/Blade-like,9,S,players-cb
10.7,95.3,229,Slice,Accuracy,Left/Right,Confidence-inspiring,10.5,R,game-improvement
0.0,117.7,299,Straight,Forgiveness,Consistent,Forged/Blade-like,9,X,blade
7.1,107.1,265,Straight,Accuracy,Left/Right,Forged/Blade-like,9,S,players-cb
26.1,94.3,217,Hook,Forgiveness,Inconsistent,Confidence-inspiring,10.5,R,super-game-improvement
36.0,78.8,167,Straight,Forgiveness,Left/Right,Confidence-inspiring,12,A,super-game-improvement
23.5,80.9,182,Slice,Forgiveness,Fat/Thin,No preference,12,R,super-game-improvement
16.2,90.7,220,Straight,Forgiveness,Left/Right,Confidence-inspiring,10.5,S,super-game-improvement
13.1,79.1,192,Fade,Distance,Left/Right,Forged/Blade-like,12,A,players-cb
8.4,94.4,238,Draw,Distance,Consistent,Forged/Blade-like,10.5,R,players-cb
35.5,67.2,137,Fade,Forgiveness,Inconsistent,Confidence-inspiring,12,L,super-game-improvement
15.3,81.2,182,Fade,Distance,Inconsistent,Confidence-inspiring,12,A,super-game-improvement
36.0,82.7,173,Draw,Accuracy,Fat/Thin,Confidence-inspiring,10.5,A,super-game-improvement
29.5,91.3,191,Hook,Forgiveness,Fat/Thin,Confidence-inspiring,10.5,R,super-game-improvement
1.3,104.8,244,Draw,Accuracy,Consistent,No preference,9,S,blade
11.0,93.5,224,Draw,Accuracy,Fat/Thin,Forged/Blade-like,10.5,R,players-cb
11.0,89.0,213,Draw,Distance,Fat/Thin,No preference,10.5,R,players-distance
16.3,91.7,213,Slice,Forgiveness,Inconsistent,Forged/Blade-like,10.5,R,super-game-improvement
16.5,86.6,202,Slice,Distance,Fat/Thin,Forged/Blade-like,10.5,R,players-distance
36.0,80.9,159,Draw,Forgiveness,Fat/Thin,Confidence-inspiring,10.5,A,super-game-improvement
7.3,85.8,200,Straight,Accuracy,Consistent,Forged/Blade-like,10.5,R,players-cb
19.1,100.0,225,Hook,Accuracy,Left/Right,No preference,10.5,S,players-distance
22.5,85.0,191,Straight,Forgiveness,Fat/Thin,Confidence-inspiring,10.5,A,game-improvement
17.0,98.2,212,Fade,Accuracy,Fat/Thin,Confidence-inspiring,9,S,super-game-improvement
18.0,102.6,226,Straight,Distance,Inconsistent,Forged/Blade-like,9,S,players-cb
7.6,104.1,244,Straight,Forgiveness,Inconsistent,No preference,9,S,players-distance
18.0,101.8,242,Draw,Accuracy,Consistent,Forged/Blade-like,9,S,players-cb
21.6,70.6,162,Slice,Forgiveness,Left/Right,Confidence-inspiring,10.5,L,super-game-improvement
19.9,87.5,208,Fade,Forgiveness,Inconsistent,Confidence-inspiring,10.5,R,super-game-improvement
22.1,102.0,229,Draw,Forgiveness,Inconsistent,Confidence-inspiring,9,S,super-game-improvement
29.7,90.9,198,Hook,Forgiveness,Inconsistent,No preference,10.5,R,super-game-improvement
25.4,107.2,243,Draw,Distance,Inconsistent,Confidence-inspiring,10.5,S,super-game-improvement
17.6,111.1,253,Draw,Accuracy,Left/Right,Confidence-inspiring,8,X,players-cb
6.5,104.6,245,Fade,Accuracy,Consistent,Confidence-inspiring,9,S,players-cb
11.6,95.6,211,Fade,Distance,Left/Right,Confidence-inspiring,10.5,R,players-distance
15.0,86.2,194,Straight,Distance,Inconsistent,No preference,10.5,R,game-improvement
19.3,88.1,208,Draw,Distance,Inconsistent,Forged/Blade-like,10.5,R,players-cb
12.7,93.3,229,Slice,Distance,Left/Right,No preference,10.5,R,game-improvement
8.6,94.2,217,Draw,Accuracy,Inconsistent,Forged/Blade-like,12,R,players-cb
6.3,92.5,206,Hook,Distance,Left/Right,No preference,10.5,R,players-cb
2.1,108.6,272,Fade,Distance,Consistent,Forged/Blade-like,8,S,blade
14.9,112.8,262,Slice,Accuracy,Left/Right,No preference,8,X,players-distance
3.8,112.7,260,Draw,Accuracy,Fat/Thin,Forged/Blade-like,8,X,blade
8.0,97.3,203,Draw,Distance,Fat/Thin,Forged/Blade-like,9,S,players-cb
13.5,107.0,240,Draw,Forgiveness,Left/Right,Forged/Blade-like,9,S,players-cb
5.0,106.1,251,Draw,Distance,Inconsistent,Forged/Blade-like,9,S,blade
20.4,91.7,197,Fade,Distance,Inconsistent,Confidence-inspiring,10.5,R,super-game-improvement
23.7,88.9,205,Slice,Forgiveness,Inconsistent,Confidence-inspiring,10.5,R,super-game-improvement
12.1,95.8,217,Fade,Distance,Left/Right,Confidence-inspiring,10.5,R,game-improvement
13.1,103.6,242,Fade,Accuracy,Inconsistent,Forged/Blade-like,9,S,players-cb
21.8,92.6,230,Draw,Forgiveness,Fat/Thin,Confidence-inspiring,10.5,R,super-game-improvement
10.6,91.5,217,Straight,Forgiveness,Left/Right,Confidence-inspiring,10.5,R,game-improvement
10.0,91.4,215,Straight,Accuracy,Fat/Thin,No preference,10.5,R,players-distance
27.8,90.2,198,Slice,Forgiveness,Fat/Thin,No preference,10.5,R,super-game-improvement
25.0,93.3,214,Fade,Distance,Fat/Thin,Confidence-inspiring,10.5,R,game-improvement
22.4,87.6,202,Fade,Forgiveness,Inconsistent,Confidence-inspiring,10.5,R,super-game-improvement
25.3,77.5,163,Straight,Accuracy,Inconsistent,Forged/Blade-like,10.5,A,game-improvement
0.0,118.5,287,Draw,Distance,Consistent,Confidence-inspiring,8,X,blade
29.2,96.5,205,Straight,Forgiveness,Left/Right,Confidence-inspiring,10.5,R,super-game-improvement
20.5,72.2,161,Fade,Distance,Fat/Thin,Confidence-inspiring,12,A,super-game-improvement
26.1,101.6,241,Straight,Forgiveness,Fat/Thin,No preference,10.5,S,super-game-improvement
20.5,90.0,209,Draw,Forgiveness,Left/Right,Confidence-inspiring,10.5,R,super-game-improvement
17.4,96.1,220,Fade,Forgiveness,Left/Right,Forged/Blade-like,10.5,R,game-improvement
14.5,107.5,261,Straight,Accuracy,Fat/Thin,Forged/Blade-like,9,S,players-cb
20.3,108.7,248,Slice,Accuracy,Fat/Thin,Confidence-inspiring,8,S,game-improvement
14.2,106.4,232,Straight,Distance,Inconsistent,No preference,9,S,players-distance
24.8,91.5,219,Straight,Accuracy,Left/Right,Forged/Blade-like,10.5,R,players-distance
2.7,90.4,218,Hook,Distance,Left/Right,Forged/Blade-like,10.5,R,blade
12.1,77.5,161,Hook,Distance,Fat/Thin,Forged/Blade-like,12,A,players-distance
35.4,90.7,179,Draw,Accuracy,Inconsistent,No preference,10.5,R,super-game-improvement
11.4,111.7,272,Straight,Distance,Consistent,Confidence-inspiring,8,X,players-cb
14.9,87.7,189,Straight,Accuracy,Inconsistent,No preference,9,R,super-game-improvement
9.1,97.1,242,Hook,Accuracy,Left/Right,No preference,9,S,players-cb
20.0,86.8,198,Slice,Forgiveness,Fat/Thin,Confidence-inspiring,10.5,R,game-improvement
10.4,93.1,226,Straight,Forgiveness,Consistent,No preference,10.5,R,players-distance
15.3,106.3,243,Straight,Accuracy,Left/Right,Confidence-inspiring,9,S,players-distance
24.6,91.5,209,Fade,Forgiveness,Left/Right,Forged/Blade-like,10.5,R,game-improvement
10.7,96.4,230,Straight,Distance,Fat/Thin,No preference,9,A,players-distance
24.1,116.2,259,Slice,Forgiveness,Inconsistent,Confidence-inspiring,10.5,X,super-game-improvement
24.4,75.1,158,Fade,Forgiveness,Left/Right,No preference,12,A,game-improvement
26.5,93.5,210,Draw,Accuracy,Left/Right,Confidence-inspiring,9,R,game-improvement
18.3,83.1,174,Slice,Accuracy,Left/Right,Confidence-inspiring,9,A,super-game-improvement
36.0,79.9,178,Straight,Accuracy,Inconsistent,No preference,12,A,super-game-improvement
26.5,89.5,200,Straight,Accuracy,Fat/Thin,Confidence-inspiring,10.5,A,super-game-improvement
19.9,100.9,233,Fade,Forgiveness,Left/Right,Confidence-inspiring,10.5,S,super-game-improvement
9.1,97.2,207,Straight,Accuracy,Consistent,Forged/Blade-like,9,R,players-cb
16.1,91.4,201,Draw,Accuracy,Left/Right,Confidence-inspiring,10.5,R,game-improvement
29.8,82.9,176,Fade,Distance,Fat/Thin,Confidence-inspiring,10.5,A,super-game-improvement
32.4,73.2,164,Straight,Forgiveness,Fat/Thin,Confidence-inspiring,12,A,game-improvement
30.3,91.7,191,Draw,Forgiveness,Fat/Thin,Forged/Blade-like,10.5,A,super-game-improvement
24.1,92.4,229,Straight,Distance,Inconsistent,Confidence-inspiring,10.5,R,super-game-improvement
5.7,106.5,253,Fade,Accuracy,Left/Right,Forged/Blade-like,9,S,players-cb
21.4,90.8,196,Draw,Distance,Left/Right,Confidence-inspiring,10.5,R,game-improvement
5.8,100.1,238,Fade,Distance,Fat/Thin,Confidence-inspiring,9,S,players-distance
3.6,115.3,270,Hook,Accuracy,Consistent,No preference,8,S,blade
19.2,103.2,224,Draw,Accuracy,Consistent,Confidence-inspiring,9,S,players-cb
21.7,105.4,247,Straight,Distance,Inconsistent,Confidence-inspiring,9,S,game-improvement
25.1,92.7,211,Straight,Forgiveness,Fat/Thin,Confidence-inspiring,10.5,R,game-improvement
21.5,104.9,241,Draw,Distance,Inconsistent,Confidence-inspiring,9,S,super-game-improvement
21.8,87.0,208,Fade,Forgiveness,Left/Right,Confidence-inspiring,10.5,R,super-game-improvement
8.1,98.5,239,Draw,Distance,Fat/Thin,No preference,9,S,players-distance
16.1,107.0,237,Draw,Forgiveness,Left/Right,Forged/Blade-like,9,S,players-cb
3.4,112.1,278,Slice,Distance,Consistent,Confidence-inspiring,8,X,players-cb
0.0,103.1,242,Draw,Distance,Inconsistent,Forged/Blade-like,9,S,blade
23.7,79.4,173,Hook,Distance,Fat/Thin,Confidence-inspiring,10.5,A,super-game-improvement
10.2,97.0,228,Slice,Accuracy,Consistent,No preference,9,S,players-cb
24.9,82.2,182,Straight,Forgiveness,Fat/Thin,No preference,10.5,A,super-game-improvement
27.0,104.9,215,Slice,Accuracy,Fat/Thin,No preference,10.5,S,game-improvement
11.4,105.8,240,Fade,Distance,Fat/Thin,Confidence-inspiring,8,S,players-distance
22.3,83.2,187,Fade,Forgiveness,Inconsistent,Confidence-inspiring,10.5,A,super-game-improvement
11.0,88.1,202,Straight,Accuracy,Consistent,Confidence-inspiring,10.5,R,players-cb
0.4,97.9,250,Straight,Accuracy,Consistent,No preference,9,S,blade
18.1,88.1,213,Fade,Accuracy,Inconsistent,No preference,10.5,R,game-improvement
12.8,95.6,213,Slice,Forgiveness,Fat/Thin,Forged/Blade-like,10.5,R,game-improvement
13.0,108.3,253,Straight,Distance,Fat/Thin,No preference,8,S,players-distance
34.8,72.7,170,Straight,Forgiveness,Fat/Thin,Forged/Blade-like,12,A,super-game-improvement
3.3,120.0,289,Fade,Distance,Inconsistent,No preference,8,X,players-cb
20.4,82.7,184,Slice,Forgiveness,Left/Right,Forged/Blade-like,10.5,A,game-improvement
8.0,86.5,213,Fade,Accuracy,Fat/Thin,Confidence-inspiring,10.5,R,game-improvement
25.2,105.7,233,Straight,Accuracy,Fat/Thin,Confidence-inspiring,10.5,R,super-game-improvement
19.7,105.8,252,Fade,Accuracy,Fat/Thin,No preference,9,S,players-distance
20.4,90.3,199,Straight,Forgiveness,Inconsistent,Confidence-inspiring,10.5,R,game-improvement
8.5,104.0,243,Straight,Distance,Inconsistent,No preference,9,X,players-cb
10.1,103.2,251,Straight,Forgiveness,Left/Right,Forged/Blade-like,9,S,players-cb
25.3,90.2,201,Slice,Distance,Inconsistent,Confidence-inspiring,10.5,R,super-game-improvement
32.9,70.7,153,Draw,Accuracy,Inconsistent,Confidence-inspiring,12,L,super-game-improvement
21.3,66.7,133,Draw,Forgiveness,Fat/Thin,Confidence-inspiring,12,L,super-game-improvement
8.9,91.5,214,Fade,Distance,Left/Right,Forged/Blade-like,12,R,players-cb
20.1,110.5,259,Fade,Forgiveness,Consistent,Confidence-inspiring,9,X,game-improvement
36.0,100.1,206,Straight,Forgiveness,Left/Right,Confidence-inspiring,10.5,S,super-game-improvement
17.9,91.2,215,Draw,Distance,Left/Right,No preference,10.5,R,players-distance
30.2,75.9,168,Slice,Distance,Fat/Thin,Forged/Blade-like,12,A,super-game-improvement
10.3,101.8,238,Fade,Accuracy,Consistent,No preference,9,S,players-cb
16.6,99.1,240,Slice,Distance,Consistent,Confidence-inspiring,10.5,X,players-distance
22.6,96.6,214,Straight,Forgiveness,Fat/Thin,Confidence-inspiring,10.5,R,super-game-improvement
20.6,66.7,149,Fade,Accuracy,Consistent,Forged/Blade-like,12,L,players-cb
10.1,120.0,281,Slice,Forgiveness,Consistent,Forged/Blade-like,9,X,players-cb
9.7,110.7,262,Straight,Accuracy,Left/Right,No preference,8,X,players-cb
25.9,86.4,198,Slice,Distance,Left/Right,Confidence-inspiring,12,R,super-game-improvement
27.7,80.0,163,Hook,Forgiveness,Fat/Thin,Confidence-inspiring,12,A,super-game-improvement
30.6,95.1,215,Slice,Distance,Fat/Thin,Forged/Blade-like,12,R,game-improvement
33.2,88.4,191,Slice,Forgiveness,Fat/Thin,Confidence-inspiring,10.5,A,super-game-improvement
18.2,94.5,221,Fade,Accuracy,Left/Right,Forged/Blade-like,10.5,R,players-cb
14.2,100.9,256,Draw,Accuracy,Consistent,No preference,10.5,S,players-cb
29.2,85.0,181,Slice,Forgiveness,Inconsistent,Confidence-inspiring,10.5,R,super-game-improvement
23.4,94.1,200,Draw,Accuracy,Left/Right,Confidence-inspiring,10.5,R,game-improvement
8.2,107.7,258,Draw,Forgiveness,Left/Right,Confidence-inspiring,9,S,super-game-improvement
7.7,104.2,251,Fade,Forgiveness,Left/Right,Forged/Blade-like,10.5,S,players-cb
21.4,94.4,221,Straight,Forgiveness,Left/Right,Confidence-inspiring,10.5,R,game-improvement
15.4,109.5,248,Draw,Distance,Left/Right,Confidence-inspiring,9,S,players-distance
16.8,78.6,173,Straight,Accuracy,Left/Right,Confidence-inspiring,12,A,game-improvement
26.7,79.9,163,Slice,Accuracy,Left/Right,Confidence-inspiring,12,A,super-game-improvement
23.8,90.1,189,Hook,Forgiveness,Fat/Thin,Confidence-inspiring,10.5,R,super-game-improvement
29.0,79.0,169,Slice,Accuracy,Consistent,Confidence-inspiring,12,A,super-game-improvement
0.0,102.0,249,Straight,Accuracy,Consistent,No preference,9,S,blade
19.3,105.8,259,Straight,Forgiveness,Left/Right,Forged/Blade-like,9,S,players-distance
23.3,88.7,183,Straight,Forgiveness,Fat/Thin,No preference,10.5,R,super-game-improvement
3.3,85.5,210,Draw,Accuracy,Consistent,No preference,10.5,R,blade
11.1,94.2,215,Hook,Forgiveness,Inconsistent,Forged/Blade-like,10.5,R,players-distance
9.4,100.2,239,Straight,Accuracy,Consistent,No preference,9,R,players-cb
17.2,94.7,212,Slice,Forgiveness,Left/Right,No preference,10.5,R,super-game-improvement
31.7,90.0,204,Slice,Forgiveness,Left/Right,No preference,10.5,R,super-game-improvement
35.2,86.8,194,Straight,Accuracy,Left/Right,Confidence-inspiring,10.5,R,game-improvement
9.7,98.0,231,Straight,Distance,Consistent,Forged/Blade-like,9,S,players-cb
21.7,79.3,192,Slice,Forgiveness,Fat/Thin,Confidence-inspiring,12,A,game-improvement
22.0,86.6,202,Slice,Accuracy,Left/Right,Confidence-inspiring,10.5,R,super-game-improvement
20.5,85.8,207,Slice,Accuracy,Left/Right,Confidence-inspiring,10.5,R,super-game-improvement
20.6,89.1,201,Slice,Forgiveness,Fat/Thin,Forged/Blade-like,10.5,R,game-improvement
19.7,99.5,235,Fade,Forgiveness,Consistent,Forged/Blade-like,10.5,S,players-cb
32.2,88.1,183,Fade,Forgiveness,Left/Right,No preference,10.5,S,super-game-improvement
26.9,95.9,204,Straight,Forgiveness,Inconsistent,Forged/Blade-like,10.5,R,players-distance
7.5,97.1,251,Draw,Distance,Consistent,Forged/Blade-like,9,S,players-cb
24.2,104.6,224,Straight,Distance,Fat/Thin,Confidence-inspiring,10.5,S,super-game-improvement
25.0,95.7,209,Slice,Distance,Fat/Thin,No preference,9,R,super-game-improvement
19.8,93.7,196,Draw,Accuracy,Inconsistent,Confidence-inspiring,10.5,R,game-improvement
27.2,93.5,199,Straight,Forgiveness,Fat/Thin,Confidence-inspiring,10.5,R,super-game-improvement
18.7,86.5,188,Hook,Distance,Fat/Thin,No preference,10.5,R,players-distance
18.8,72.1,158,Fade,Accuracy,Fat/Thin,Forged/Blade-like,12,A,players-distance
18.1,87.6,203,Straight,Forgiveness,Left/Right,No preference,10.5,R,players-distance
0.0,113.5,283,Fade,Distance,Left/Right,Forged/Blade-like,8,X,blade
16.3,95.7,211,Straight,Forgiveness,Fat/Thin,No preference,10.5,R,super-game-improvement
11.0,97.2,221,Straight,Distance,Left/Right,Confidence-inspiring,9,S,players-distance
6.3,93.2,233,Draw,Accuracy,Consistent,No preference,10.5,R,players-cb
29.9,66.1,160,Straight,Accuracy,Inconsistent,Confidence-inspiring,12,L,super-game-improvement
21.5,105.6,250,Straight,Forgiveness,Fat/Thin,Confidence-inspiring,9,S,super-game-improvement
16.7,92.6,198,Slice,Distance,Inconsistent,No preference,10.5,R,game-improvement
11.9,93.6,230,Fade,Forgiveness,Left/Right,No preference,9,R,game-improvement
19.7,85.9,212,Draw,Accuracy,Left/Right,Confidence-inspiring,10.5,R,game-improvement
25.9,100.9,208,Straight,Forgiveness,Left/Right,No preference,10.5,S,super-game-improvement
9.6,108.3,266,Straight,Accuracy,Consistent,Forged/Blade-like,8,S,players-cb
17.0,84.8,197,Straight,Forgiveness,Inconsistent,Confidence-inspiring,10.5,R,super-game-improvement
24.8,100.8,222,Straight,Forgiveness,Fat/Thin,Confidence-inspiring,10.5,S,super-game-improvement
0.0,104.5,257,Hook,Distance,Consistent,Confidence-inspiring,9,S,blade
16.5,88.7,208,Fade,Forgiveness,Inconsistent,Forged/Blade-like,10.5,R,players-distance
13.1,94.2,230,Slice,Forgiveness,Inconsistent,Forged/Blade-like,10.5,R,game-improvement
15.8,87.4,212,Slice,Forgiveness,Inconsistent,No preference,10.5,R,super-game-improvement
12.5,84.3,183,Draw,Forgiveness,Inconsistent,Confidence-inspiring,10.5,R,super-game-improvement
18.2,101.4,226,Straight,Forgiveness,Fat/Thin,Confidence-inspiring,10.5,S,super-game-improvement
34.3,80.5,173,Slice,Forgiveness,Inconsistent,Confidence-inspiring,12,L,super-game-improvement
14.1,102.6,253,Draw,Accuracy,Consistent,No preference,9,X,players-cb
19.6,95.5,193,Draw,Distance,Consistent,No preference,10.5,R,players-cb
35.0,87.7,182,Draw,Forgiveness,Inconsistent,Confidence-inspiring,9,A,super-game-improvement
12.0,77.4,168,Slice,Accuracy,Fat/Thin,Confidence-inspiring,10.5,A,super-game-improvement
33.3,74.7,148,Slice,Forgiveness,Inconsistent,No preference,12,A,super-game-improvement
17.0,100.1,239,Draw,Distance,Inconsistent,No preference,9,S,players-distance
33.0,70.8,148,Straight,Distance,Consistent,Confidence-inspiring,12,L,super-game-improvement
23.8,93.5,188,Straight,Accuracy,Inconsistent,No preference,9,R,game-improvement
19.8,78.6,177,Draw,Distance,Fat/Thin,No preference,10.5,A,game-improvement
16.4,95.0,237,Draw,Forgiveness,Inconsistent,Forged/Blade-like,10.5,R,players-distance
11.4,114.3,252,Straight,Distance,Left/Right,Forged/Blade-like,8,X,players-cb
17.7,101.7,238,Straight,Forgiveness,Inconsistent,Forged/Blade-like,10.5,S,players-distance
25.1,70.4,171,Draw,Distance,Inconsistent,Confidence-inspiring,10.5,L,super-game-improvement
16.9,103.0,236,Slice,Forgiveness,Fat/Thin,Confidence-inspiring,9,S,super-game-improvement
14.2,114.6,283,Draw,Accuracy,Inconsistent,Confidence-inspiring,8,X,game-improvement
14.7,120.0,272,Slice,Forgiveness,Consistent,Confidence-inspiring,9,X,game-improvement
25.9,93.1,219,Slice,Accuracy,Left/Right,No preference,10.5,R,game-improvement
28.0,73.3,172,Draw,Forgiveness,Fat/Thin,Confidence-inspiring,12,A,super-game-improvement
11.0,102.9,242,Fade,Distance,Left/Right,Confidence-inspiring,9,S,players-distance
11.0,114.5,256,Draw,Forgiveness,Left/Right,Confidence-inspiring,9,X,game-improvement
20.4,90.3,196,Straight,Accuracy,Fat/Thin,No preference,10.5,R,game-improvement
30.7,95.6,187,Straight,Forgiveness,Inconsistent,Confidence-inspiring,10.5,R,super-game-improvement
27.3,79.0,179,Slice,Forgiveness,Left/Right,Confidence-inspiring,12,A,super-game-improvement
5.7,105.8,258,Draw,Accuracy,Left/Right,Forged/Blade-like,9,S,blade
14.6,71.2,166,Draw,Accuracy,Fat/Thin,Confidence-inspiring,12,L,super-game-improvement
8.6,90.6,214,Fade,Distance,Left/Right,No preference,10.5,S,players-distance
14.6,96.0,235,Slice,Distance,Fat/Thin,No preference,9,S,game-improvement
31.4,81.0,178,Slice,Forgiveness,Fat/Thin,Confidence-inspiring,12,A,super-game-improvement
4.2,90.1,212,Fade,Accuracy,Left/Right,No preference,10.5,R,players-cb
2.4,99.4,243,Fade,Distance,Consistent,No preference,9,S,players-cb
9.5,102.8,261,Draw,Forgiveness,Inconsistent,Confidence-inspiring,9,S,super-game-improvement
19.6,91.8,214,Draw,Accuracy,Fat/Thin,Forged/Blade-like,10.5,R,blade
22.6,91.2,201,Hook,Forgiveness,Fat/Thin,Confidence-inspiring,10.5,R,super-game-improvement
20.9,99.1,224,Straight,Forgiveness,Fat/Thin,Confidence-inspiring,12,S,super-game-improvement
27.6,83.8,189,Slice,Accuracy,Left/Right,Confidence-inspiring,10.5,A,super-game-improvement
1.1,118.8,286,Draw,Distance,Consistent,Confidence-inspiring,8,X,blade
27.7,77.3,166,Fade,Distance,Fat/Thin,Confidence-inspiring,12,A,super-game-improvement
14.2,115.6,268,Fade,Distance,Left/Right,Confidence-inspiring,8,X,players-distance
23.6,101.1,240,Draw,Forgiveness,Fat/Thin,No preference,10.5,S,game-improvement
5.1,99.0,245,Straight,Distance,Fat/Thin,Forged/Blade-like,9,S,players-cb
17.0,91.5,206,Straight,Distance,Left/Right,Forged/Blade-like,10.5,R,players-cb
19.1,95.1,224,Fade,Accuracy,Fat/Thin,Forged/Blade-like,10.5,S,players-distance
27.4,93.4,206,Draw,Forgiveness,Consistent,Confidence-inspiring,10.5,R,game-improvement
2.7,115.1,282,Straight,Distance,Consistent,No preference,8,X,blade
17.3,80.8,188,Slice,Accuracy,Left/Right,Forged/Blade-like,12,A,players-cb
7.2,105.5,233,Draw,Distance,Consistent,No preference,9,S,players-cb
21.5,70.2,131,Fade,Distance,Fat/Thin,Confidence-inspiring,12,L,super-game-improvement
24.0,87.9,198,Hook,Forgiveness,Left/Right,Confidence-inspiring,10.5,R,super-game-improvement
28.6,101.1,214,Straight,Forgiveness,Left/Right,Confidence-inspiring,10.5,S,super-game-improvement
12.2,83.5,181,Slice,Forgiveness,Left/Right,Confidence-inspiring,10.5,R,super-game-improvement
25.3,72.8,154,Slice,Distance,Fat/Thin,No preference,12,A,super-game-improvement
29.2,88.4,202,Fade,Accuracy,Fat/Thin,Forged/Blade-like,10.5,R,game-improvement
2.2,118.4,291,Straight,Forgiveness,Inconsistent,Forged/Blade-like,10.5,X,players-cb
22.5,94.0,218,Slice,Forgiveness,Inconsistent,Confidence-inspiring,10.5,A,super-game-improvement
25.6,69.5,158,Hook,Forgiveness,Fat/Thin,Confidence-inspiring,12,L,super-game-improvement
14.7,79.2,175,Straight,Forgiveness,Left/Right,No preference,12,A,super-game-improvement
6.1,102.8,253,Slice,Distance,Fat/Thin,Forged/Blade-like,10.5,S,players-distance
25.5,76.9,176,Straight,Forgiveness,Left/Right,Confidence-inspiring,12,A,super-game-improvement
6.2,103.2,246,Straight,Accuracy,Left/Right,No preference,9,S,players-cb
15.4,97.5,226,Straight,Accuracy,Consistent,No preference,9,S,players-cb
16.6,89.8,214,Draw,Forgiveness,Inconsistent,Forged/Blade-like,10.5,R,players-distance
23.4,108.2,236,Slice,Forgiveness,Fat/Thin,No preference,9,S,super-game-improvement
11.4,104.2,254,Slice,Accuracy,Fat/Thin,No preference,9,S,players-distance
10.8,110.8,266,Straight,Accuracy,Fat/Thin,Confidence-inspiring,8,X,players-distance
17.9,103.0,236,Fade,Distance,Fat/Thin,No preference,9,S,players-distance
26.1,86.8,206,Slice,Distance,Fat/Thin,Confidence-inspiring,10.5,R,game-improvement
36.0,79.6,158,Slice,Distance,Fat/Thin,Forged/Blade-like,10.5,A,super-game-improvement
3.4,100.7,239,Draw,Forgiveness,Consistent,Confidence-inspiring,10.5,R,players-cb
19.8,99.3,219,Fade,Accuracy,Inconsistent,No preference,9,S,game-improvement
7.2,94.6,229,Hook,Forgiveness,Consistent,Forged/Blade-like,10.5,R,players-cb
26.2,105.4,244,Hook,Distance,Fat/Thin,No preference,9,S,game-improvement
8.6,92.7,211,Straight,Distance,Consistent,No preference,10.5,R,blade
10.9,100.7,267,Fade,Accuracy,Left/Right,Confidence-inspiring,9,S,players-distance
11.7,95.8,219,Slice,Forgiveness,Left/Right,Confidence-inspiring,10.5,R,super-game-improvement
16.3,90.4,211,Draw,Distance,Inconsistent,Confidence-inspiring,10.5,R,game-improvement
19.9,114.2,259,Straight,Forgiveness,Consistent,No preference,9,S,players-distance
21.4,87.1,197,Draw,Distance,Left/Right,No preference,10.5,S,game-improvement
16.9,91.5,203,Draw,Accuracy,Left/Right,Confidence-inspiring,10.5,R,game-improvement
5.0,96.0,240,Draw,Accuracy,Left/Right,Forged/Blade-like,9,R,blade
23.6,90.4,195,Draw,Accuracy,Inconsistent,No preference,10.5,R,game-improvement
16.5,93.8,200,Hook,Accuracy,Inconsistent,Confidence-inspiring,10.5,R,game-improvement
27.5,76.1,158,Slice,Accuracy,Left/Right,Confidence-inspiring,12,A,super-game-improvement
10.6,94.5,236,Fade,Accuracy,Inconsistent,No preference,9,R,players-distance
2.6,110.3,279,Draw,Accuracy,Fat/Thin,Confidence-inspiring,8,X,players-cb
16.7,104.9,223,Fade,Accuracy,Inconsistent,No preference,9,S,players-distance
28.7,86.7,197,Slice,Forgiveness,Fat/Thin,Confidence-inspiring,10.5,R,super-game-improvement
18.4,94.1,197,Fade,Accuracy,Left/Right,Forged/Blade-like,12,R,players-cb
15.2,92.1,213,Draw,Accuracy,Inconsistent,No preference,10.5,R,players-distance
9.2,94.7,213,Straight,Accuracy,Left/Right,Confidence-inspiring,10.5,R,players-distance
32.8,74.5,169,Draw,Forgiveness,Fat/Thin,No preference,12,A,super-game-improvement
7.7,85.2,208,Draw,Distance,Consistent,Confidence-inspiring,10.5,R,players-cb
10.5,91.8,225,Slice,Accuracy,Consistent,No preference,10.5,R,players-cb
22.1,100.0,222,Slice,Accuracy,Fat/Thin,Forged/Blade-like,8,R,game-improvement
0.3,101.6,247,Slice,Accuracy,Consistent,No preference,9,S,blade
28.5,83.2,169,Straight,Distance,Inconsistent,No preference,10.5,A,super-game-improvement
22.6,87.0,186,Slice,Distance,Inconsistent,Confidence-inspiring,9,R,super-game-improvement
25.1,101.4,234,Hook,Accuracy,Inconsistent,Confidence-inspiring,10.5,S,super-game-improvement
22.0,81.8,188,Fade,Accuracy,Left/Right,Confidence-inspiring,12,A,super-game-improvement
15.5,98.2,228,Fade,Forgiveness,Fat/Thin,Confidence-inspiring,10.5,S,super-game-improvement
7.4,100.3,250,Slice,Accuracy,Left/Right,No preference,9,S,players-distance
15.7,96.0,210,Draw,Forgiveness,Fat/Thin,Confidence-inspiring,12,R,super-game-improvement
8.2,102.9,251,Draw,Forgiveness,Consistent,No preference,9,S,players-cb
21.4,92.0,197,Slice,Distance,Left/Right,Confidence-inspiring,10.5,R,super-game-improvement
24.3,97.4,231,Hook,Distance,Fat/Thin,Confidence-inspiring,10.5,S,super-game-improvement
30.3,85.1,190,Straight,Distance,Inconsistent,No preference,10.5,R,super-game-improvement
20.3,109.6,257,Fade,Distance,Fat/Thin,Confidence-inspiring,8,S,super-game-improvement
25.3,89.2,192,Slice,Forgiveness,Left/Right,Confidence-inspiring,10.5,R,super-game-improvement
14.3,79.2,203,Draw,Accuracy,Inconsistent,Confidence-inspiring,12,A,game-improvement
12.7,103.7,260,Draw,Forgiveness,Fat/Thin,Confidence-inspiring,9,S,super-game-improvement
21.3,95.4,219,Fade,Distance,Inconsistent,Confidence-inspiring,10.5,R,super-game-improvement
13.5,97.1,237,Draw,Forgiveness,Left/Right,Confidence-inspiring,10.5,S,super-game-improvement
19.4,90.2,203,Fade,Forgiveness,Inconsistent,No preference,10.5,R,super-game-improvement
7.4,79.8,179,Slice,Accuracy,Consistent,Confidence-inspiring,12,A,players-cb
9.1,80.3,197,Draw,Forgiveness,Consistent,Forged/Blade-like,12,A,players-cb
22.7,107.0,232,Slice,Distance,Fat/Thin,Confidence-inspiring,9,S,super-game-improvement
25.0,83.1,197,Slice,Accuracy,Fat/Thin,Forged/Blade-like,10.5,A,game-improvement
8.1,110.1,271,Straight,Distance,Consistent,Forged/Blade-like,8,X,players-cb
23.0,74.3,169,Slice,Forgiveness,Fat/Thin,Confidence-inspiring,12,A,super-game-improvement
12.2,87.2,206,Hook,Distance,Consistent,No preference,10.5,A,players-cb
17.1,101.2,241,Hook,Forgiveness,Inconsistent,Forged/Blade-like,10.5,S,players-distance
29.8,84.7,187,Slice,Forgiveness,Left/Right,Confidence-inspiring,10.5,R,super-game-improvement
24.3,94.9,208,Slice,Accuracy,Left/Right,Confidence-inspiring,10.5,R,game-improvement
24.2,89.4,186,Slice,Distance,Inconsistent,No preference,10.5,S,super-game-improvement
34.2,80.7,182,Slice,Forgiveness,Fat/Thin,Confidence-inspiring,12,A,super-game-improvement
10.7,91.9,220,Straight,Accuracy,Left/Right,Confidence-inspiring,10.5,R,players-distance
8.1,88.6,235,Draw,Distance,Consistent,Forged/Blade-like,10.5,R,players-cb
10.5,112.9,265,Hook,Forgiveness,Consistent,Confidence-inspiring,9,X,players-cb
14.7,111.7,262,Fade,Distance,Inconsistent,Confidence-inspiring,8,S,super-game-improvement
0.0,95.6,237,Draw,Accuracy,Fat/Thin,Confidence-inspiring,10.5,S,players-distance
15.1,84.7,202,Fade,Accuracy,Inconsistent,Confidence-inspiring,10.5,R,game-improvement
12.1,94.3,212,Straight,Distance,Left/Right,Forged/Blade-like,10.5,R,players-cb
24.1,93.0,207,Fade,Accuracy,Fat/Thin,No preference,10.5,R,game-improvement
20.2,90.4,212,Slice,Forgiveness,Left/Right,Confidence-inspiring,10.5,R,super-game-improvement
11.6,103.1,239,Straight,Accuracy,Inconsistent,Forged/Blade-like,9,S,players-cb
22.3,90.3,210,Slice,Forgiveness,Fat/Thin,Confidence-inspiring,10.5,R,super-game-improvement
23.5,88.9,200,Slice,Forgiveness,Inconsistent,Confidence-inspiring,10.5,R,super-game-improvement
10.1,120.0,287,Fade,Distance,Consistent,Forged/Blade-like,8,X,players-cb
12.6,92.2,226,Slice,Accuracy,Fat/Thin,Confidence-inspiring,10.5,R,super-game-improvement
0.0,120.0,292,Slice,Accuracy,Left/Right,No preference,8,X,players-cb
7.2,115.6,263,Fade,Distance,Consistent,No preference,8,X,players-cb
10.3,104.0,243,Fade,Accuracy,Inconsistent,No preference,9,S,players-distance
17.7,74.7,164,Straight,Accuracy,Inconsistent,Confidence-inspiring,12,A,super-game-improvement
8.5,100.5,219,Straight,Distance,Consistent,Confidence-inspiring,9,X,players-cb
12.4,92.4,215,Straight,Accuracy,Left/Right,Confidence-inspiring,10.5,R,game-improvement
6.0,102.1,246,Straight,Distance,Consistent,Forged/Blade-like,9,S,blade
18.5,82.8,198,Hook,Forgiveness,Consistent,Forged/Blade-like,10.5,A,players-cb
20.8,99.4,215,Slice,Forgiveness,Fat/Thin,No preference,10.5,S,super-game-improvement
20.6,101.8,231,Straight,Forgiveness,Consistent,No preference,10.5,S,game-improvement
17.1,106.1,254,Slice,Forgiveness,Fat/Thin,No preference,9,S,super-game-improvement
3.1,100.1,237,Draw,Distance,Inconsistent,No preference,9,S,players-cb
11.4,87.7,211,Straight,Forgiveness,Fat/Thin,Confidence-inspiring,10.5,R,super-game-improvement
13.3,100.5,249,Straight,Distance,Inconsistent,Confidence-inspiring,9,S,players-distance
13.4,114.4,250,Hook,Forgiveness,Inconsistent,Confidence-inspiring,9,X,super-game-improvement
17.7,94.7,219,Straight,Accuracy,Inconsistent,Confidence-inspiring,10.5,R,super-game-improvement
29.8,90.3,207,Slice,Accuracy,Fat/Thin,No preference,12,R,game-improvement
24.3,87.1,191,Slice,Accuracy,Fat/Thin,Confidence-inspiring,10.5,R,super-game-improvement
8.1,95.5,239,Fade,Accuracy,Consistent,No preference,12,A,players-cb
23.1,96.9,223,Slice,Forgiveness,Fat/Thin,Confidence-inspiring,10.5,R,super-game-improvement
22.8,89.4,217,Draw,Forgiveness,Inconsistent,Confidence-inspiring,10.5,R,super-game-improvement
9.7,103.4,250,Draw,Accuracy,Left/Right,Confidence-inspiring,9,X,players-distance
24.6,94.3,227,Straight,Forgiveness,Inconsistent,No preference,10.5,R,super-game-improvement
15.6,98.9,231,Straight,Accuracy,Fat/Thin,Forged/Blade-like,9,S,players-distance
4.3,108.7,250,Fade,Distance,Consistent,No preference,8,S,blade
21.1,83.1,182,Straight,Distance,Left/Right,Confidence-inspiring,10.5,A,super-game-improvement
19.0,83.9,200,Fade,Distance,Inconsistent,Forged/Blade-like,10.5,A,players-cb
15.0,95.4,230,Straight,Forgiveness,Fat/Thin,Forged/Blade-like,10.5,R,game-improvement
16.7,94.5,215,Straight,Distance,Inconsistent,Forged/Blade-like,10.5,R,players-cb
10.5,93.6,237,Slice,Accuracy,Inconsistent,Confidence-inspiring,10.5,R,game-improvement
22.5,93.1,206,Slice,Accuracy,Fat/Thin,Confidence-inspiring,10.5,R,super-game-improvement
16.6,103.8,243,Straight,Forgiveness,Consistent,No preference,9,S,players-distance
18.5,105.3,244,Draw,Accuracy,Consistent,No preference,9,S,players-cb
20.2,106.4,229,Straight,Accuracy,Inconsistent,No preference,9,S,game-improvement
6.6,88.4,210,Straight,Accuracy,Inconsistent,No preference,10.5,R,players-distance
9.0,88.3,231,Hook,Accuracy,Left/Right,Forged/Blade-like,10.5,R,players-cb
0.0,103.1,244,Draw,Distance,Consistent,Forged/Blade-like,9,S,players-cb
22.1,91.8,212,Slice,Accuracy,Fat/Thin,No preference,10.5,R,super-game-improvement
6.1,99.5,228,Fade,Accuracy,Consistent,No preference,9,S,players-cb
18.2,88.1,193,Hook,Distance,Inconsistent,Confidence-inspiring,10.5,R,super-game-improvement
20.3,89.2,190,Draw,Forgiveness,Inconsistent,Confidence-inspiring,10.5,R,super-game-improvement
22.4,95.6,223,Straight,Forgiveness,Fat/Thin,Forged/Blade-like,10.5,R,game-improvement
6.2,88.5,204,Fade,Forgiveness,Inconsistent,Forged/Blade-like,12,R,players-distance
16.4,118.3,284,Draw,Distance,Inconsistent,No preference,8,X,players-distance
32.0,84.4,178,Fade,Accuracy,Left/Right,Confidence-inspiring,10.5,R,super-game-improvement
32.4,94.5,205,Slice,Forgiveness,Fat/Thin,No preference,10.5,R,super-game-improvement
25.9,82.6,187,Straight,Distance,Left/Right,Confidence-inspiring,10.5,A,super-game-improvement
20.0,98.1,208,Slice,Accuracy,Fat/Thin,Confidence-inspiring,8,S,super-game-improvement
8.0,101.6,243,Fade,Distance,Consistent,Forged/Blade-like,9,S,players-cb
23.5,98.6,224,Slice,Accuracy,Inconsistent,Confidence-inspiring,9,S,super-game-improvement
15.6,93.4,226,Slice,Accuracy,Inconsistent,Forged/Blade-like,10.5,R,players-distance
22.0,106.6,231,Slice,Forgiveness,Left/Right,Confidence-inspiring,9,S,super-game-improvement
11.3,83.4,188,Straight,Distance,Left/Right,No preference,10.5,L,players-distance
15.4,105.0,249,Slice,Accuracy,Left/Right,No preference,9,S,players-distance
18.5,94.6,229,Straight,Accuracy,Left/Right,Confidence-inspiring,10.5,R,game-improvement
19.2,82.8,183,Hook,Forgiveness,Inconsistent,No preference,10.5,A,super-game-improvement
21.4,111.0,239,Slice,Forgiveness,Consistent,No preference,9,X,game-improvement
11.8,116.5,270,Slice,Accuracy,Fat/Thin,No preference,9,X,players-distance
4.9,81.9,188,Straight,Accuracy,Consistent,Forged/Blade-like,12,L,blade
31.6,86.3,190,Hook,Forgiveness,Fat/Thin,No preference,10.5,S,super-game-improvement
36.0,88.6,179,Hook,Forgiveness,Inconsistent,Confidence-inspiring,10.5,R,super-game-improvement
21.0,96.1,226,Slice,Accuracy,Fat/Thin,No preference,9,R,super-game-improvement
5.1,117.7,285,Straight,Distance,Consistent,No preference,8,X,blade
10.0,112.3,274,Fade,Forgiveness,Left/Right,Confidence-inspiring,9,X,game-improvement
21.6,94.0,190,Slice,Forgiveness,Left/Right,Confidence-inspiring,10.5,R,super-game-improvement
29.1,109.0,223,Slice,Accuracy,Fat/Thin,No preference,10.5,S,super-game-improvement
6.1,111.2,278,Straight,Distance,Consistent,No preference,8,X,players-cb
15.9,91.7,205,Draw,Forgiveness,Inconsistent,No preference,10.5,R,game-improvement
18.8,87.7,187,Fade,Accuracy,Fat/Thin,No preference,10.5,S,game-improvement
24.8,101.6,224,Hook,Accuracy,Left/Right,Confidence-inspiring,10.5,S,game-improvement
13.9,88.6,208,Draw,Distance,Inconsistent,Confidence-inspiring,10.5,R,super-game-improvement
2.9,99.9,241,Fade,Forgiveness,Inconsistent,Confidence-inspiring,10.5,S,game-improvement
22.6,88.2,202,Slice,Accuracy,Fat/Thin,Confidence-inspiring,10.5,R,super-game-improvement
27.1,91.1,204,Straight,Accuracy,Inconsistent,Confidence-inspiring,10.5,R,super-game-improvement
16.3,93.0,217,Straight,Forgiveness,Inconsistent,No preference,10.5,R,super-game-improvement
20.6,78.8,191,Slice,Forgiveness,Inconsistent,Confidence-inspiring,12,A,game-improvement
12.7,109.0,254,Straight,Forgiveness,Left/Right,No preference,9,S,game-improvement
9.4,95.6,226,Draw,Accuracy,Left/Right,No preference,10.5,R,players-cb
26.2,108.4,247,Straight,Forgiveness,Fat/Thin,Confidence-inspiring,10.5,S,super-game-improvement
20.5,95.1,220,Straight,Forgiveness,Inconsistent,Confidence-inspiring,10.5,R,super-game-improvement
21.4,104.1,227,Slice,Forgiveness,Consistent,Confidence-inspiring,9,S,game-improvement
30.5,91.6,198,Slice,Forgiveness,Fat/Thin,Confidence-inspiring,10.5,R,super-game-improvement
7.5,114.1,276,Hook,Accuracy,Left/Right,No preference,8,X,players-cb
12.0,103.5,237,Draw,Forgiveness,Left/Right,Confidence-inspiring,9,S,game-improvement
18.4,95.8,214,Fade,Accuracy,Inconsistent,Confidence-inspiring,10.5,R,game-improvement
11.9,108.8,242,Fade,Accuracy,Fat/Thin,No preference,8,S,players-distance
24.0,114.5,230,Draw,Forgiveness,Inconsistent,No preference,9,X,super-game-improvement
15.3,92.9,211,Straight,Forgiveness,Fat/Thin,No preference,10.5,R,super-game-improvement
8.1,108.4,259,Fade,Accuracy,Inconsistent,No preference,8,R,players-distance
17.6,94.0,206,Straight,Accuracy,Consistent,Confidence-inspiring,10.5,R,players-distance
18.5,98.5,237,Fade,Forgiveness,Left/Right,Forged/Blade-like,10.5,S,players-distance
25.4,89.1,189,Slice,Accuracy,Inconsistent,Confidence-inspiring,10.5,R,super-game-improvement
20.5,70.5,168,Slice,Forgiveness,Left/Right,No preference,12,L,game-improvement
21.2,89.6,206,Straight,Accuracy,Consistent,Confidence-inspiring,9,R,game-improvement
19.9,102.5,252,Hook,Distance,Left/Right,Forged/Blade-like,9,S,players-cb
15.3,87.9,208,Draw,Accuracy,Consistent,No preference,10.5,R,players-cb
10.6,108.0,241,Slice,Distance,Consistent,Confidence-inspiring,8,S,players-cb
19.6,94.5,224,Draw,Forgiveness,Inconsistent,Confidence-inspiring,10.5,R,super-game-improvement
14.0,94.6,235,Straight,Forgiveness,Inconsistent,No preference,10.5,R,super-game-improvement
32.2,93.2,185,Slice,Forgiveness,Left/Right,Forged/Blade-like,10.5,R,super-game-improvement
29.1,93.0,209,Straight,Forgiveness,Consistent,Confidence-inspiring,10.5,R,super-game-improvement
22.7,94.8,221,Slice,Forgiveness,Fat/Thin,Confidence-inspiring,10.5,R,super-game-improvement
20.4,102.3,230,Straight,Accuracy,Left/Right,Confidence-inspiring,9,R,game-improvement
16.2,97.0,202,Draw,Forgiveness,Consistent,Forged/Blade-like,10.5,S,players-cb
5.6,85.7,203,Fade,Distance,Consistent,Forged/Blade-like,10.5,R,blade
15.1,92.0,208,Straight,Forgiveness,Left/Right,Forged/Blade-like,10.5,R,players-distance
17.9,75.8,187,Slice,Forgiveness,Left/Right,Confidence-inspiring,12,L,super-game-improvement
19.1,99.6,226,Slice,Forgiveness,Consistent,Confidence-inspiring,10.5,S,game-improvement
21.2,100.5,223,Fade,Accuracy,Fat/Thin,No preference,8,S,players-distance
25.3,98.2,213,Fade,Distance,Inconsistent,No preference,10.5,S,game-improvement
10.8,103.5,246,Fade,Forgiveness,Consistent,Forged/Blade-like,9,S,players-cb
10.9,108.3,255,Draw,Accuracy,Inconsistent,Forged/Blade-like,8,R,players-cb
30.1,69.8,145,Slice,Forgiveness,Fat/Thin,Confidence-inspiring,12,L,super-game-improvement
23.9,88.7,201,Slice,Forgiveness,Fat/Thin,Confidence-inspiring,10.5,R,super-game-improvement
13.5,82.7,188,Slice,Forgiveness,Fat/Thin,Forged/Blade-like,12,A,game-improvement
16.0,91.5,188,Fade,Forgiveness,Fat/Thin,No preference,10.5,R,super-game-improvement
16.1,111.2,262,Fade,Forgiveness,Left/Right,Forged/Blade-like,8,X,players-distance
17.3,105.2,247,Straight,Distance,Left/Right,No preference,9,S,players-distance
21.3,98.1,223,Straight,Accuracy,Fat/Thin,Confidence-inspiring,9,S,super-game-improvement
36.0,79.7,165,Fade,Forgiveness,Left/Right,No preference,12,L,super-game-improvement
18.7,83.3,189,Straight,Accuracy,Left/Right,Confidence-inspiring,10.5,A,game-improvement
23.0,92.2,214,Slice,Distance,Fat/Thin,No preference,10.5,R,super-game-improvement
1.8,115.9,276,Draw,Distance,Left/Right,No preference,8,X,players-cb
12.6,101.5,245,Straight,Distance,Inconsistent,No preference,10.5,S,game-improvement
28.1,71.0,143,Slice,Forgiveness,Inconsistent,Confidence-inspiring,12,L,super-game-improvement
20.6,93.0,212,Straight,Distance,Left/Right,Confidence-inspiring,10.5,R,super-game-improvement
0.0,86.9,213,Straight,Accuracy,Consistent,No preference,10.5,R,blade
23.1,98.3,229,Draw,Forgiveness,Inconsistent,No preference,10.5,S,super-game-improvement
34.3,75.7,154,Fade,Accuracy,Fat/Thin,Confidence-inspiring,12,A,super-game-improvement
0.0,93.8,223,Fade,Distance,Consistent,No preference,10.5,R,blade
30.7,93.3,190,Straight,Forgiveness,Fat/Thin,Forged/Blade-like,12,R,super-game-improvement
0.0,111.6,268,Slice,Accuracy,Left/Right,Forged/Blade-like,8,X,blade
25.4,91.1,205,Slice,Forgiveness,Consistent,Confidence-inspiring,10.5,R,super-game-improvement
16.9,116.4,251,Slice,Accuracy,Inconsistent,Confidence-inspiring,8,X,game-improvement
0.0,112.3,271,Fade,Distance,Inconsistent,Forged/Blade-like,9,X,blade
21.0,85.3,198,Straight,Forgiveness,Consistent,Confidence-inspiring,10.5,R,super-game-improvement
27.4,92.6,203,Draw,Forgiveness,Fat/Thin,Forged/Blade-like,10.5,R,game-improvement
20.3,89.3,203,Fade,Forgiveness,Inconsistent,Confidence-inspiring,9,R,game-improvement
22.3,103.5,219,Straight,Accuracy,Inconsistent,Forged/Blade-like,9,S,players-cb
13.3,99.8,232,Fade,Forgiveness,Left/Right,Forged/Blade-like,10.5,S,players-distance
0.2,109.7,269,Hook,Distance,Fat/Thin,Forged/Blade-like,8,S,blade
23.2,75.8,168,Straight,Accuracy,Inconsistent,Confidence-inspiring,10.5,A,super-game-improvement
32.7,84.4,183,Straight,Distance,Fat/Thin,Confidence-inspiring,10.5,R,super-game-improvement
27.2,86.9,189,Slice,Forgiveness,Inconsistent,No preference,10.5,R,super-game-improvement
0.0,95.8,231,Straight,Accuracy,Left/Right,Forged/Blade-like,10.5,R,blade
3.4,101.5,236,Straight,Accuracy,Consistent,No preference,10.5,S,blade
9.4,104.0,255,Fade,Distance,Consistent,Forged/Blade-like,9,S,players-cb
2.7,104.1,241,Hook,Distance,Fat/Thin,Confidence-inspiring,9,S,players-cb
17.4,80.0,185,Slice,Forgiveness,Left/Right,Confidence-inspiring,12,A,super-game-improvement
20.5,89.3,219,Fade,Distance,Left/Right,Confidence-inspiring,10.5,R,super-game-improvement
4.1,98.5,248,Straight,Accuracy,Consistent,Confidence-inspiring,9,S,players-cb
24.0,91.6,209,Draw,Distance,Inconsistent,Confidence-inspiring,9,R,super-game-improvement
22.4,91.6,208,Slice,Distance,Inconsistent,Confidence-inspiring,10.5,R,super-game-improvement
12.1,93.7,218,Slice,Forgiveness,Left/Right,Confidence-inspiring,10.5,R,super-game-improvement
15.4,91.0,202,Slice,Accuracy,Consistent,No preference,10.5,R,players-distance
0.0,106.7,259,Straight,Distance,Consistent,No preference,9,S,blade
14.0,106.1,252,Slice,Forgiveness,Consistent,Confidence-inspiring,9,S,game-improvement
17.1,97.2,227,Draw,Forgiveness,Consistent,Confidence-inspiring,10.5,S,game-improvement
18.5,107.7,253,Fade,Accuracy,Left/Right,Confidence-inspiring,9,S,players-distance
20.4,103.5,246,Fade,Distance,Inconsistent,Confidence-inspiring,10.5,X,game-improvement
19.2,107.9,244,Draw,Accuracy,Left/Right,No preference,9,S,game-improvement
14.6,109.8,256,Straight,Accuracy,Fat/Thin,Confidence-inspiring,8,S,game-improvement
19.6,108.3,229,Draw,Accuracy,Left/Right,No preference,8,S,players-distance
26.0,76.8,190,Straight,Forgiveness,Inconsistent,Confidence-inspiring,12,A,super-game-improvement
16.1,101.5,230,Straight,Accuracy,Left/Right,Forged/Blade-like,9,S,players-cb
19.9,104.7,244,Draw,Forgiveness,Fat/Thin,Forged/Blade-like,9,S,players-distance
15.3,109.6,250,Slice,Accuracy,Inconsistent,Confidence-inspiring,8,S,game-improvement
11.2,90.7,209,Slice,Accuracy,Left/Right,Forged/Blade-like,10.5,R,players-cb
21.7,97.8,218,Straight,Forgiveness,Inconsistent,Confidence-inspiring,10.5,S,super-game-improvement
12.0,98.6,220,Draw,Forgiveness,Inconsistent,Confidence-inspiring,10.5,S,super-game-improvement
20.5,110.5,228,Slice,Distance,Left/Right,Confidence-inspiring,9,X,game-improvement
17.3,80.4,195,Straight,Distance,Fat/Thin,Confidence-inspiring,12,A,game-improvement
14.3,88.6,211,Fade,Forgiveness,Fat/Thin,Confidence-inspiring,10.5,R,super-game-improvement
14.0,78.4,174,Straight,Forgiveness,Consistent,Confidence-inspiring,12,A,game-improvement
12.4,99.0,236,Fade,Forgiveness,Consistent,No preference,10.5,R,players-distance
2.2,120.0,299,Straight,Accuracy,Consistent,No preference,8,X,blade
20.4,91.7,202,Straight,Forgiveness,Inconsistent,No preference,10.5,R,game-improvement
19.1,94.0,218,Fade,Forgiveness,Left/Right,Forged/Blade-like,10.5,R,players-distance
24.6,94.8,220,Slice,Distance,Fat/Thin,No preference,10.5,R,super-game-improvement
12.2,96.5,213,Fade,Forgiveness,Fat/Thin,Forged/Blade-like,10.5,R,game-improvement
34.1,86.5,190,Slice,Forgiveness,Consistent,Confidence-inspiring,10.5,R,super-game-improvement
13.6,100.7,238,Fade,Forgiveness,Left/Right,Confidence-inspiring,10.5,S,super-game-improvement
9.1,91.4,233,Straight,Accuracy,Inconsistent,No preference,9,R,players-distance
8.1,99.6,242,Draw,Distance,Consistent,No preference,9,S,players-cb
1.4,112.5,271,Slice,Distance,Consistent,No preference,8,X,blade
30.8,94.3,202,Fade,Forgiveness,Fat/Thin,Confidence-inspiring,10.5,R,super-game-improvement
29.3,99.1,235,Slice,Forgiveness,Fat/Thin,Confidence-inspiring,10.5,X,super-game-improvement
22.4,94.1,208,Hook,Distance,Fat/Thin,No preference,10.5,R,game-improvement
8.9,103.5,251,Fade,Accuracy,Consistent,No preference,9,S,players-cb
33.3,90.9,193,Slice,Forgiveness,Inconsistent,Forged/Blade-like,10.5,R,super-game-improvement
13.8,90.7,221,Slice,Forgiveness,Left/Right,Confidence-inspiring,10.5,R,game-improvement
14.6,89.7,218,Slice,Forgiveness,Fat/Thin,Confidence-inspiring,10.5,R,super-game-improvement
29.9,84.4,184,Straight,Forgiveness,Fat/Thin,Confidence-inspiring,10.5,R,super-game-improvement
22.9,77.7,171,Slice,Accuracy,Fat/Thin,No preference,12,R,super-game-improvement
36.0,85.6,178,Fade,Forgiveness,Fat/Thin,Confidence-inspiring,10.5,R,super-game-improvement
19.2,103.4,220,Straight,Forgiveness,Consistent,No preference,9,X,players-distance
13.4,89.8,210,Draw,Distance,Inconsistent,No preference,10.5,R,players-distance
11.5,102.5,241,Fade,Accuracy,Left/Right,Confidence-inspiring,9,S,players-distance
0.4,99.4,236,Fade,Distance,Left/Right,No preference,9,S,players-cb
14.5,86.0,183,Slice,Forgiveness,Left/Right,Forged/Blade-like,10.5,A,game-improvement
27.3,108.0,240,Straight,Accuracy,Inconsistent,No preference,10.5,S,game-improvement
22.4,80.7,184,Fade,Distance,Left/Right,Confidence-inspiring,12,A,super-game-improvement
17.2,81.5,191,Fade,Forgiveness,Left/Right,No preference,12,A,game-improvement
8.0,102.7,235,Straight,Accuracy,Fat/Thin,Forged/Blade-like,9,S,players-cb
19.0,95.8,222,Fade,Forgiveness,Consistent,Forged/Blade-like,10.5,R,players-cb
26.1,94.9,209,Hook,Accuracy,Consistent,Forged/Blade-like,10.5,R,players-cb
20.9,111.8,261,Fade,Forgiveness,Fat/Thin,No preference,9,X,super-game-improvement
18.5,85.6,187,Hook,Accuracy,Fat/Thin,Forged/Blade-like,10.5,R,players-cb
9.8,93.6,231,Slice,Accuracy,Left/Right,Confidence-inspiring,10.5,S,game-improvement
24.8,105.2,248,Slice,Forgiveness,Fat/Thin,Confidence-inspiring,10.5,S,super-game-improvement
0.0,115.4,284,Straight,Accuracy,Consistent,Forged/Blade-like,8,X,blade
20.4,100.1,230,Straight,Distance,Fat/Thin,No preference,10.5,S,game-improvement
36.0,75.6,168,Slice,Accuracy,Fat/Thin,Confidence-inspiring,12,A,super-game-improvement
3.4,114.9,269,Draw,Distance,Consistent,No preference,8,X,blade
14.8,104.0,237,Draw,Forgiveness,Fat/Thin,Forged/Blade-like,9,S,players-distance
16.9,96.4,223,Straight,Accuracy,Inconsistent,No preference,9,R,game-improvement
12.8,91.4,232,Straight,Accuracy,Left/Right,Forged/Blade-like,10.5,R,players-cb
26.3,89.2,187,Fade,Distance,Inconsistent,Confidence-inspiring,10.5,R,super-game-improvement
21.3,108.0,259,Hook,Forgiveness,Fat/Thin,Confidence-inspiring,8,S,super-game-improvement
18.4,82.5,187,Draw,Distance,Left/Right,Forged/Blade-like,12,L,players-cb
24.2,81.5,182,Draw,Accuracy,Fat/Thin,Confidence-inspiring,10.5,A,super-game-improvement
17.2,88.0,213,Straight,Accuracy,Fat/Thin,Forged/Blade-like,10.5,R,players-distance
36.0,77.4,183,Slice,Forgiveness,Fat/Thin,Confidence-inspiring,12,A,game-improvement
18.4,93.3,217,Slice,Accuracy,Fat/Thin,No preference,10.5,R,game-improvement
18.8,102.8,245,Draw,Accuracy,Inconsistent,Forged/Blade-like,9,S,players-cb
1.6,109.5,258,Straight,Distance,Inconsistent,Confidence-inspiring,8,S,players-cb
12.1,98.4,226,Straight,Forgiveness,Consistent,Forged/Blade-like,10.5,S,players-distance
27.3,90.2,187,Straight,Forgiveness,Left/Right,Confidence-inspiring,10.5,R,super-game-improvement
5.0,108.8,257,Draw,Distance,Consistent,Confidence-inspiring,8,S,blade
0.0,89.2,224,Fade,Forgiveness,Fat/Thin,No preference,10.5,R,players-distance
17.3,105.0,243,Straight,Distance,Fat/Thin,No preference,9,S,players-distance
29.3,77.8,186,Slice,Distance,Left/Right,No preference,12,A,super-game-improvement
17.4,89.7,224,Fade,Accuracy,Inconsistent,Confidence-inspiring,10.5,R,game-improvement
14.0,99.9,231,Fade,Accuracy,Left/Right,Forged/Blade-like,9,S,players-cb
0.3,105.0,251,Fade,Accuracy,Left/Right,No preference,9,S,players-cb
21.1,96.5,229,Fade,Distance,Consistent,No preference,9,R,players-distance
23.0,91.8,217,Straight,Forgiveness,Left/Right,Forged/Blade-like,10.5,R,game-improvement
1.0,102.4,254,Straight,Distance,Consistent,Forged/Blade-like,9,S,blade
27.2,102.8,233,Straight,Distance,Left/Right,Confidence-inspiring,10.5,S,game-improvement
23.9,96.8,221,Fade,Forgiveness,Left/Right,Confidence-inspiring,10.5,R,super-game-improvement
27.2,90.5,191,Slice,Forgiveness,Fat/Thin,No preference,10.5,R,super-game-improvement
22.3,97.8,209,Straight,Forgiveness,Consistent,Confidence-inspiring,10.5,S,super-game-improvement
22.9,83.4,187,Fade,Forgiveness,Left/Right,Confidence-inspiring,10.5,A,super-game-improvement
21.7,113.0,253,Hook,Forgiveness,Inconsistent,Confidence-inspiring,9,X,super-game-improvement
24.8,78.3,177,Straight,Accuracy,Fat/Thin,No preference,12,A,super-game-improvement
0.6,106.7,260,Draw,Accuracy,Inconsistent,Forged/Blade-like,9,S,blade
3.5,100.8,228,Fade,Distance,Consistent,Forged/Blade-like,9,S,blade
10.4,95.7,206,Straight,Forgiveness,Inconsistent,No preference,10.5,R,game-improvement
15.8,90.7,216,Fade,Accuracy,Left/Right,Confidence-inspiring,10.5,R,game-improvement
20.5,84.3,185,Hook,Forgiveness,Inconsistent,No preference,10.5,R,super-game-improvement
19.9,104.4,235,Slice,Distance,Fat/Thin,No preference,9,R,game-improvement
27.1,75.5,162,Fade,Forgiveness,Left/Right,Confidence-inspiring,12,A,super-game-improvement
27.3,97.3,206,Slice,Distance,Fat/Thin,Confidence-inspiring,10.5,S,super-game-improvement
9.1,106.3,243,Straight,Distance,Fat/Thin,Forged/Blade-like,9,S,players-cb
19.1,89.2,212,Draw,Distance,Left/Right,Forged/Blade-like,10.5,R,players-cb
9.4,104.9,246,Fade,Accuracy,Consistent,Forged/Blade-like,9,S,players-cb
15.3,94.0,223,Draw,Forgiveness,Inconsistent,No preference,10.5,R,game-improvement
19.9,81.5,192,Slice,Distance,Left/Right,Confidence-inspiring,10.5,A,game-improvement
0.0,95.1,236,Straight,Forgiveness,Left/Right,No preference,10.5,R,players-distance
36.0,88.1,195,Fade,Forgiveness,Fat/Thin,Confidence-inspiring,10.5,R,game-improvement
22.1,97.0,218,Straight,Forgiveness,Inconsistent,Confidence-inspiring,10.5,S,super-game-improvement
11.6,100.5,248,Slice,Forgiveness,Left/Right,Confidence-inspiring,10.5,S,game-improvement
34.3,78.8,176,Slice,Forgiveness,Inconsistent,No preference,12,A,super-game-improvement
13.9,94.6,229,Fade,Distance,Left/Right,Confidence-inspiring,10.5,R,game-improvement
18.2,90.4,198,Straight,Forgiveness,Consistent,No preference,10.5,R,players-distance
12.6,80.0,189,Slice,Distance,Left/Right,No preference,12,A,players-distance
31.9,84.9,167,Straight,Distance,Left/Right,No preference,10.5,R,super-game-improvement
16.1,100.3,244,Slice,Accuracy,Inconsistent,Forged/Blade-like,9,S,players-distance
18.3,94.2,210,Fade,Forgiveness,Fat/Thin,Confidence-inspiring,12,R,super-game-improvement
27.8,104.8,226,Draw,Accuracy,Fat/Thin,Confidence-inspiring,10.5,S,super-game-improvement
22.3,80.8,169,Slice,Accuracy,Fat/Thin,No preference,12,A,super-game-improvement
16.5,88.2,203,Draw,Distance,Left/Right,No preference,10.5,R,players-distance
27.0,89.0,194,Draw,Accuracy,Inconsistent,Confidence-inspiring,10.5,R,super-game-improvement
36.0,84.0,195,Slice,Forgiveness,Left/Right,Confidence-inspiring,10.5,R,super-game-improvement
19.9,73.5,175,Straight,Accuracy,Consistent,Forged/Blade-like,12,A,players-cb
18.1,99.7,223,Straight,Forgiveness,Inconsistent,No preference,10.5,S,super-game-improvement
18.5,95.9,204,Straight,Accuracy,Fat/Thin,No preference,10.5,R,game-improvement
28.8,65.2,122,Slice,Accuracy,Fat/Thin,Confidence-inspiring,12,L,game-improvement
11.6,96.9,218,Fade,Accuracy,Left/Right,Confidence-inspiring,8,R,players-distance
14.5,88.1,192,Hook,Accuracy,Consistent,Forged/Blade-like,10.5,R,players-cb
3.2,99.3,244,Straight,Distance,Consistent,No preference,9,S,blade
6.3,88.3,210,Fade,Accuracy,Consistent,Forged/Blade-like,10.5,R,blade
12.3,101.8,238,Fade,Distance,Left/Right,No preference,9,S,game-improvement
16.5,112.4,250,Fade,Forgiveness,Inconsistent,Forged/Blade-like,9,S,players-distance
32.9,86.3,187,Fade,Forgiveness,Left/Right,Confidence-inspiring,10.5,R,super-game-improvement
21.8,69.6,144,Slice,Forgiveness,Fat/Thin,Confidence-inspiring,12,L,super-game-improvement
8.8,102.9,243,Slice,Accuracy,Left/Right,Forged/Blade-like,9,S,players-cb
10.4,97.0,236,Slice,Forgiveness,Fat/Thin,Confidence-inspiring,10.5,S,super-game-improvement
29.4,75.0,161,Fade,Distance,Inconsistent,Forged/Blade-like,12,A,game-improvement
27.1,91.1,205,Draw,Distance,Left/Right,Confidence-inspiring,10.5,R,game-improvement
17.3,103.0,219,Slice,Forgiveness,Left/Right,Confidence-inspiring,9,S,super-game-improvement
13.0,90.5,193,Slice,Distance,Inconsistent,Forged/Blade-like,10.5,R,players-distance
27.1,71.1,160,Slice,Accuracy,Fat/Thin,Confidence-inspiring,12,L,super-game-improvement
8.1,80.4,201,Fade,Distance,Consistent,Confidence-inspiring,12,L,players-cb
20.5,85.4,191,Hook,Forgiveness,Left/Right,Forged/Blade-like,10.5,R,game-improvement
36.0,80.0,189,Straight,Accuracy,Inconsistent,Confidence-inspiring,12,A,super-game-improvement
18.8,88.1,188,Straight,Forgiveness,Left/Right,Confidence-inspiring,10.5,R,super-game-improvement
10.0,92.4,212,Slice,Distance,Fat/Thin,Confidence-inspiring,10.5,R,game-improvement
20.7,97.6,222,Slice,Forgiveness,Inconsistent,No preference,10.5,S,super-game-improvement
12.8,101.9,242,Hook,Accuracy,Inconsistent,Confidence-inspiring,9,S,game-improvement
4.5,104.9,248,Draw,Accuracy,Consistent,Forged/Blade-like,9,S,blade
23.3,98.3,211,Straight,Forgiveness,Fat/Thin,Confidence-inspiring,10.5,S,game-improvement
27.1,81.0,184,Slice,Forgiveness,Left/Right,Confidence-inspiring,12,A,super-game-improvement
14.2,85.4,200,Straight,Accuracy,Inconsistent,No preference,10.5,R,game-improvement
13.6,91.5,210,Slice,Forgiveness,Fat/Thin,Confidence-inspiring,10.5,R,super-game-improvement
8.3,94.4,229,Fade,Accuracy,Fat/Thin,No preference,10.5,R,game-improvement
15.7,74.8,171,Fade,Distance,Consistent,Forged/Blade-like,12,R,players-cb
11.9,92.5,215,Slice,Accuracy,Left/Right,No preference,10.5,R,players-distance
7.9,111.7,264,Slice,Accuracy,Inconsistent,No preference,9,X,players-distance
34.0,90.9,188,Slice,Distance,Inconsistent,Confidence-inspiring,10.5,R,super-game-improvement
21.2,96.8,210,Fade,Forgiveness,Inconsistent,Confidence-inspiring,10.5,R,super-game-improvement
22.2,92.2,203,Draw,Forgiveness,Inconsistent,No preference,10.5,R,super-game-improvement
25.0,103.5,231,Slice,Forgiveness,Fat/Thin,Confidence-inspiring,10.5,S,super-game-improvement
23.9,79.1,160,Fade,Forgiveness,Fat/Thin,Confidence-inspiring,10.5,A,super-game-improvement
13.3,87.3,212,Draw,Accuracy,Left/Right,No preference,10.5,R,players-distance
19.5,104.0,237,Draw,Distance,Left/Right,No preference,9,S,players-distance
14.6,96.3,214,Straight,Distance,Fat/Thin,No preference,9,R,game-improvement
20.9,85.1,207,Fade,Forgiveness,Left/Right,Confidence-inspiring,10.5,R,super-game-improvement
20.1,97.9,223,Draw,Accuracy,Inconsistent,Confidence-inspiring,8,S,super-game-improvement
13.6,92.4,203,Draw,Accuracy,Left/Right,No preference,10.5,R,players-distance
5.0,94.2,241,Draw,Forgiveness,Inconsistent,Confidence-inspiring,10.5,R,game-improvement
18.3,84.9,206,Slice,Distance,Consistent,No preference,10.5,R,players-distance
15.2,98.9,221,Straight,Accuracy,Fat/Thin,Confidence-inspiring,9,S,super-game-improvement
0.0,108.1,262,Hook,Accuracy,Consistent,Forged/Blade-like,8,S,blade
21.6,106.5,236,Slice,Accuracy,Fat/Thin,Confidence-inspiring,10.5,S,super-game-improvement
25.7,85.6,173,Hook,Accuracy,Inconsistent,Forged/Blade-like,10.5,R,game-improvement
36.0,78.4,170,Fade,Forgiveness,Fat/Thin,Forged/Blade-like,12,A,super-game-improvement
13.5,111.2,267,Slice,Distance,Consistent,Forged/Blade-like,8,X,players-cb
12.2,107.6,258,Slice,Forgiveness,Left/Right,Confidence-inspiring,9,S,super-game-improvement
7.0,102.7,245,Fade,Forgiveness,Consistent,No preference,9,S,players-cb
18.9,77.5,185,Fade,Distance,Inconsistent,No preference,12,A,game-improvement
18.8,85.1,184,Fade,Accuracy,Left/Right,Forged/Blade-like,10.5,R,players-distance
9.7,88.9,226,Straight,Forgiveness,Consistent,Forged/Blade-like,10.5,R,players-distance
15.4,95.9,215,Fade,Distance,Left/Right,Forged/Blade-like,10.5,A,blade
0.0,100.9,241,Slice,Forgiveness,Consistent,No preference,10.5,S,blade
25.3,104.8,228,Straight,Forgiveness,Inconsistent,Confidence-inspiring,10.5,S,game-improvement
10.1,83.4,191,Slice,Distance,Left/Right,Confidence-inspiring,10.5,A,game-improvement
16.7,83.0,189,Slice,Accuracy,Consistent,Forged/Blade-like,10.5,A,players-cb
4.2,105.6,253,Fade,Forgiveness,Left/Right,Forged/Blade-like,9,S,players-cb
11.8,103.2,243,Straight,Forgiveness,Fat/Thin,Forged/Blade-like,9,S,players-cb
14.5,70.3,156,Fade,Accuracy,Inconsistent,No preference,12,L,game-improvement
16.9,77.2,179,Draw,Distance,Inconsistent,Confidence-inspiring,12,A,super-game-improvement
21.3,88.9,191,Fade,Forgiveness,Left/Right,Confidence-inspiring,10.5,R,super-game-improvement
30.0,99.2,223,Straight,Distance,Left/Right,Confidence-inspiring,10.5,S,super-game-improvement
23.6,108.8,250,Slice,Accuracy,Consistent,Confidence-inspiring,8,S,game-improvement
25.7,84.4,187,Draw,Accuracy,Fat/Thin,Confidence-inspiring,10.5,R,super-game-improvement
30.0,83.9,177,Slice,Forgiveness,Left/Right,Confidence-inspiring,10.5,A,super-game-improvement
22.1,82.6,189,Straight,Accuracy,Left/Right,Confidence-inspiring,10.5,A,super-game-improvement
16.7,101.0,224,Straight,Forgiveness,Left/Right,Forged/Blade-like,10.5,S,players-distance
26.1,103.5,230,Straight,Forgiveness,Fat/Thin,Confidence-inspiring,10.5,S,super-game-improvement
26.7,100.4,220,Fade,Forgiveness,Left/Right,Confidence-inspiring,10.5,S,super-game-improvement
22.8,90.2,226,Draw,Forgiveness,Fat/Thin,Forged/Blade-like,9,A,game-improvement
3.9,95.0,218,Straight,Accuracy,Left/Right,No preference,10.5,R,players-cb
9.4,99.7,212,Fade,Accuracy,Consistent,Forged/Blade-like,9,S,players-cb
14.5,109.9,249,Draw,Forgiveness,Fat/Thin,Forged/Blade-like,9,S,players-distance
24.0,85.7,176,Draw,Forgiveness,Left/Right,Confidence-inspiring,10.5,R,super-game-improvement
16.8,76.4,169,Fade,Accuracy,Inconsistent,No preference,12,A,game-improvement
27.2,83.9,173,Straight,Forgiveness,Fat/Thin,Confidence-inspiring,10.5,A,super-game-improvement
28.8,83.6,175,Slice,Forgiveness,Left/Right,No preference,10.5,A,super-game-improvement
27.8,68.9,142,Slice,Forgiveness,Left/Right,Confidence-inspiring,10.5,L,super-game-improvement
27.8,89.4,205,Draw,Accuracy,Inconsistent,Confidence-inspiring,10.5,R,game-improvement
7.7,105.8,251,Straight,Accuracy,Consistent,Confidence-inspiring,9,S,players-cb
21.3,110.1,258,Slice,Forgiveness,Fat/Thin,Confidence-inspiring,9,X,super-game-improvement
11.5,84.9,200,Draw,Distance,Fat/Thin,No preference,10.5,R,players-distance
2.2,111.8,280,Fade,Accuracy,Left/Right,Forged/Blade-like,8,X,blade
14.4,105.9,243,Draw,Forgiveness,Left/Right,Confidence-inspiring,9,S,game-improvement
28.9,91.5,215,Slice,Accuracy,Inconsistent,Confidence-inspiring,10.5,R,super-game-improvement
21.1,81.6,189,Slice,Distance,Left/Right,No preference,12,A,super-game-improvement
35.2,71.4,145,Straight,Forgiveness,Inconsistent,Confidence-inspiring,10.5,L,super-game-improvement
18.6,94.3,221,Straight,Distance,Fat/Thin,Forged/Blade-like,10.5,R,players-distance
36.0,82.4,175,Straight,Forgiveness,Fat/Thin,Confidence-inspiring,10.5,A,super-game-improvement
18.6,87.8,199,Draw,Forgiveness,Left/Right,No preference,10.5,R,game-improvement
17.2,107.2,247,Slice,Forgiveness,Inconsistent,Confidence-inspiring,9,X,super-game-improvement
5.5,98.3,243,Fade,Distance,Left/Right,Forged/Blade-like,9,S,blade
27.0,68.7,133,Draw,Distance,Fat/Thin,Confidence-inspiring,12,L,super-game-improvement
12.5,95.3,220,Fade,Accuracy,Fat/Thin,No preference,10.5,R,game-improvement
11.2,103.2,249,Hook,Accuracy,Fat/Thin,No preference,9,S,players-cb
28.5,90.0,200,Straight,Distance,Left/Right,Confidence-inspiring,10.5,R,game-improvement
27.4,90.7,190,Slice,Forgiveness,Fat/Thin,Confidence-inspiring,10.5,R,super-game-improvement
27.2,102.4,205,Fade,Distance,Fat/Thin,Confidence-inspiring,10.5,S,super-game-improvement
13.7,85.5,214,Straight,Distance,Inconsistent,No preference,10.5,R,game-improvement
16.5,90.5,207,Draw,Forgiveness,Left/Right,No preference,9,R,game-improvement
16.5,110.2,267,Draw,Accuracy,Left/Right,Forged/Blade-like,8,X,players-cb
24.0,70.0,164,Draw,Forgiveness,Fat/Thin,No preference,12,L,super-game-improvement
31.0,84.4,176,Draw,Forgiveness,Fat/Thin,Confidence-inspiring,10.5,R,super-game-improvement
20.3,104.5,214,Straight,Forgiveness,Left/Right,Confidence-inspiring,9,S,super-game-improvement
34.8,94.5,198,Slice,Forgiveness,Fat/Thin,No preference,10.5,R,super-game-improvement
25.1,95.5,212,Fade,Accuracy,Fat/Thin,No preference,10.5,R,game-improvement
14.9,102.7,242,Hook,Forgiveness,Left/Right,Confidence-inspiring,9,S,game-improvement
24.5,78.9,166,Straight,Distance,Fat/Thin,Confidence-inspiring,12,R,super-game-improvement
32.4,97.7,212,Slice,Forgiveness,Fat/Thin,Confidence-inspiring,10.5,S,super-game-improvement
35.0,70.2,151,Straight,Forgiveness,Left/Right,Confidence-inspiring,12,L,super-game-improvement
27.7,75.8,176,Slice,Forgiveness,Fat/Thin,No preference,12,A,super-game-improvement
17.2,98.2,223,Straight,Accuracy,Left/Right,Forged/Blade-like,9,S,players-cb
15.0,90.9,214,Draw,Accuracy,Left/Right,No preference,10.5,R,players-distance
22.2,93.0,212,Slice,Forgiveness,Inconsistent,No preference,10.5,R,game-improvement
32.1,88.5,199,Straight,Distance,Left/Right,Confidence-inspiring,10.5,R,super-game-improvement
20.9,109.6,241,Slice,Forgiveness,Fat/Thin,Confidence-inspiring,9,S,super-game-improvement
21.1,96.0,189,Slice,Distance,Fat/Thin,Confidence-inspiring,10.5,R,super-game-improvement
17.5,87.9,199,Hook,Forgiveness,Fat/Thin,Confidence-inspiring,10.5,R,game-improvement
14.0,103.2,238,Draw,Accuracy,Left/Right,Confidence-inspiring,10.5,S,players-distance
15.5,87.1,191,Fade,Accuracy,Fat/Thin,No preference,10.5,R,game-improvement
18.2,102.8,221,Fade,Accuracy,Consistent,Confidence-inspiring,9,R,players-cb
32.5,84.5,177,Slice,Accuracy,Fat/Thin,Confidence-inspiring,10.5,R,super-game-improvement
14.8,99.9,230,Straight,Distance,Left/Right,Confidence-inspiring,9,S,game-improvement
17.5,76.3,176,Draw,Accuracy,Left/Right,No preference,12,A,game-improvement
9.2,77.2,162,Fade,Accuracy,Consistent,Forged/Blade-like,12,R,players-cb
23.4,75.1,152,Hook,Forgiveness,Left/Right,Confidence-inspiring,12,A,super-game-improvement
29.3,103.5,236,Slice,Accuracy,Inconsistent,Confidence-inspiring,10.5,S,super-game-improvement
31.6,73.0,156,Slice,Forgiveness,Left/Right,Confidence-inspiring,10.5,A,super-game-improvement
18.8,100.5,229,Slice,Forgiveness,Left/Right,Confidence-inspiring,12,S,super-game-improvement
22.2,84.5,178,Fade,Forgiveness,Left/Right,No preference,10.5,R,super-game-improvement
15.6,93.0,215,Fade,Distance,Consistent,Forged/Blade-like,10.5,R,players-cb
21.8,90.7,201,Hook,Forgiveness,Inconsistent,Confidence-inspiring,10.5,R,super-game-improvement
19.8,109.0,242,Slice,Distance,Left/Right,No preference,8,S,players-distance
17.5,99.9,216,Fade,Distance,Fat/Thin,Confidence-inspiring,9,S,players-distance
18.2,97.5,215,Slice,Forgiveness,Fat/Thin,Confidence-inspiring,10.5,X,super-game-improvement
21.1,104.6,254,Straight,Forgiveness,Inconsistent,No preference,9,S,super-game-improvement
14.4,89.9,205,Slice,Distance,Consistent,Confidence-inspiring,10.5,R,players-distance
14.8,106.6,254,Draw,Distance,Consistent,No preference,9,S,players-cb
32.4,93.0,199,Slice,Distance,Fat/Thin,Confidence-inspiring,10.5,A,super-game-improvement
36.0,90.4,189,Slice,Distance,Inconsistent,Confidence-inspiring,10.5,R,super-game-improvement
6.2,100.2,234,Draw,Distance,Consistent,Forged/Blade-like,9,S,blade
5.7,97.8,247,Fade,Forgiveness,Left/Right,Forged/Blade-like,10.5,S,players-cb
8.4,91.6,221,Straight,Accuracy,Consistent,Forged/Blade-like,10.5,R,players-cb
16.1,87.0,193,Hook,Distance,Inconsistent,No preference,10.5,R,players-distance
25.1,79.8,174,Slice,Forgiveness,Left/Right,Confidence-inspiring,12,A,super-game-improvement
22.3,94.5,222,Straight,Forgiveness,Inconsistent,Confidence-inspiring,10.5,R,super-game-improvement
18.5,91.1,182,Straight,Accuracy,Consistent,No preference,10.5,R,players-distance
21.8,95.5,218,Slice,Forgiveness,Left/Right,Confidence-inspiring,12,R,game-improvement
10.8,103.5,248,Fade,Forgiveness,Fat/Thin,No preference,9,S,game-improvement
14.8,85.3,191,Fade,Distance,Inconsistent,Confidence-inspiring,10.5,R,game-improvement
16.8,83.7,194,Fade,Forgiveness,Left/Right,Forged/Blade-like,10.5,A,players-distance
2.7,101.9,252,Straight,Accuracy,Fat/Thin,Forged/Blade-like,9,S,players-cb
6.5,93.8,213,Straight,Accuracy,Inconsistent,No preference,10.5,R,players-distance
6.9,92.5,228,Straight,Forgiveness,Inconsistent,No preference,10.5,R,game-improvement
23.9,106.7,241,Fade,Distance,Left/Right,Confidence-inspiring,9,S,game-improvement
19.2,77.6,175,Fade,Accuracy,Inconsistent,No preference,12,A,game-improvement
22.5,110.9,250,Fade,Forgiveness,Inconsistent,Confidence-inspiring,10.5,X,super-game-improvement
0.4,108.6,272,Draw,Distance,Fat/Thin,No preference,8,S,players-cb
3.6,113.4,295,Straight,Distance,Consistent,Forged/Blade-like,8,X,blade
23.0,99.0,228,Straight,Accuracy,Left/Right,No preference,9,S,game-improvement
0.0,112.2,282,Straight,Accuracy,Left/Right,Forged/Blade-like,8,X,blade
28.0,103.6,229,Hook,Forgiveness,Inconsistent,No preference,10.5,S,super-game-improvement
0.6,94.8,249,Slice,Accuracy,Left/Right,No preference,10.5,R,players-cb
24.6,87.7,182,Straight,Forgiveness,Fat/Thin,No preference,10.5,R,super-game-improvement
9.0,91.4,201,Straight,Forgiveness,Inconsistent,Forged/Blade-like,10.5,R,players-distance
26.4,71.1,159,Draw,Forgiveness,Fat/Thin,Confidence-inspiring,12,L,super-game-improvement
36.0,74.9,165,Slice,Forgiveness,Left/Right,Confidence-inspiring,12,A,game-improvement
0.0,120.0,271,Slice,Distance,Inconsistent,No preference,8,X,players-cb
23.3,88.4,198,Hook,Forgiveness,Inconsistent,Confidence-inspiring,10.5,R,super-game-improvement
0.7,120.0,292,Draw,Distance,Consistent,No preference,8,X,blade
20.8,112.7,262,Draw,Forgiveness,Fat/Thin,Confidence-inspiring,9,X,super-game-improvement
15.1,120.0,282,Straight,Distance,Left/Right,No preference,8,S,players-distance
18.2,112.7,241,Draw,Forgiveness,Inconsistent,Forged/Blade-like,9,X,players-distance
8.8,120.0,275,Straight,Forgiveness,Inconsistent,No preference,9,X,players-distance
24.0,92.9,200,Slice,Forgiveness,Inconsistent,No preference,10.5,R,super-game-improvement
4.0,105.6,262,Straight,Accuracy,Consistent,Confidence-inspiring,10.5,S,players-cb
28.2,89.8,201,Slice,Forgiveness,Left/Right,Confidence-inspiring,10.5,R,game-improvement
13.3,97.0,220,Slice,Accuracy,Inconsistent,Confidence-inspiring,9,S,super-game-improvement
4.4,104.5,253,Fade,Accuracy,Consistent,Forged/Blade-like,9,S,blade
31.4,92.2,190,Straight,Forgiveness,Left/Right,Confidence-inspiring,10.5,R,super-game-improvement
16.4,90.2,226,Slice,Accuracy,Consistent,Forged/Blade-like,10.5,R,players-cb
34.2,69.0,153,Hook,Forgiveness,Fat/Thin,Confidence-inspiring,10.5,L,super-game-improvement
28.0,90.6,206,Slice,Forgiveness,Fat/Thin,Confidence-inspiring,10.5,R,super-game-improvement
9.8,92.4,231,Draw,Forgiveness,Consistent,Confidence-inspiring,10.5,R,players-distance
16.2,89.1,214,Slice,Accuracy,Left/Right,No preference,10.5,R,game-improvement
18.1,92.3,211,Draw,Accuracy,Left/Right,Forged/Blade-like,10.5,R,players-cb
30.7,81.4,175,Fade,Distance,Inconsistent,Confidence-inspiring,12,A,super-game-improvement
20.9,102.9,244,Straight,Distance,Left/Right,Confidence-inspiring,9,S,game-improvement
18.6,91.7,210,Slice,Distance,Inconsistent,Confidence-inspiring,10.5,R,super-game-improvement
15.2,107.3,241,Straight,Forgiveness,Consistent,No preference,9,S,players-distance
16.5,96.8,240,Slice,Accuracy,Inconsistent,No preference,9,R,game-improvement
28.7,85.6,179,Draw,Forgiveness,Inconsistent,Confidence-inspiring,10.5,R,super-game-improvement
17.0,96.0,205,Fade,Distance,Left/Right,No preference,9,R,players-cb
13.4,84.0,205,Slice,Forgiveness,Inconsistent,No preference,10.5,R,super-game-improvement
11.9,101.3,231,Hook,Forgiveness,Inconsistent,No preference,10.5,S,game-improvement
12.0,106.3,253,Slice,Forgiveness,Consistent,Confidence-inspiring,9,S,game-improvement
4.4,112.9,288,Slice,Distance,Fat/Thin,No preference,9,X,players-cb
10.2,85.5,189,Draw,Distance,Left/Right,Confidence-inspiring,9,R,players-distance
30.5,70.1,152,Draw,Accuracy,Left/Right,Forged/Blade-like,12,L,game-improvement
15.1,90.4,223,Fade,Accuracy,Fat/Thin,Forged/Blade-like,10.5,R,players-distance
23.3,104.0,239,Slice,Distance,Inconsistent,No preference,9,S,game-improvement
0.0,108.2,263,Draw,Distance,Left/Right,Confidence-inspiring,9,S,players-cb
22.1,83.2,209,Slice,Forgiveness,Left/Right,Confidence-inspiring,10.5,A,super-game-improvement
15.5,80.9,186,Slice,Accuracy,Inconsistent,Confidence-inspiring,12,A,super-game-improvement
12.7,90.5,215,Fade,Accuracy,Left/Right,No preference,10.5,S,players-distance
18.6,85.8,211,Fade,Forgiveness,Left/Right,Forged/Blade-like,10.5,R,players-distance
12.5,106.9,259,Draw,Forgiveness,Consistent,No preference,9,S,players-cb
0.0,116.1,296,Straight,Accuracy,Consistent,Confidence-inspiring,8,X,players-cb
25.3,78.3,166,Straight,Forgiveness,Inconsistent,Confidence-inspiring,12,A,super-game-improvement
19.2,100.5,240,Fade,Forgiveness,Fat/Thin,Forged/Blade-like,10.5,S,game-improvement
14.2,102.9,240,Fade,Accuracy,Inconsistent,Confidence-inspiring,9,S,game-improvement
8.3,88.6,204,Draw,Distance,Inconsistent,No preference,10.5,R,players-distance
3.8,102.6,250,Fade,Distance,Left/Right,Forged/Blade-like,9,S,players-cb
19.0,96.5,222,Straight,Distance,Inconsistent,No preference,9,R,game-improvement
31.5,86.2,204,Straight,Forgiveness,Left/Right,No preference,10.5,A,super-game-improvement
18.8,76.1,177,Slice,Forgiveness,Left/Right,No preference,12,A,super-game-improvement
4.6,104.2,244,Straight,Distance,Consistent,Forged/Blade-like,9,S,players-cb
19.0,99.4,217,Draw,Accuracy,Fat/Thin,Confidence-inspiring,9,S,game-improvement
16.5,110.6,254,Straight,Accuracy,Inconsistent,Forged/Blade-like,8,X,players-distance
24.8,82.4,171,Slice,Accuracy,Inconsistent,Confidence-inspiring,10.5,A,super-game-improvement
22.5,85.2,185,Draw,Forgiveness,Left/Right,Confidence-inspiring,10.5,R,super-game-improvement
0.0,103.9,252,Straight,Distance,Consistent,Confidence-inspiring,8,S,blade
21.9,94.0,208,Slice,Accuracy,Fat/Thin,Forged/Blade-like,10.5,R,game-improvement
8.0,101.5,248,Straight,Forgiveness,Consistent,Forged/Blade-like,10.5,S,players-cb
4.2,109.2,257,Straight,Accuracy,Consistent,Forged/Blade-like,8,X,blade
15.3,84.3,173,Straight,Accuracy,Left/Right,Forged/Blade-like,10.5,R,players-distance
20.7,95.9,202,Straight,Accuracy,Left/Right,No preference,10.5,R,game-improvement
2.2,97.1,236,Slice,Accuracy,Consistent,Forged/Blade-like,9,S,blade
23.3,88.7,193,Fade,Forgiveness,Left/Right,Confidence-inspiring,10.5,R,game-improvement
23.9,106.8,228,Slice,Accuracy,Inconsistent,Confidence-inspiring,8,S,super-game-improvement
17.4,80.2,202,Fade,Forgiveness,Left/Right,Confidence-inspiring,12,A,super-game-improvement
9.2,96.9,237,Fade,Forgiveness,Consistent,No preference,10.5,R,players-distance
8.2,87.7,208,Fade,Accuracy,Consistent,No preference,10.5,R,players-cb
26.2,89.7,201,Slice,Distance,Left/Right,Confidence-inspiring,10.5,R,super-game-improvement
3.4,114.2,274,Fade,Accuracy,Fat/Thin,No preference,8,X,players-cb
26.6,89.6,187,Slice,Distance,Inconsistent,Confidence-inspiring,10.5,R,game-improvement
15.5,94.3,227,Draw,Distance,Left/Right,Confidence-inspiring,10.5,R,game-improvement
16.1,108.3,257,Hook,Distance,Left/Right,Forged/Blade-like,9,S,players-cb
1.6,108.2,246,Draw,Distance,Inconsistent,No preference,8,S,players-cb
15.7,103.5,241,Fade,Distance,Left/Right,Confidence-inspiring,9,S,players-distance
22.5,97.9,223,Slice,Distance,Inconsistent,Confidence-inspiring,9,S,super-game-improvement
5.0,73.8,175,Draw,Accuracy,Inconsistent,No preference,12,A,players-distance
21.5,90.6,223,Hook,Accuracy,Inconsistent,Confidence-inspiring,10.5,R,super-game-improvement
17.8,83.1,208,Straight,Distance,Inconsistent,Confidence-inspiring,10.5,A,game-improvement
11.2,90.1,208,Fade,Accuracy,Consistent,Confidence-inspiring,10.5,R,players-cb
24.7,103.9,229,Slice,Accuracy,Left/Right,No preference,10.5,S,game-improvement
0.0,102.3,248,Straight,Accuracy,Left/Right,Forged/Blade-like,8,S,blade
20.1,111.3,247,Fade,Forgiveness,Left/Right,Confidence-inspiring,10.5,X,super-game-improvement
31.6,70.4,144,Slice,Accuracy,Inconsistent,Confidence-inspiring,12,L,super-game-improvement
30.0,74.8,168,Straight,Accuracy,Fat/Thin,Confidence-inspiring,12,A,super-game-improvement
20.5,99.7,244,Fade,Accuracy,Fat/Thin,Confidence-inspiring,9,S,super-game-improvement
14.3,92.9,230,Draw,Forgiveness,Left/Right,Confidence-inspiring,10.5,R,game-improvement
11.3,101.4,245,Straight,Accuracy,Inconsistent,No preference,9,S,players-distance
14.3,95.2,199,Fade,Accuracy,Fat/Thin,Confidence-inspiring,10.5,R,game-improvement
21.9,89.7,185,Fade,Forgiveness,Left/Right,Confidence-inspiring,10.5,R,super-game-improvement
9.7,96.4,237,Straight,Distance,Consistent,Forged/Blade-like,9,R,players-cb
23.8,91.6,219,Fade,Forgiveness,Inconsistent,Confidence-inspiring,10.5,R,super-game-improvement
36.0,87.9,192,Fade,Forgiveness,Fat/Thin,Confidence-inspiring,10.5,R,game-improvement
16.4,111.0,253,Fade,Accuracy,Left/Right,No preference,8,X,players-distance
4.9,100.6,254,Draw,Forgiveness,Consistent,Forged/Blade-like,12,S,players-cb
4.9,98.7,244,Fade,Accuracy,Consistent,No preference,9,S,players-cb
24.0,84.5,199,Slice,Distance,Consistent,Forged/Blade-like,10.5,R,players-cb
16.5,109.5,235,Draw,Accuracy,Consistent,Forged/Blade-like,8,S,players-cb
24.9,96.0,217,Hook,Forgiveness,Inconsistent,Confidence-inspiring,10.5,R,super-game-improvement
12.2,78.7,200,Slice,Distance,Inconsistent,Forged/Blade-like,12,A,players-distance
24.5,69.9,161,Straight,Distance,Left/Right,Confidence-inspiring,12,L,super-game-improvement
15.6,87.1,210,Draw,Accuracy,Consistent,Confidence-inspiring,10.5,R,players-distance
10.4,101.2,239,Slice,Forgiveness,Left/Right,Confidence-inspiring,10.5,S,super-game-improvement
13.4,96.6,226,Straight,Forgiveness,Left/Right,Forged/Blade-like,10.5,R,players-distance
6.2,106.9,269,Draw,Distance,Consistent,No preference,9,S,blade
34.9,80.5,166,Slice,Accuracy,Fat/Thin,No preference,12,A,super-game-improvement
16.1,109.0,244,Hook,Forgiveness,Left/Right,Confidence-inspiring,9,S,game-improvement
22.8,98.2,216,Draw,Forgiveness,Fat/Thin,Confidence-inspiring,10.5,S,super-game-improvement
12.2,98.5,231,Fade,Forgiveness,Left/Right,Forged/Blade-like,10.5,S,players-distance
7.5,112.4,253,Draw,Accuracy,Left/Right,No preference,8,X,players-cb
14.9,79.4,190,Draw,Accuracy,Consistent,No preference,12,A,players-cb
26.9,86.9,190,Slice,Accuracy,Fat/Thin,Confidence-inspiring,10.5,R,super-game-improvement
12.3,99.0,239,Straight,Forgiveness,Left/Right,Forged/Blade-like,10.5,S,players-distance
9.2,105.8,231,Fade,Accuracy,Left/Right,Forged/Blade-like,9,S,players-cb
18.4,76.3,182,Draw,Accuracy,Left/Right,Forged/Blade-like,12,A,players-distance
21.5,88.8,212,Draw,Forgiveness,Fat/Thin,Confidence-inspiring,10.5,S,super-game-improvement
31.8,88.4,195,Straight,Forgiveness,Inconsistent,Confidence-inspiring,10.5,R,super-game-improvement
20.2,97.0,220,Draw,Forgiveness,Fat/Thin,Confidence-inspiring,10.5,S,super-game-improvement
22.8,102.4,238,Slice,Accuracy,Fat/Thin,Confidence-inspiring,9,S,super-game-improvement
23.5,97.6,230,Straight,Accuracy,Fat/Thin,Confidence-inspiring,9,S,super-game-improvement
6.6,100.9,246,Fade,Distance,Consistent,Confidence-inspiring,9,S,players-cb
8.3,107.1,260,Hook,Accuracy,Consistent,Forged/Blade-like,9,R,players-cb
7.2,99.1,251,Fade,Accuracy,Inconsistent,Forged/Blade-like,9,S,players-cb
5.0,104.1,257,Straight,Distance,Inconsistent,Forged/Blade-like,9,S,blade
24.2,97.5,210,Straight,Forgiveness,Left/Right,Confidence-inspiring,10.5,R,super-game-improvement
19.6,92.2,221,Straight,Forgiveness,Fat/Thin,No preference,10.5,R,super-game-improvement
17.7,97.6,222,Fade,Forgiveness,Fat/Thin,Forged/Blade-like,10.5,S,game-improvement
0.0,115.6,284,Hook,Distance,Inconsistent,Forged/Blade-like,8,X,blade
35.5,89.0,191,Slice,Forgiveness,Left/Right,Confidence-inspiring,10.5,R,super-game-improvement
9.0,112.2,275,Fade,Distance,Consistent,Forged/Blade-like,8,X,players-cb
35.5,105.1,240,Slice,Accuracy,Fat/Thin,No preference,12,S,game-improvement
4.0,110.3,266,Straight,Distance,Inconsistent,Confidence-inspiring,8,X,players-cb
9.7,94.8,240,Straight,Forgiveness,Consistent,Forged/Blade-like,10.5,R,blade
0.0,111.1,274,Straight,Accuracy,Left/Right,No preference,8,X,players-cb
20.3,96.9,232,Slice,Accuracy,Inconsistent,Confidence-inspiring,9,R,super-game-improvement
7.1,107.3,258,Slice,Distance,Consistent,Forged/Blade-like,9,S,players-cb
7.3,116.0,272,Draw,Accuracy,Consistent,No preference,8,X,players-cb
4.6,86.0,224,Draw,Distance,Consistent,Forged/Blade-like,10.5,R,blade
24.0,104.8,229,Draw,Forgiveness,Fat/Thin,Confidence-inspiring,9,S,super-game-improvement
23.4,108.6,237,Straight,Forgiveness,Left/Right,Confidence-inspiring,9,X,super-game-improvement
33.3,89.0,180,Fade,Forgiveness,Fat/Thin,Confidence-inspiring,10.5,A,super-game-improvement
10.8,104.6,258,Draw,Accuracy,Inconsistent,No preference,9,S,blade
19.0,90.7,220,Straight,Forgiveness,Inconsistent,Confidence-inspiring,10.5,R,super-game-improvement
5.4,102.4,249,Straight,Forgiveness,Consistent,Forged/Blade-like,9,S,blade
14.0,103.5,232,Slice,Distance,Inconsistent,No preference,9,S,game-improvement
12.3,104.0,243,Draw,Forgiveness,Consistent,Confidence-inspiring,9,S,players-distance
21.2,98.8,220,Slice,Forgiveness,Inconsistent,Confidence-inspiring,9,S,super-game-improvement
26.2,94.5,200,Draw,Forgiveness,Fat/Thin,Confidence-inspiring,10.5,R,super-game-improvement
25.9,97.4,212,Fade,Accuracy,Fat/Thin,Confidence-inspiring,10.5,S,super-game-improvement
9.4,107.5,259,Draw,Accuracy,Consistent,No preference,9,S,players-cb
26.0,78.1,168,Straight,Accuracy,Fat/Thin,Confidence-inspiring,12,A,super-game-improvement
16.6,103.0,240,Draw,Accuracy,Inconsistent,Confidence-inspiring,9,S,game-improvement
14.1,115.0,251,Fade,Accuracy,Inconsistent,Confidence-inspiring,8,X,game-improvement
10.6,98.5,247,Slice,Accuracy,Fat/Thin,Confidence-inspiring,9,S,game-improvement
12.0,112.8,261,Hook,Distance,Left/Right,No preference,8,X,players-distance
32.7,74.6,169,Fade,Accuracy,Left/Right,No preference,12,A,super-game-improvement
19.8,92.2,211,Draw,Distance,Consistent,Forged/Blade-like,12,R,players-cb
18.6,86.9,202,Slice,Forgiveness,Consistent,Forged/Blade-like,10.5,R,players-cb
14.6,109.9,245,Fade,Distance,Left/Right,Confidence-inspiring,8,S,players-distance
36.0,97.9,201,Straight,Distance,Fat/Thin,Confidence-inspiring,10.5,X,super-game-improvement
28.7,85.5,181,Slice,Distance,Fat/Thin,Confidence-inspiring,10.5,R,super-game-improvement
10.5,110.6,261,Draw,Distance,Left/Right,No preference,8,X,players-cb
14.5,112.6,273,Straight,Accuracy,Fat/Thin,Confidence-inspiring,8,X,super-game-improvement
15.1,95.4,225,Hook,Forgiveness,Inconsistent,Confidence-inspiring,12,R,game-improvement
18.3,94.9,209,Fade,Accuracy,Inconsistent,Confidence-inspiring,10.5,R,game-improvement
10.7,106.1,251,Fade,Forgiveness,Consistent,Confidence-inspiring,10.5,S,players-distance
20.9,83.4,188,Slice,Forgiveness,Left/Right,Confidence-inspiring,10.5,A,super-game-improvement
30.1,86.6,186,Hook,Forgiveness,Fat/Thin,No preference,10.5,R,super-game-improvement
5.2,120.0,288,Straight,Distance,Left/Right,No preference,8,X,players-cb
6.8,96.4,237,Straight,Accuracy,Left/Right,Forged/Blade-like,9,R,blade
12.7,105.9,241,Fade,Forgiveness,Fat/Thin,Confidence-inspiring,9,S,game-improvement
13.1,102.3,235,Draw,Distance,Consistent,No preference,9,R,players-cb
35.0,80.6,181,Slice,Forgiveness,Inconsistent,Forged/Blade-like,10.5,L,super-game-improvement
26.0,90.5,205,Draw,Forgiveness,Inconsistent,Confidence-inspiring,10.5,R,super-game-improvement
25.5,106.2,247,Straight,Forgiveness,Inconsistent,Forged/Blade-like,10.5,S,game-improvement
14.6,101.6,248,Straight,Forgiveness,Consistent,No preference,10.5,S,players-distance
14.4,103.3,227,Fade,Forgiveness,Fat/Thin,No preference,9,S,game-improvement
3.9,119.4,291,Straight,Forgiveness,Consistent,Confidence-inspiring,9,X,players-cb
24.0,86.8,189,Draw,Accuracy,Left/Right,No preference,10.5,R,game-improvement
21.4,81.0,172,Slice,Accuracy,Inconsistent,No preference,12,A,super-game-improvement
28.6,104.2,221,Slice,Accuracy,Fat/Thin,No preference,10.5,X,super-game-improvement
15.1,97.1,222,Straight,Accuracy,Consistent,No preference,9,S,players-cb
15.7,104.3,238,Straight,Accuracy,Left/Right,Forged/Blade-like,9,S,players-cb
18.5,85.8,190,Straight,Accuracy,Left/Right,No preference,10.5,R,game-improvement
25.0,92.9,207,Straight,Forgiveness,Inconsistent,Confidence-inspiring,12,R,super-game-improvement
3.8,92.4,245,Straight,Accuracy,Left/Right,No preference,10.5,R,players-cb
23.6,90.6,187,Slice,Distance,Consistent,Confidence-inspiring,10.5,R,game-improvement
16.8,88.1,213,Fade,Accuracy,Left/Right,No preference,10.5,R,players-distance
7.5,92.1,219,Slice,Accuracy,Fat/Thin,Forged/Blade-like,10.5,R,players-cb
0.0,103.0,248,Fade,Accuracy,Consistent,Forged/Blade-like,9,S,blade
15.8,72.3,149,Straight,Accuracy,Fat/Thin,Confidence-inspiring,12,A,super-game-improvement
30.0,74.0,168,Draw,Forgiveness,Fat/Thin,Confidence-inspiring,10.5,A,super-game-improvement
32.1,92.0,186,Fade,Accuracy,Fat/Thin,Forged/Blade-like,10.5,R,game-improvement
20.2,95.7,225,Slice,Forgiveness,Fat/Thin,Forged/Blade-like,10.5,R,super-game-improvement
34.7,71.7,169,Straight,Forgiveness,Left/Right,Confidence-inspiring,12,L,super-game-improvement
16.6,100.2,219,Slice,Forgiveness,Left/Right,No preference,10.5,S,super-game-improvement
25.6,79.8,188,Straight,Forgiveness,Fat/Thin,Confidence-inspiring,12,A,game-improvement
12.9,104.4,244,Straight,Accuracy,Consistent,Confidence-inspiring,9,R,players-cb
12.4,96.4,207,Fade,Accuracy,Fat/Thin,Confidence-inspiring,9,R,game-improvement
10.9,95.3,213,Hook,Distance,Fat/Thin,Forged/Blade-like,10.5,R,players-cb
0.0,105.1,259,Straight,Accuracy,Consistent,No preference,9,S,blade
28.6,112.1,249,Draw,Forgiveness,Fat/Thin,Confidence-inspiring,10.5,X,super-game-improvement
11.2,90.8,199,Straight,Accuracy,Inconsistent,Confidence-inspiring,10.5,R,game-improvement
9.8,101.6,240,Slice,Distance,Consistent,Forged/Blade-like,10.5,S,players-cb
6.4,109.5,269,Straight,Distance,Consistent,Confidence-inspiring,8,S,players-distance
15.2,86.0,208,Slice,Forgiveness,Fat/Thin,No preference,10.5,R,super-game-improvement
32.9,67.7,142,Hook,Forgiveness,Inconsistent,No preference,10.5,L,super-game-improvement
35.8,75.6,165,Fade,Distance,Fat/Thin,Confidence-inspiring,12,A,super-game-improvement
2.1,112.2,282,Straight,Distance,Inconsistent,Forged/Blade-like,8,X,blade
13.8,93.2,224,Draw,Distance,Inconsistent,Forged/Blade-like,10.5,R,players-cb
7.7,98.5,243,Straight,Distance,Consistent,Forged/Blade-like,9,S,players-cb
25.9,97.5,217,Fade,Forgiveness,Inconsistent,Forged/Blade-like,10.5,S,game-improvement
19.6,84.6,191,Slice,Forgiveness,Left/Right,No preference,10.5,R,super-game-improvement
11.3,97.4,231,Fade,Accuracy,Left/Right,No preference,9,S,players-distance
17.7,78.8,174,Fade,Forgiveness,Left/Right,Forged/Blade-like,12,A,game-improvement
12.7,100.6,245,Slice,Accuracy,Left/Right,No preference,9,S,game-improvement
31.5,86.9,174,Draw,Distance,Inconsistent,No preference,10.5,R,super-game-improvement
21.9,99.1,219,Straight,Forgiveness,Inconsistent,No preference,10.5,S,super-game-improvement
23.0,78.9,177,Slice,Forgiveness,Left/Right,Confidence-inspiring,12,A,super-game-improvement
0.0,104.1,259,Fade,Accuracy,Inconsistent,Confidence-inspiring,9,S,players-cb
16.4,82.1,195,Draw,Forgiveness,Left/Right,Forged/Blade-like,10.5,R,players-distance
35.7,79.3,182,Straight,Accuracy,Consistent,Confidence-inspiring,12,A,super-game-improvement
28.9,101.2,222,Slice,Distance,Inconsistent,Confidence-inspiring,10.5,S,super-game-improvement
0.4,102.5,244,Fade,Distance,Consistent,No preference,9,S,blade
14.2,82.7,191,Slice,Forgiveness,Inconsistent,No preference,10.5,A,super-game-improvement
6.2,95.0,225,Slice,Distance,Consistent,Confidence-inspiring,10.5,R,players-distance
32.4,67.9,151,Draw,Forgiveness,Fat/Thin,Confidence-inspiring,10.5,L,super-game-improvement
19.2,80.0,173,Fade,Forgiveness,Fat/Thin,No preference,12,A,super-game-improvement
10.1,105.8,248,Straight,Accuracy,Left/Right,No preference,9,S,players-cb
17.3,79.8,198,Draw,Forgiveness,Inconsistent,Confidence-inspiring,12,A,super-game-improvement
0.0,109.1,269,Fade,Distance,Consistent,No preference,9,S,blade
7.2,101.4,232,Fade,Distance,Consistent,Confidence-inspiring,8,S,blade
17.3,88.9,201,Straight,Forgiveness,Left/Right,Confidence-inspiring,10.5,R,super-game-improvement
24.6,91.5,184,Straight,Forgiveness,Left/Right,Confidence-inspiring,10.5,R,super-game-improvement
0.0,96.6,236,Draw,Forgiveness,Consistent,Forged/Blade-like,10.5,R,blade
13.6,105.2,260,Draw,Forgiveness,Left/Right,Confidence-inspiring,9,S,game-improvement
26.1,81.3,169,Fade,Forgiveness,Fat/Thin,Confidence-inspiring,12,R,super-game-improvement
3.9,99.5,227,Draw,Distance,Consistent,Confidence-inspiring,10.5,S,players-cb
19.1,88.0,195,Fade,Distance,Fat/Thin,Confidence-inspiring,10.5,R,game-improvement
17.6,100.9,240,Straight,Forgiveness,Left/Right,Forged/Blade-like,10.5,S,players-distance
32.4,89.4,208,Fade,Distance,Fat/Thin,Confidence-inspiring,10.5,R,super-game-improvement
14.9,69.7,165,Straight,Accuracy,Inconsistent,Confidence-inspiring,12,L,super-game-improvement
15.5,98.0,215,Slice,Distance,Consistent,Forged/Blade-like,8,S,players-cb
24.7,71.8,160,Slice,Distance,Left/Right,Confidence-inspiring,12,L,super-game-improvement
5.1,99.1,254,Fade,Accuracy,Consistent,Confidence-inspiring,9,S,players-cb
15.0,94.7,216,Straight,Forgiveness,Left/Right,Confidence-inspiring,10.5,R,super-game-improvement
12.9,93.7,220,Slice,Accuracy,Left/Right,No preference,10.5,R,players-distance
15.7,100.3,234,Straight,Distance,Consistent,Forged/Blade-like,9,R,players-cb
24.6,96.5,201,Slice,Forgiveness,Left/Right,No preference,10.5,R,super-game-improvement
22.0,83.3,197,Slice,Distance,Left/Right,Confidence-inspiring,10.5,A,super-game-improvement
10.3,90.9,222,Straight,Distance,Fat/Thin,Confidence-inspiring,10.5,R,game-improvement
18.2,93.3,195,Fade,Distance,Left/Right,Confidence-inspiring,10.5,R,players-distance
30.4,69.9,140,Fade,Forgiveness,Left/Right,Confidence-inspiring,12,L,super-game-improvement
9.5,94.8,215,Fade,Distance,Consistent,Forged/Blade-like,10.5,R,players-cb
18.3,107.0,251,Draw,Distance,Inconsistent,Confidence-inspiring,9,S,players-distance
15.3,80.5,179,Straight,Accuracy,Consistent,No preference,12,A,players-distance
16.4,91.4,214,Straight,Forgiveness,Fat/Thin,No preference,12,A,super-game-improvement
2.3,98.5,238,Hook,Forgiveness,Left/Right,No preference,10.5,S,players-distance
29.7,105.9,232,Slice,Forgiveness,Left/Right,Confidence-inspiring,10.5,S,super-game-improvement
10.0,93.8,226,Fade,Distance,Left/Right,Forged/Blade-like,10.5,A,players-cb
26.2,83.4,187,Slice,Forgiveness,Left/Right,Confidence-inspiring,10.5,A,super-game-improvement
11.4,87.9,206,Straight,Distance,Consistent,Confidence-inspiring,10.5,R,players-cb
11.4,98.3,234,Slice,Distance,Inconsistent,Confidence-inspiring,9,S,game-improvement
27.9,89.7,199,Slice,Forgiveness,Left/Right,Confidence-inspiring,10.5,R,super-game-improvement
25.9,79.5,174,Slice,Accuracy,Fat/Thin,Confidence-inspiring,12,A,super-game-improvement
18.9,103.0,231,Draw,Distance,Fat/Thin,Confidence-inspiring,9,R,game-improvement
23.9,92.5,224,Straight,Accuracy,Fat/Thin,Forged/Blade-like,12,R,players-distance
14.4,104.7,239,Draw,Forgiveness,Inconsistent,No preference,9,S,game-improvement
16.9,91.2,222,Draw,Distance,Inconsistent,Forged/Blade-like,10.5,R,players-cb
11.0,101.0,231,Hook,Accuracy,Inconsistent,Confidence-inspiring,9,S,players-distance
25.1,86.8,200,Fade,Forgiveness,Fat/Thin,Confidence-inspiring,10.5,R,super-game-improvement
10.8,113.2,282,Slice,Forgiveness,Fat/Thin,Confidence-inspiring,9,X,super-game-improvement
30.4,86.5,185,Draw,Forgiveness,Left/Right,Confidence-inspiring,10.5,R,super-game-improvement
14.2,96.4,218,Fade,Distance,Inconsistent,No preference,9,A,game-improvement
17.2,89.7,202,Straight,Forgiveness,Consistent,Confidence-inspiring,10.5,A,game-improvement
23.8,84.7,189,Slice,Forgiveness,Fat/Thin,Forged/Blade-like,10.5,R,super-game-improvement
17.2,96.7,225,Slice,Accuracy,Left/Right,Forged/Blade-like,9,R,players-cb
14.3,104.5,242,Slice,Forgiveness,Left/Right,No preference,9,S,game-improvement
16.7,87.8,198,Slice,Accuracy,Fat/Thin,No preference,10.5,R,game-improvement
25.0,90.3,219,Hook,Accuracy,Fat/Thin,Confidence-inspiring,10.5,A,super-game-improvement
11.0,100.4,234,Slice,Accuracy,Fat/Thin,Forged/Blade-like,9,S,players-cb
15.9,98.8,222,Fade,Forgiveness,Fat/Thin,Forged/Blade-like,10.5,S,game-improvement
17.1,77.3,185,Slice,Distance,Fat/Thin,No preference,12,A,game-improvement
24.8,79.9,186,Hook,Accuracy,Fat/Thin,Confidence-inspiring,12,A,super-game-improvement
16.1,81.4,200,Slice,Forgiveness,Left/Right,Confidence-inspiring,12,A,super-game-improvement
33.3,83.7,197,Slice,Distance,Fat/Thin,Confidence-inspiring,10.5,A,super-game-improvement
15.6,86.4,203,Straight,Distance,Fat/Thin,No preference,10.5,R,game-improvement
14.9,90.9,208,Straight,Distance,Inconsistent,No preference,9,R,game-improvement
15.5,83.5,176,Fade,Forgiveness,Inconsistent,Confidence-inspiring,10.5,L,game-improvement
5.2,98.4,228,Hook,Accuracy,Left/Right,No preference,9,X,players-cb
7.7,89.5,215,Fade,Distance,Consistent,Confidence-inspiring,10.5,R,players-cb
12.2,105.3,236,Slice,Forgiveness,Fat/Thin,Forged/Blade-like,9,S,players-distance
27.2,92.3,189,Straight,Forgiveness,Left/Right,Confidence-inspiring,10.5,R,super-game-improvement
16.7,96.1,222,Hook,Accuracy,Left/Right,Confidence-inspiring,9,R,game-improvement
12.6,94.4,228,Hook,Forgiveness,Fat/Thin,No preference,10.5,R,super-game-improvement
28.0,66.6,144,Straight,Forgiveness,Fat/Thin,No preference,12,L,super-game-improvement
31.0,80.3,182,Straight,Forgiveness,Inconsistent,Forged/Blade-like,12,A,super-game-improvement
28.3,79.1,179,Straight,Forgiveness,Left/Right,Confidence-inspiring,10.5,A,super-game-improvement
9.3,102.1,252,Fade,Accuracy,Left/Right,No preference,9,S,players-distance
12.5,103.7,262,Straight,Accuracy,Fat/Thin,Forged/Blade-like,9,S,players-cb
33.3,86.6,210,Slice,Distance,Left/Right,Confidence-inspiring,10.5,R,game-improvement
19.2,105.6,247,Draw,Accuracy,Left/Right,Forged/Blade-like,9,S,players-cb
14.6,90.4,205,Draw,Accuracy,Inconsistent,No preference,10.5,R,players-distance
23.5,83.9,188,Slice,Forgiveness,Inconsistent,Confidence-inspiring,10.5,A,super-game-improvement
26.1,98.6,233,Fade,Accuracy,Fat/Thin,Confidence-inspiring,10.5,S,super-game-improvement
11.9,99.6,225,Draw,Accuracy,Fat/Thin,Confidence-inspiring,9,S,game-improvement
19.0,90.6,220,Fade,Accuracy,Fat/Thin,Confidence-inspiring,10.5,R,game-improvement
25.3,107.3,237,Draw,Accuracy,Fat/Thin,Confidence-inspiring,10.5,S,game-improvement
6.6,107.3,259,Fade,Forgiveness,Consistent,Confidence-inspiring,9,S,players-distance
17.1,92.5,205,Slice,Distance,Inconsistent,Forged/Blade-like,10.5,R,players-distance
7.0,94.4,213,Straight,Accuracy,Fat/Thin,No preference,10.5,R,players-distance
8.1,113.8,268,Straight,Forgiveness,Left/Right,Forged/Blade-like,9,X,players-cb
11.9,100.0,246,Fade,Accuracy,Consistent,Confidence-inspiring,9,R,players-cb
21.3,91.8,201,Slice,Accuracy,Left/Right,Confidence-inspiring,10.5,R,super-game-improvement
14.1,103.2,254,Slice,Accuracy,Inconsistent,Forged/Blade-like,9,X,players-cb
11.2,107.2,247,Straight,Accuracy,Inconsistent,Forged/Blade-like,9,S,players-cb
17.5,99.6,219,Draw,Accuracy,Left/Right,Confidence-inspiring,9,S,game-improvement
6.7,110.3,266,Straight,Forgiveness,Consistent,Forged/Blade-like,9,X,blade
20.9,96.3,224,Slice,Accuracy,Fat/Thin,Confidence-inspiring,9,R,super-game-improvement
27.2,93.1,207,Straight,Accuracy,Inconsistent,No preference,10.5,R,game-improvement
16.3,87.6,203,Straight,Accuracy,Fat/Thin,No preference,10.5,R,game-improvement
15.2,113.8,278,Slice,Accuracy,Inconsistent,Confidence-inspiring,8,X,game-improvement
20.4,79.8,182,Slice,Forgiveness,Fat/Thin,Confidence-inspiring,12,A,game-improvement
0.0,109.1,263,Draw,Accuracy,Consistent,Forged/Blade-like,8,R,blade
21.8,77.8,165,Slice,Distance,Fat/Thin,Forged/Blade-like,12,R,game-improvement
36.0,80.5,183,Hook,Accuracy,Fat/Thin,No preference,12,A,super-game-improvement
15.9,89.5,203,Draw,Forgiveness,Fat/Thin,Forged/Blade-like,10.5,R,players-distance
15.9,96.5,220,Straight,Forgiveness,Left/Right,No preference,10.5,R,game-improvement
23.7,93.3,218,Straight,Accuracy,Inconsistent,Forged/Blade-like,10.5,R,players-distance
31.8,74.8,180,Slice,Distance,Fat/Thin,Confidence-inspiring,12,A,super-game-improvement
25.8,88.2,198,Straight,Forgiveness,Fat/Thin,Confidence-inspiring,10.5,R,game-improvement
0.0,119.9,293,Straight,Distance,Inconsistent,Forged/Blade-like,8,X,blade
22.1,77.8,175,Straight,Forgiveness,Left/Right,Confidence-inspiring,12,A,super-game-improvement
36.0,73.0,151,Straight,Forgiveness,Left/Right,Confidence-inspiring,12,A,game-improvement
22.6,99.2,220,Slice,Distance,Fat/Thin,Confidence-inspiring,9,S,super-game-improvement
6.6,102.3,241,Straight,Accuracy,Fat/Thin,No preference,9,S,players-distance
19.5,94.3,223,Slice,Forgiveness,Inconsistent,Confidence-inspiring,12,R,super-game-improvement
5.5,112.5,269,Fade,Accuracy,Consistent,No preference,8,X,blade
28.1,79.0,186,Slice,Accuracy,Inconsistent,Confidence-inspiring,10.5,A,game-improvement
8.4,95.1,225,Draw,Forgiveness,Left/Right,Forged/Blade-like,10.5,R,players-cb
17.7,87.5,197,Straight,Accuracy,Left/Right,Confidence-inspiring,10.5,R,game-improvement
9.3,96.2,239,Straight,Distance,Left/Right,Forged/Blade-like,9,R,players-cb
12.1,111.2,261,Slice,Forgiveness,Left/Right,Forged/Blade-like,9,X,players-distance
30.4,68.3,148,Straight,Accuracy,Consistent,Forged/Blade-like,12,L,players-distance
17.9,81.9,188,Straight,Distance,Inconsistent,Confidence-inspiring,12,A,game-improvement
12.0,84.2,210,Fade,Accuracy,Inconsistent,No preference,10.5,R,game-improvement
6.7,115.5,279,Fade,Distance,Consistent,Forged/Blade-like,8,X,players-cb
0.2,99.7,255,Draw,Accuracy,Left/Right,Confidence-inspiring,9,S,players-distance
5.7,98.9,235,Slice,Accuracy,Consistent,No preference,10.5,S,players-cb
18.0,77.6,187,Fade,Forgiveness,Left/Right,Confidence-inspiring,12,A,super-game-improvement
25.8,85.8,192,Fade,Accuracy,Fat/Thin,Confidence-inspiring,10.5,R,super-game-improvement
12.0,106.5,257,Straight,Forgiveness,Consistent,Confidence-inspiring,9,S,players-distance
31.1,87.4,198,Slice,Distance,Fat/Thin,Confidence-inspiring,10.5,R,super-game-improvement
10.5,97.8,222,Slice,Forgiveness,Left/Right,No preference,10.5,S,game-improvement
14.9,80.2,186,Fade,Accuracy,Left/Right,Confidence-inspiring,12,A,game-improvement
7.3,97.8,242,Straight,Accuracy,Consistent,No preference,9,S,players-cb
25.9,89.9,209,Fade,Forgiveness,Left/Right,Confidence-inspiring,10.5,R,super-game-improvement
35.9,71.7,164,Draw,Forgiveness,Left/Right,Confidence-inspiring,12,L,super-game-improvement
1.1,111.8,274,Straight,Distance,Consistent,No preference,8,X,blade
13.9,105.4,259,Straight,Forgiveness,Inconsistent,Confidence-inspiring,9,S,super-game-improvement
28.4,81.4,173,Slice,Forgiveness,Consistent,Confidence-inspiring,12,A,super-game-improvement
4.0,110.5,253,Fade,Distance,Consistent,Confidence-inspiring,8,X,blade
22.1,89.9,200,Fade,Forgiveness,Left/Right,Confidence-inspiring,10.5,R,super-game-improvement
28.0,98.4,227,Fade,Accuracy,Left/Right,Confidence-inspiring,10.5,S,super-game-improvement
17.7,114.3,252,Straight,Forgiveness,Left/Right,No preference,9,X,game-improvement
22.0,80.1,167,Draw,Forgiveness,Inconsistent,Confidence-inspiring,12,A,super-game-improvement
32.8,91.4,181,Fade,Forgiveness,Fat/Thin,Confidence-inspiring,9,R,super-game-improvement
34.5,95.6,211,Slice,Forgiveness,Inconsistent,Confidence-inspiring,10.5,R,super-game-improvement
16.4,85.1,183,Hook,Forgiveness,Consistent,Confidence-inspiring,10.5,R,game-improvement
12.2,92.0,220,Straight,Forgiveness,Consistent,Confidence-inspiring,10.5,R,game-improvement
8.7,94.2,220,Fade,Distance,Fat/Thin,Forged/Blade-like,10.5,A,players-cb
25.8,87.1,186,Fade,Accuracy,Left/Right,No preference,10.5,S,game-improvement
4.7,99.2,230,Straight,Forgiveness,Consistent,No preference,10.5,S,players-cb
14.7,94.0,220,Draw,Forgiveness,Left/Right,Confidence-inspiring,9,R,super-game-improvement
17.9,102.2,227,Straight,Accuracy,Consistent,Forged/Blade-like,8,S,players-cb
12.5,78.5,183,Fade,Forgiveness,Inconsistent,Forged/Blade-like,12,A,game-improvement
19.5,83.0,192,Straight,Distance,Left/Right,No preference,10.5,A,players-distance
36.0,88.2,193,Straight,Forgiveness,Fat/Thin,Confidence-inspiring,10.5,R,super-game-improvement
15.9,100.7,241,Straight,Distance,Consistent,Forged/Blade-like,9,S,players-cb
13.1,86.5,203,Draw,Distance,Consistent,No preference,10.5,R,players-cb
26.1,93.8,198,Draw,Forgiveness,Left/Right,Confidence-inspiring,10.5,R,super-game-improvement
19.2,106.2,246,Straight,Distance,Left/Right,Confidence-inspiring,9,S,players-distance
30.0,85.1,191,Fade,Forgiveness,Inconsistent,Confidence-inspiring,10.5,R,super-game-improvement
18.5,83.3,189,Straight,Forgiveness,Fat/Thin,Confidence-inspiring,10.5,A,game-improvement
14.8,104.7,240,Slice,Distance,Left/Right,Confidence-inspiring,9,X,game-improvement
0.9,120.0,315,Draw,Accuracy,Consistent,Confidence-inspiring,8,S,blade
2.4,95.5,220,Slice,Distance,Left/Right,Forged/Blade-like,10.5,R,blade
0.5,106.1,264,Straight,Accuracy,Left/Right,Forged/Blade-like,9,S,blade
20.4,103.0,243,Slice,Distance,Fat/Thin,Forged/Blade-like,9,S,players-distance
4.7,104.0,247,Straight,Accuracy,Inconsistent,Forged/Blade-like,9,S,blade
28.3,69.3,151,Straight,Forgiveness,Inconsistent,Confidence-inspiring,12,L,super-game-improvement
17.3,98.7,223,Hook,Distance,Consistent,Confidence-inspiring,9,S,players-distance
14.8,86.1,199,Fade,Distance,Fat/Thin,Confidence-inspiring,10.5,R,game-improvement
9.4,86.9,214,Hook,Forgiveness,Consistent,Forged/Blade-like,10.5,R,players-cb
22.6,73.4,163,Fade,Forgiveness,Fat/Thin,Confidence-inspiring,12,A,super-game-improvement
9.8,111.2,291,Fade,Accuracy,Consistent,Forged/Blade-like,8,X,players-cb
8.1,92.1,215,Slice,Distance,Consistent,Forged/Blade-like,10.5,A,players-cb
27.7,90.5,212,Fade,Forgiveness,Fat/Thin,Confidence-inspiring,10.5,R,super-game-improvement
20.2,98.1,227,Slice,Forgiveness,Inconsistent,Confidence-inspiring,10.5,S,super-game-improvement
14.9,97.5,227,Straight,Distance,Left/Right,No preference,9,S,players-distance
22.8,93.5,223,Slice,Forgiveness,Fat/Thin,Forged/Blade-like,10.5,R,game-improvement
17.1,98.2,211,Fade,Distance,Fat/Thin,Forged/Blade-like,9,S,players-distance
20.4,93.5,216,Straight,Forgiveness,Inconsistent,No preference,10.5,R,super-game-improvement
9.6,91.9,211,Straight,Accuracy,Left/Right,No preference,10.5,R,players-distance
35.6,73.3,152,Slice,Forgiveness,Inconsistent,No preference,12,A,game-improvement
11.8,96.9,223,Slice,Distance,Left/Right,No preference,8,R,players-distance
31.0,83.7,173,Straight,Distance,Inconsistent,Confidence-inspiring,10.5,A,super-game-improvement
15.3,99.9,216,Draw,Forgiveness,Consistent,No preference,12,S,players-distance
24.3,100.5,228,Straight,Forgiveness,Left/Right,Confidence-inspiring,10.5,S,super-game-improvement
23.6,93.4,208,Fade,Accuracy,Fat/Thin,Confidence-inspiring,10.5,R,super-game-improvement
27.3,79.3,172,Straight,Accuracy,Fat/Thin,Confidence-inspiring,12,A,super-game-improvement
9.4,77.8,191,Draw,Distance,Consistent,Forged/Blade-like,12,A,players-cb
26.7,80.2,181,Straight,Forgiveness,Fat/Thin,No preference,12,A,game-improvement
33.6,69.7,147,Straight,Forgiveness,Fat/Thin,Confidence-inspiring,12,L,game-improvement
14.7,88.7,233,Straight,Accuracy,Inconsistent,Confidence-inspiring,10.5,R,game-improvement
17.3,96.7,231,Slice,Accuracy,Inconsistent,Confidence-inspiring,9,R,super-game-improvement
12.3,98.5,252,Straight,Accuracy,Inconsistent,Forged/Blade-like,9,S,players-cb
13.9,115.1,264,Fade,Forgiveness,Left/Right,No preference,9,X,game-improvement
32.4,88.8,194,Slice,Forgiveness,Fat/Thin,Confidence-inspiring,10.5,R,super-game-improvement
8.0,119.7,274,Fade,Accuracy,Consistent,Confidence-inspiring,8,S,players-cb
8.5,107.4,252,Fade,Forgiveness,Fat/Thin,No preference,9,S,game-improvement
31.5,95.4,201,Straight,Forgiveness,Inconsistent,Confidence-inspiring,10.5,A,super-game-improvement
22.6,87.0,222,Hook,Distance,Left/Right,Confidence-inspiring,10.5,R,game-improvement
36.0,70.8,144,Slice,Forgiveness,Inconsistent,Confidence-inspiring,12,L,super-game-improvement
12.9,92.7,214,Fade,Forgiveness,Left/Right,No preference,10.5,R,game-improvement
18.1,93.6,201,Fade,Distance,Left/Right,Confidence-inspiring,10.5,R,game-improvement
11.1,92.2,221,Draw,Distance,Fat/Thin,Forged/Blade-like,10.5,R,players-cb
18.3,83.5,183,Straight,Accuracy,Fat/Thin,No preference,10.5,A,game-improvement
1.0,109.5,276,Draw,Forgiveness,Left/Right,Forged/Blade-like,9,R,players-cb
23.2,80.2,164,Straight,Distance,Consistent,No preference,10.5,A,game-improvement
19.9,77.1,174,Straight,Forgiveness,Consistent,Confidence-inspiring,12,A,game-improvement
16.5,83.6,176,Slice,Distance,Left/Right,No preference,10.5,A,game-improvement
13.5,94.5,216,Straight,Forgiveness,Inconsistent,No preference,10.5,R,super-game-improvement
8.9,90.0,211,Fade,Accuracy,Fat/Thin,No preference,10.5,R,players-distance
23.5,87.7,191,Fade,Accuracy,Left/Right,Forged/Blade-like,10.5,R,players-distance
6.5,107.6,253,Draw,Accuracy,Inconsistent,Confidence-inspiring,9,S,players-cb
21.6,97.1,228,Slice,Forgiveness,Fat/Thin,No preference,10.5,S,game-improvement
35.7,75.1,179,Straight,Forgiveness,Inconsistent,Forged/Blade-like,12,A,super-game-improvement
30.4,72.3,160,Fade,Forgiveness,Left/Right,Confidence-inspiring,12,A,super-game-improvement
3.5,97.9,229,Straight,Accuracy,Consistent,Forged/Blade-like,9,S,blade
12.2,104.3,245,Straight,Accuracy,Left/Right,Forged/Blade-like,9,S,players-cb
20.8,100.7,225,Draw,Forgiveness,Fat/Thin,No preference,10.5,S,super-game-improvement
16.4,98.4,235,Draw,Forgiveness,Consistent,Confidence-inspiring,10.5,S,game-improvement
4.4,115.0,280,Fade,Distance,Fat/Thin,Forged/Blade-like,8,X,blade
20.5,109.4,234,Slice,Distance,Left/Right,Confidence-inspiring,8,S,game-improvement
16.9,89.7,216,Slice,Forgiveness,Left/Right,Confidence-inspiring,10.5,R,super-game-improvement
34.2,97.6,218,Slice,Forgiveness,Fat/Thin,Confidence-inspiring,10.5,X,super-game-improvement
14.7,93.4,230,Fade,Forgiveness,Fat/Thin,No preference,10.5,R,super-game-improvement
27.5,97.5,210,Slice,Accuracy,Left/Right,Confidence-inspiring,10.5,S,super-game-improvement
5.6,109.3,265,Draw,Accuracy,Consistent,No preference,8,S,blade
7.7,81.0,182,Fade,Accuracy,Inconsistent,No preference,12,A,game-improvement
23.5,80.4,180,Draw,Accuracy,Fat/Thin,Confidence-inspiring,12,A,super-game-improvement
26.8,75.6,171,Straight,Accuracy,Fat/Thin,Confidence-inspiring,12,A,super-game-improvement
8.4,82.5,190,Fade,Distance,Consistent,Forged/Blade-like,10.5,L,players-cb
17.2,103.1,240,Draw,Accuracy,Inconsistent,Forged/Blade-like,9,S,players-cb
4.6,120.0,291,Fade,Distance,Consistent,No preference,8,X,blade
15.4,93.0,211,Straight,Accuracy,Left/Right,No preference,10.5,R,players-distance
24.5,97.9,231,Slice,Distance,Left/Right,No preference,10.5,S,game-improvement
13.1,111.9,259,Draw,Forgiveness,Fat/Thin,No preference,9,X,game-improvement
14.8,98.0,228,Slice,Distance,Fat/Thin,No preference,9,S,game-improvement
6.8,101.1,228,Draw,Distance,Left/Right,No preference,9,S,players-cb
11.2,95.9,230,Straight,Distance,Consistent,Confidence-inspiring,10.5,R,players-cb
32.8,89.1,188,Fade,Forgiveness,Inconsistent,Confidence-inspiring,10.5,R,super-game-improvement
17.7,102.7,244,Slice,Forgiveness,Left/Right,No preference,9,S,players-distance
8.0,105.2,238,Hook,Accuracy,Consistent,No preference,9,S,players-cb
14.2,100.6,237,Slice,Accuracy,Inconsistent,Confidence-inspiring,9,X,super-game-improvement
2.6,103.7,232,Draw,Distance,Consistent,No preference,8,S,blade
7.9,84.7,207,Straight,Distance,Consistent,No preference,10.5,A,players-cb
29.2,95.1,206,Slice,Forgiveness,Left/Right,Confidence-inspiring,10.5,R,game-improvement
15.7,82.5,194,Straight,Accuracy,Left/Right,No preference,10.5,A,players-distance
34.0,89.1,186,Slice,Accuracy,Left/Right,Confidence-inspiring,10.5,R,super-game-improvement
16.1,102.6,228,Straight,Forgiveness,Left/Right,No preference,9,S,game-improvement
16.7,83.2,187,Straight,Forgiveness,Fat/Thin,No preference,10.5,A,super-game-improvement
22.8,84.4,191,Straight,Forgiveness,Left/Right,No preference,10.5,R,super-game-improvement
0.0,120.0,299,Straight,Accuracy,Fat/Thin,Confidence-inspiring,8,X,players-cb
18.8,92.4,213,Fade,Forgiveness,Left/Right,Confidence-inspiring,10.5,R,super-game-improvement
16.6,82.5,181,Hook,Forgiveness,Consistent,Forged/Blade-like,10.5,A,players-distance
30.4,93.3,220,Draw,Accuracy,Inconsistent,Confidence-inspiring,10.5,R,super-game-improvement
25.7,80.8,182,Straight,Accuracy,Fat/Thin,Confidence-inspiring,12,A,super-game-improvement
6.8,82.2,191,Fade,Accuracy,Fat/Thin,Forged/Blade-like,10.5,L,players-cb
28.2,92.0,206,Slice,Distance,Fat/Thin,Confidence-inspiring,10.5,R,super-game-improvement
14.6,86.9,204,Fade,Distance,Left/Right,No preference,9,R,players-distance
8.9,103.2,243,Fade,Accuracy,Consistent,Forged/Blade-like,9,S,players-distance
18.8,85.1,191,Draw,Accuracy,Inconsistent,Confidence-inspiring,10.5,R,super-game-improvement
15.2,102.7,246,Straight,Accuracy,Left/Right,No preference,9,S,players-distance
30.8,86.9,204,Draw,Forgiveness,Inconsistent,Confidence-inspiring,10.5,R,super-game-improvement
20.1,66.4,132,Straight,Accuracy,Inconsistent,Confidence-inspiring,12,L,super-game-improvement
18.9,97.0,232,Draw,Distance,Left/Right,No preference,9,S,players-distance
25.1,86.0,191,Slice,Distance,Left/Right,Confidence-inspiring,10.5,R,super-game-improvement
26.8,101.9,227,Fade,Forgiveness,Left/Right,Confidence-inspiring,10.5,S,super-game-improvement
24.1,93.6,221,Slice,Distance,Fat/Thin,No preference,10.5,S,super-game-improvement
29.8,93.3,180,Slice,Forgiveness,Fat/Thin,No preference,10.5,R,super-game-improvement
22.5,83.6,195,Slice,Forgiveness,Inconsistent,Confidence-inspiring,10.5,A,super-game-improvement
18.5,85.5,207,Hook,Distance,Fat/Thin,No preference,10.5,R,players-distance
28.2,86.6,184,Slice,Distance,Fat/Thin,No preference,10.5,A,super-game-improvement
16.2,91.4,198,Draw,Distance,Left/Right,Confidence-inspiring,10.5,R,game-improvement
17.3,107.6,262,Draw,Distance,Fat/Thin,No preference,9,S,players-distance
32.5,82.4,162,Slice,Forgiveness,Inconsistent,Confidence-inspiring,10.5,A,game-improvement
31.6,72.3,160,Fade,Forgiveness,Left/Right,No preference,10.5,A,super-game-improvement
16.9,86.2,207,Straight,Accuracy,Left/Right,Confidence-inspiring,12,R,game-improvement
12.9,106.9,253,Slice,Accuracy,Consistent,Confidence-inspiring,9,S,players-distance
30.2,83.8,188,Straight,Forgiveness,Left/Right,Confidence-inspiring,10.5,A,super-game-improvement
24.2,87.3,192,Slice,Distance,Inconsistent,Confidence-inspiring,9,R,super-game-improvement
19.8,103.1,238,Straight,Accuracy,Fat/Thin,Forged/Blade-like,9,S,players-cb
14.1,87.3,196,Hook,Accuracy,Left/Right,Forged/Blade-like,10.5,S,players-cb
20.0,70.0,154,Slice,Forgiveness,Inconsistent,Confidence-inspiring,12,L,super-game-improvement
16.8,86.0,198,Straight,Accuracy,Fat/Thin,Confidence-inspiring,10.5,R,game-improvement
11.0,100.9,223,Straight,Accuracy,Consistent,Confidence-inspiring,9,S,players-cb
18.2,91.1,213,Fade,Forgiveness,Fat/Thin,Forged/Blade-like,10.5,S,game-improvement
19.4,77.2,153,Fade,Distance,Left/Right,Confidence-inspiring,12,R,game-improvement
13.6,106.9,252,Draw,Distance,Inconsistent,Confidence-inspiring,9,S,players-distance
25.1,90.6,206,Hook,Forgiveness,Inconsistent,Confidence-inspiring,10.5,R,super-game-improvement
28.6,90.4,191,Slice,Accuracy,Left/Right,Confidence-inspiring,10.5,R,super-game-improvement
25.7,92.7,195,Slice,Distance,Left/Right,Confidence-inspiring,10.5,S,super-game-improvement
14.5,83.2,189,Draw,Accuracy,Consistent,No preference,10.5,A,players-cb
23.8,92.8,213,Slice,Accuracy,Fat/Thin,No preference,10.5,S,super-game-improvement
17.7,103.0,239,Slice,Accuracy,Fat/Thin,Confidence-inspiring,9,S,game-improvement
5.9,113.4,262,Slice,Accuracy,Consistent,No preference,8,X,blade
23.1,97.5,220,Hook,Forgiveness,Fat/Thin,Confidence-inspiring,10.5,S,super-game-improvement
18.3,98.7,228,Slice,Forgiveness,Fat/Thin,Forged/Blade-like,10.5,X,game-improvement
36.0,65.0,140,Slice,Distance,Fat/Thin,Confidence-inspiring,12,L,super-game-improvement
30.1,85.4,177,Slice,Forgiveness,Left/Right,Confidence-inspiring,10.5,R,super-game-improvement
23.4,80.5,182,Draw,Forgiveness,Left/Right,Confidence-inspiring,12,A,super-game-improvement
19.2,105.8,249,Fade,Forgiveness,Fat/Thin,Forged/Blade-like,9,S,players-distance
18.5,104.7,244,Straight,Forgiveness,Inconsistent,No preference,9,S,game-improvement
8.0,91.1,220,Fade,Forgiveness,Left/Right,Forged/Blade-like,10.5,R,players-cb
1.3,104.7,270,Straight,Distance,Fat/Thin,No preference,9,S,players-cb
9.1,102.3,244,Straight,Forgiveness,Consistent,No preference,9,S,players-cb
16.6,103.7,231,Straight,Accuracy,Consistent,Confidence-inspiring,9,S,players-cb
0.0,89.2,211,Straight,Accuracy,Consistent,Forged/Blade-like,10.5,R,blade
12.1,75.7,179,Slice,Distance,Fat/Thin,Confidence-inspiring,10.5,A,super-game-improvement
14.8,96.3,210,Hook,Forgiveness,Fat/Thin,Forged/Blade-like,10.5,R,players-distance
15.1,70.4,160,Hook,Forgiveness,Left/Right,No preference,12,L,game-improvement
11.0,100.1,240,Hook,Distance,Inconsistent,Confidence-inspiring,9,S,players-distance
13.9,102.5,249,Draw,Accuracy,Inconsistent,Confidence-inspiring,9,S,game-improvement
32.5,96.3,194,Fade,Forgiveness,Fat/Thin,Confidence-inspiring,10.5,R,super-game-improvement
23.0,84.1,190,Fade,Forgiveness,Inconsistent,Confidence-inspiring,10.5,R,super-game-improvement
12.0,99.5,232,Straight,Forgiveness,Left/Right,No preference,9,S,game-improvement
16.4,101.4,234,Hook,Distance,Left/Right,Forged/Blade-like,9,R,players-cb
16.7,82.9,192,Fade,Forgiveness,Fat/Thin,Forged/Blade-like,10.5,A,game-improvement
10.1,108.3,255,Fade,Forgiveness,Fat/Thin,Confidence-inspiring,9,S,game-improvement
10.1,101.9,253,Draw,Accuracy,Consistent,No preference,9,S,players-cb
26.1,82.2,193,Slice,Forgiveness,Left/Right,No preference,10.5,A,super-game-improvement
13.2,98.4,249,Hook,Distance,Fat/Thin,Confidence-inspiring,8,S,game-improvement
7.1,99.8,238,Slice,Accuracy,Consistent,Confidence-inspiring,9,S,players-distance
16.6,102.5,232,Fade,Distance,Inconsistent,No preference,9,S,players-distance
18.1,90.1,197,Hook,Distance,Fat/Thin,No preference,10.5,R,players-distance
0.0,108.3,261,Hook,Distance,Left/Right,Confidence-inspiring,8,S,players-cb
16.6,88.5,210,Fade,Forgiveness,Fat/Thin,No preference,10.5,R,super-game-improvement
24.8,79.8,186,Slice,Distance,Fat/Thin,Forged/Blade-like,12,A,game-improvement
21.1,93.4,217,Straight,Distance,Fat/Thin,Confidence-inspiring,10.5,R,super-game-improvement
36.0,72.6,148,Fade,Forgiveness,Fat/Thin,No preference,12,A,super-game-improvement
28.3,94.8,202,Hook,Accuracy,Inconsistent,No preference,10.5,R,super-game-improvement
30.0,91.5,217,Draw,Forgiveness,Left/Right,Confidence-inspiring,10.5,S,super-game-improvement
36.0,73.9,150,Hook,Accuracy,Left/Right,Forged/Blade-like,12,A,game-improvement
23.8,92.0,218,Slice,Distance,Fat/Thin,Confidence-inspiring,10.5,R,super-game-improvement
18.5,85.7,199,Straight,Forgiveness,Inconsistent,No preference,10.5,R,super-game-improvement
25.8,72.4,154,Slice,Forgiveness,Fat/Thin,Confidence-inspiring,12,A,game-improvement
12.0,91.9,205,Straight,Forgiveness,Fat/Thin,Forged/Blade-like,10.5,R,game-improvement
18.0,93.3,207,Slice,Accuracy,Left/Right,Forged/Blade-like,10.5,R,players-cb
11.2,103.6,247,Straight,Accuracy,Inconsistent,No preference,9,S,players-distance
20.6,93.5,204,Hook,Distance,Fat/Thin,No preference,10.5,R,game-improvement
11.1,107.5,267,Straight,Accuracy,Left/Right,No preference,9,S,players-cb
10.8,88.8,207,Draw,Distance,Left/Right,Confidence-inspiring,10.5,R,players-distance
20.7,88.2,206,Slice,Forgiveness,Fat/Thin,Confidence-inspiring,9,R,super-game-improvement
15.8,111.7,263,Draw,Forgiveness,Inconsistent,Confidence-inspiring,9,X,super-game-improvement
0.0,86.7,227,Draw,Forgiveness,Fat/Thin,No preference,10.5,A,players-distance
3.9,98.8,235,Draw,Forgiveness,Inconsistent,No preference,10.5,S,players-distance
6.7,90.7,218,Straight,Distance,Consistent,Forged/Blade-like,10.5,R,blade
9.1,97.9,219,Draw,Accuracy,Consistent,No preference,9,S,players-cb
20.7,87.6,199,Hook,Forgiveness,Left/Right,Confidence-inspiring,10.5,R,game-improvement
19.0,99.1,236,Draw,Accuracy,Left/Right,No preference,9,S,players-distance
26.6,90.5,202,Fade,Accuracy,Inconsistent,Confidence-inspiring,10.5,R,super-game-improvement
23.8,76.8,193,Draw,Distance,Inconsistent,Confidence-inspiring,12,A,super-game-improvement
26.6,82.0,186,Slice,Accuracy,Left/Right,Confidence-inspiring,10.5,A,super-game-improvement
22.5,90.7,199,Straight,Forgiveness,Left/Right,Confidence-inspiring,10.5,R,super-game-improvement
18.9,100.5,233,Fade,Forgiveness,Left/Right,Forged/Blade-like,10.5,S,players-distance
26.9,112.0,234,Straight,Accuracy,Fat/Thin,No preference,10.5,X,game-improvement
25.3,95.8,206,Slice,Accuracy,Fat/Thin,Confidence-inspiring,10.5,R,game-improvement
20.4,82.0,175,Hook,Forgiveness,Inconsistent,Confidence-inspiring,10.5,A,super-game-improvement
28.4,85.7,188,Slice,Forgiveness,Fat/Thin,Confidence-inspiring,10.5,R,super-game-improvement
0.0,107.8,264,Fade,Distance,Left/Right,Forged/Blade-like,9,S,blade
14.4,91.0,222,Draw,Forgiveness,Fat/Thin,No preference,12,R,game-improvement
14.2,101.0,234,Slice,Distance,Inconsistent,Confidence-inspiring,8,S,super-game-improvement
27.4,65.0,134,Slice,Accuracy,Left/Right,Confidence-inspiring,12,A,super-game-improvement
31.1,90.4,210,Straight,Distance,Fat/Thin,Confidence-inspiring,10.5,R,super-game-improvement
3.9,98.6,212,Draw,Accuracy,Left/Right,Forged/Blade-like,9,S,blade
29.7,84.7,185,Slice,Forgiveness,Consistent,Forged/Blade-like,10.5,R,players-distance
6.5,116.2,280,Straight,Accuracy,Left/Right,Confidence-inspiring,8,X,players-distance
6.7,88.8,212,Draw,Accuracy,Inconsistent,No preference,10.5,R,players-distance
14.9,98.6,233,Fade,Forgiveness,Fat/Thin,Confidence-inspiring,10.5,S,super-game-improvement
14.1,104.4,244,Straight,Forgiveness,Fat/Thin,No preference,9,S,game-improvement
3.0,105.7,261,Straight,Accuracy,Left/Right,Confidence-inspiring,9,X,players-distance
22.8,74.4,162,Fade,Accuracy,Fat/Thin,Confidence-inspiring,12,R,super-game-improvement
23.1,103.8,220,Slice,Forgiveness,Inconsistent,Forged/Blade-like,9,S,game-improvement
26.5,85.9,190,Slice,Accuracy,Left/Right,Confidence-inspiring,10.5,R,super-game-improvement
13.1,91.8,205,Fade,Distance,Left/Right,Forged/Blade-like,10.5,R,players-cb
16.6,91.6,204,Slice,Forgiveness,Consistent,No preference,10.5,R,game-improvement
16.7,90.8,219,Slice,Forgiveness,Left/Right,Forged/Blade-like,10.5,R,players-distance
32.2,72.2,170,Straight,Distance,Fat/Thin,Confidence-inspiring,10.5,A,super-game-improvement
0.0,107.6,274,Fade,Accuracy,Consistent,No preference,9,S,blade
8.4,94.3,233,Straight,Distance,Inconsistent,Confidence-inspiring,10.5,R,game-improvement
17.0,101.1,233,Straight,Forgiveness,Inconsistent,No preference,10.5,S,super-game-improvement
7.2,106.3,263,Straight,Accuracy,Consistent,Forged/Blade-like,9,S,players-cb
14.7,112.3,263,Fade,Accuracy,Left/Right,Confidence-inspiring,8,X,players-distance
15.9,93.1,232,Draw,Distance,Consistent,No preference,10.5,R,players-cb
11.1,90.4,204,Fade,Distance,Inconsistent,Forged/Blade-like,10.5,R,players-cb
17.6,79.3,188,Straight,Accuracy,Consistent,Confidence-inspiring,10.5,A,players-cb
22.7,112.5,241,Straight,Forgiveness,Left/Right,Confidence-inspiring,9,X,super-game-improvement
14.9,102.5,243,Slice,Accuracy,Left/Right,Confidence-inspiring,9,S,players-distance
12.9,90.3,195,Straight,Accuracy,Left/Right,Confidence-inspiring,10.5,R,super-game-improvement
15.5,112.4,249,Straight,Accuracy,Inconsistent,Forged/Blade-like,8,X,players-cb
16.9,108.1,237,Fade,Accuracy,Consistent,Confidence-inspiring,8,S,players-cb
1.3,91.6,226,Fade,Distance,Consistent,No preference,10.5,S,blade
21.2,84.0,193,Straight,Accuracy,Fat/Thin,Confidence-inspiring,10.5,S,super-game-improvement
12.9,95.9,246,Draw,Accuracy,Left/Right,Forged/Blade-like,10.5,S,players-cb
28.4,76.0,166,Draw,Accuracy,Fat/Thin,Confidence-inspiring,12,A,super-game-improvement
22.3,89.9,209,Straight,Accuracy,Inconsistent,Confidence-inspiring,12,S,game-improvement
27.5,94.4,209,Slice,Forgiveness,Fat/Thin,Confidence-inspiring,10.5,R,super-game-improvement
7.9,86.9,213,Straight,Distance,Inconsistent,Confidence-inspiring,10.5,R,game-improvement
13.7,99.6,233,Fade,Accuracy,Left/Right,No preference,9,S,players-distance
5.8,113.7,283,Fade,Accuracy,Consistent,No preference,8,X,blade
10.7,102.7,232,Fade,Accuracy,Consistent,Forged/Blade-like,9,S,players-cb
28.3,86.0,167,Straight,Forgiveness,Fat/Thin,Confidence-inspiring,10.5,R,super-game-improvement
30.4,78.6,175,Fade,Forgiveness,Inconsistent,Confidence-inspiring,12,A,super-game-improvement
6.7,109.8,246,Straight,Accuracy,Left/Right,Forged/Blade-like,9,S,blade
12.9,85.5,211,Draw,Accuracy,Fat/Thin,Forged/Blade-like,12,R,players-cb
16.3,97.3,219,Hook,Distance,Inconsistent,No preference,9,S,game-improvement
22.3,91.1,196,Straight,Accuracy,Left/Right,Confidence-inspiring,10.5,R,super-game-improvement
1.2,116.4,308,Straight,Forgiveness,Consistent,Confidence-inspiring,9,X,players-cb
2.6,98.4,239,Draw,Accuracy,Consistent,No preference,9,S,blade
21.4,86.5,193,Fade,Accuracy,Left/Right,Confidence-inspiring,10.5,R,super-game-improvement
0.0,93.6,236,Straight,Accuracy,Left/Right,No preference,10.5,R,players-cb
13.0,101.5,244,Fade,Forgiveness,Fat/Thin,No preference,10.5,S,super-game-improvement
18.5,89.2,214,Straight,Accuracy,Fat/Thin,No preference,12,R,game-improvement
20.7,83.3,177,Slice,Distance,Inconsistent,Confidence-inspiring,10.5,L,super-game-improvement
15.7,87.7,207,Draw,Forgiveness,Left/Right,No preference,10.5,S,game-improvement
13.7,102.1,235,Slice,Forgiveness,Inconsistent,No preference,9,S,game-improvement
24.6,78.2,166,Straight,Forgiveness,Inconsistent,Confidence-inspiring,10.5,A,super-game-improvement
19.6,82.5,188,Fade,Forgiveness,Consistent,Confidence-inspiring,10.5,A,game-improvement
11.2,107.3,236,Fade,Distance,Inconsistent,No preference,9,S,players-cb
17.3,92.6,221,Slice,Distance,Fat/Thin,Confidence-inspiring,10.5,R,game-improvement
20.4,101.7,228,Straight,Distance,Left/Right,Forged/Blade-like,9,S,players-distance
32.5,80.3,169,Draw,Forgiveness,Left/Right,No preference,12,A,game-improvement
24.1,89.6,199,Slice,Forgiveness,Fat/Thin,Confidence-inspiring,10.5,R,super-game-improvement
27.9,88.6,193,Slice,Forgiveness,Left/Right,Confidence-inspiring,10.5,A,super-game-improvement
11.5,112.1,273,Straight,Forgiveness,Fat/Thin,Confidence-inspiring,9,X,game-improvement
12.3,110.7,249,Slice,Distance,Consistent,Confidence-inspiring,8,X,players-distance
14.9,107.4,245,Slice,Forgiveness,Inconsistent,No preference,9,S,game-improvement
15.7,89.0,204,Slice,Accuracy,Consistent,Forged/Blade-like,10.5,S,players-cb
7.9,90.8,206,Straight,Forgiveness,Fat/Thin,No preference,10.5,S,super-game-improvement
28.4,94.3,208,Hook,Forgiveness,Inconsistent,Confidence-inspiring,10.5,R,super-game-improvement
25.0,102.8,222,Draw,Forgiveness,Fat/Thin,Confidence-inspiring,10.5,S,super-game-improvement
14.2,108.0,238,Draw,Distance,Left/Right,Confidence-inspiring,8,S,players-distance
22.8,90.6,208,Fade,Forgiveness,Consistent,Confidence-inspiring,10.5,R,super-game-improvement
19.0,100.4,243,Slice,Forgiveness,Fat/Thin,Forged/Blade-like,10.5,R,game-improvement
23.5,97.5,219,Slice,Accuracy,Left/Right,Confidence-inspiring,9,S,super-game-improvement
4.9,104.2,250,Straight,Accuracy,Fat/Thin,Forged/Blade-like,8,R,blade
15.7,97.2,223,Slice,Forgiveness,Fat/Thin,No preference,9,S,super-game-improvement
16.5,95.8,216,Draw,Accuracy,Consistent,Confidence-inspiring,10.5,R,players-distance
22.6,82.8,197,Slice,Distance,Inconsistent,Confidence-inspiring,10.5,A,super-game-improvement
11.3,91.5,216,Hook,Forgiveness,Left/Right,Confidence-inspiring,10.5,R,game-improvement
0.0,99.0,223,Fade,Distance,Left/Right,Confidence-inspiring,10.5,S,players-cb
7.3,85.0,213,Fade,Forgiveness,Consistent,Forged/Blade-like,10.5,R,players-cb
16.5,96.2,230,Straight,Accuracy,Left/Right,No preference,9,R,players-distance
17.6,93.6,220,Straight,Forgiveness,Fat/Thin,Forged/Blade-like,10.5,R,game-improvement
32.2,91.7,173,Draw,Forgiveness,Left/Right,Confidence-inspiring,10.5,R,game-improvement
22.2,103.5,233,Fade,Forgiveness,Left/Right,Confidence-inspiring,9,R,super-game-improvement
17.7,107.2,254,Draw,Forgiveness,Consistent,No preference,9,S,players-distance
16.7,108.8,254,Slice,Distance,Inconsistent,Confidence-inspiring,8,S,game-improvement
26.9,80.1,179,Hook,Distance,Fat/Thin,Confidence-inspiring,12,R,super-game-improvement
11.7,83.7,204,Fade,Accuracy,Left/Right,No preference,10.5,A,players-distance
15.7,104.6,243,Fade,Distance,Inconsistent,No preference,9,X,players-distance
7.2,114.9,285,Straight,Accuracy,Inconsistent,Forged/Blade-like,8,X,players-cb
29.8,101.3,222,Straight,Accuracy,Consistent,No preference,10.5,R,game-improvement
20.5,96.9,220,Slice,Distance,Inconsistent,Confidence-inspiring,9,R,super-game-improvement
10.6,78.8,194,Slice,Accuracy,Left/Right,Forged/Blade-like,12,L,players-cb
16.0,98.8,224,Fade,Distance,Left/Right,Confidence-inspiring,9,S,game-improvement
21.6,96.9,209,Slice,Accuracy,Inconsistent,No preference,9,R,super-game-improvement
14.7,108.5,252,Straight,Accuracy,Left/Right,No preference,8,S,players-distance
12.2,112.0,267,Slice,Distance,Fat/Thin,Forged/Blade-like,8,X,players-cb
11.1,107.5,261,Straight,Forgiveness,Inconsistent,Forged/Blade-like,9,S,players-distance
20.1,86.5,205,Draw,Accuracy,Left/Right,Confidence-inspiring,12,R,game-improvement
13.8,86.3,200,Straight,Distance,Consistent,Confidence-inspiring,9,R,players-distance
12.9,102.6,238,Straight,Distance,Left/Right,No preference,9,S,players-distance
5.0,94.7,222,Straight,Distance,Consistent,No preference,9,R,blade
17.7,108.7,251,Slice,Distance,Left/Right,Confidence-inspiring,8,S,game-improvement
15.4,78.5,167,Slice,Forgiveness,Left/Right,Confidence-inspiring,12,A,super-game-improvement
14.1,102.1,237,Fade,Distance,Fat/Thin,No preference,10.5,R,players-distance
18.8,96.4,246,Slice,Distance,Inconsistent,Confidence-inspiring,8,R,game-improvement
23.7,87.8,183,Draw,Forgiveness,Inconsistent,Confidence-inspiring,10.5,R,super-game-improvement
23.3,80.9,183,Straight,Accuracy,Left/Right,Confidence-inspiring,12,A,super-game-improvement
22.0,70.4,162,Fade,Forgiveness,Fat/Thin,Forged/Blade-like,12,L,super-game-improvement
14.8,90.6,214,Straight,Forgiveness,Inconsistent,No preference,9,R,super-game-improvement
11.9,92.8,209,Straight,Accuracy,Inconsistent,Forged/Blade-like,10.5,R,players-cb
7.6,111.9,271,Straight,Distance,Consistent,No preference,8,X,players-cb
11.7,90.2,207,Fade,Forgiveness,Fat/Thin,Forged/Blade-like,12,R,players-distance
17.2,98.8,214,Straight,Forgiveness,Fat/Thin,Forged/Blade-like,10.5,S,game-improvement
9.9,86.3,212,Straight,Accuracy,Consistent,No preference,10.5,S,players-cb
17.9,98.6,232,Fade,Distance,Inconsistent,Confidence-inspiring,9,S,game-improvement
8.3,78.0,177,Straight,Accuracy,Consistent,Forged/Blade-like,12,A,players-cb
2.1,120.0,287,Draw,Accuracy,Consistent,Confidence-inspiring,8,X,blade
24.4,88.0,191,Draw,Forgiveness,Fat/Thin,Confidence-inspiring,10.5,R,super-game-improvement
12.7,69.4,147,Straight,Accuracy,Fat/Thin,Forged/Blade-like,12,L,players-distance
9.5,92.4,225,Straight,Accuracy,Consistent,Confidence-inspiring,10.5,R,players-cb
7.2,92.3,227,Fade,Accuracy,Consistent,No preference,10.5,R,players-distance
20.8,85.3,190,Draw,Forgiveness,Left/Right,Confidence-inspiring,10.5,R,super-game-improvement
29.4,82.4,180,Straight,Accuracy,Inconsistent,Confidence-inspiring,12,A,super-game-improvement
13.4,90.3,211,Straight,Accuracy,Inconsistent,Confidence-inspiring,10.5,R,super-game-improvement
15.1,87.6,205,Slice,Accuracy,Consistent,No preference,10.5,R,players-distance
26.6,76.3,157,Slice,Accuracy,Left/Right,No preference,12,A,super-game-improvement
0.7,113.7,282,Hook,Distance,Left/Right,Forged/Blade-like,9,X,blade
34.7,94.4,191,Slice,Accuracy,Left/Right,No preference,10.5,R,super-game-improvement
36.0,79.0,174,Slice,Accuracy,Left/Right,Confidence-inspiring,10.5,A,super-game-improvement
0.0,105.8,250,Fade,Distance,Consistent,Forged/Blade-like,9,S,blade
16.1,83.8,181,Straight,Forgiveness,Fat/Thin,No preference,10.5,A,super-game-improvement
10.5,99.6,234,Draw,Accuracy,Left/Right,Forged/Blade-like,9,S,players-cb
14.6,98.4,228,Draw,Accuracy,Inconsistent,No preference,9,S,players-distance
13.2,94.8,222,Draw,Forgiveness,Consistent,No preference,10.5,R,players-distance
24.3,93.4,200,Fade,Accuracy,Fat/Thin,Confidence-inspiring,10.5,R,super-game-improvement
16.0,98.2,228,Fade,Forgiveness,Inconsistent,Confidence-inspiring,10.5,S,super-game-improvement
8.8,89.5,215,Draw,Accuracy,Consistent,No preference,12,R,players-cb
15.5,107.4,259,Draw,Forgiveness,Left/Right,Confidence-inspiring,9,R,game-improvement
21.6,89.2,203,Fade,Forgiveness,Inconsistent,Confidence-inspiring,10.5,A,super-game-improvement
6.3,118.5,278,Draw,Distance,Inconsistent,No preference,8,X,players-cb
2.2,108.7,252,Draw,Accuracy,Fat/Thin,No preference,8,S,players-cb
34.9,102.0,204,Slice,Forgiveness,Left/Right,No preference,10.5,S,super-game-improvement
11.2,110.1,262,Slice,Forgiveness,Left/Right,Confidence-inspiring,9,X,game-improvement
15.8,97.5,232,Fade,Accuracy,Consistent,No preference,9,S,players-cb
13.4,89.7,201,Draw,Forgiveness,Left/Right,Forged/Blade-like,10.5,R,players-distance
21.9,84.1,192,Slice,Accuracy,Fat/Thin,Confidence-inspiring,10.5,R,super-game-improvement
33.0,88.9,190,Slice,Accuracy,Fat/Thin,Confidence-inspiring,10.5,R,super-game-improvement
22.2,92.3,214,Fade,Distance,Fat/Thin,Confidence-inspiring,10.5,R,super-game-improvement
3.3,97.9,245,Draw,Distance,Inconsistent,Forged/Blade-like,9,S,blade
4.5,111.3,248,Straight,Distance,Inconsistent,Confidence-inspiring,8,X,players-cb
13.4,97.3,236,Fade,Forgiveness,Left/Right,Forged/Blade-like,10.5,S,players-distance
14.6,104.5,245,Draw,Distance,Fat/Thin,Confidence-inspiring,9,S,game-improvement
1.5,95.2,227,Draw,Forgiveness,Consistent,No preference,10.5,R,players-cb
24.4,99.4,217,Straight,Distance,Left/Right,Confidence-inspiring,10.5,S,super-game-improvement
7.2,106.1,253,Slice,Accuracy,Fat/Thin,Forged/Blade-like,9,X,players-cb
30.4,97.3,207,Straight,Forgiveness,Fat/Thin,Confidence-inspiring,10.5,S,game-improvement
33.4,93.1,192,Fade,Distance,Fat/Thin,Confidence-inspiring,10.5,R,super-game-improvement
14.8,95.1,214,Straight,Accuracy,Fat/Thin,No preference,10.5,R,game-improvement
21.0,90.1,194,Draw,Forgiveness,Fat/Thin,Forged/Blade-like,10.5,R,game-improvement
5.9,119.8,299,Straight,Distance,Left/Right,No preference,8,S,players-cb
22.6,87.7,198,Hook,Forgiveness,Fat/Thin,Forged/Blade-like,10.5,R,game-improvement
12.5,105.0,266,Fade,Distance,Fat/Thin,Forged/Blade-like,9,S,players-cb
7.2,97.3,235,Fade,Distance,Consistent,Confidence-inspiring,9,S,players-cb
14.4,77.6,185,Draw,Forgiveness,Left/Right,Confidence-inspiring,12,A,game-improvement
12.8,85.0,189,Straight,Accuracy,Left/Right,Forged/Blade-like,10.5,R,players-cb
14.1,100.5,232,Draw,Accuracy,Fat/Thin,No preference,9,S,game-improvement
25.5,95.7,213,Slice,Forgiveness,Left/Right,Confidence-inspiring,10.5,R,super-game-improvement
9.9,103.4,238,Slice,Accuracy,Fat/Thin,Forged/Blade-like,9,S,players-cb
32.6,95.3,201,Straight,Accuracy,Left/Right,Confidence-inspiring,10.5,R,super-game-improvement
5.1,106.4,260,Draw,Accuracy,Left/Right,No preference,9,S,players-cb
31.5,76.8,170,Fade,Accuracy,Left/Right,Confidence-inspiring,12,A,super-game-improvement
7.9,106.6,242,Fade,Accuracy,Consistent,Confidence-inspiring,9,S,players-cb
17.0,96.1,223,Slice,Distance,Left/Right,Forged/Blade-like,8,R,players-cb
12.6,91.7,219,Fade,Accuracy,Inconsistent,Forged/Blade-like,10.5,R,players-cb
13.9,101.3,230,Straight,Distance,Left/Right,Confidence-inspiring,9,R,game-improvement
24.2,90.3,195,Slice,Forgiveness,Inconsistent,No preference,10.5,R,super-game-improvement
30.5,79.2,176,Slice,Forgiveness,Left/Right,Confidence-inspiring,10.5,A,super-game-improvement
27.7,85.4,165,Straight,Forgiveness,Inconsistent,Confidence-inspiring,10.5,R,super-game-improvement
13.4,111.0,259,Slice,Accuracy,Consistent,No preference,8,X,players-cb
18.7,107.1,259,Fade,Distance,Inconsistent,Forged/Blade-like,9,S,players-cb
10.0,101.1,215,Slice,Forgiveness,Fat/Thin,No preference,10.5,S,game-improvement
8.1,101.1,248,Hook,Distance,Consistent,No preference,9,R,players-cb
6.7,87.1,213,Straight,Forgiveness,Fat/Thin,No preference,10.5,R,game-improvement
13.1,114.3,254,Straight,Distance,Inconsistent,Confidence-inspiring,8,X,game-improvement
19.2,103.3,240,Slice,Forgiveness,Fat/Thin,Forged/Blade-like,9,S,game-improvement
0.0,113.5,287,Straight,Accuracy,Consistent,No preference,8,X,blade
16.6,72.0,155,Straight,Accuracy,Left/Right,Forged/Blade-like,12,R,players-distance
30.6,85.6,180,Slice,Forgiveness,Fat/Thin,Confidence-inspiring,10.5,R,super-game-improvement
27.1,86.3,191,Straight,Accuracy,Fat/Thin,Confidence-inspiring,12,R,game-improvement
11.7,104.9,255,Straight,Distance,Left/Right,No preference,9,S,players-cb
4.4,98.5,233,Straight,Distance,Left/Right,Confidence-inspiring,9,S,players-cb
21.1,89.3,201,Slice,Distance,Inconsistent,Confidence-inspiring,10.5,R,super-game-improvement
0.0,112.2,269,Draw,Accuracy,Fat/Thin,No preference,8,S,players-cb
27.0,79.9,177,Slice,Distance,Fat/Thin,No preference,12,A,super-game-improvement
15.1,90.0,218,Straight,Forgiveness,Inconsistent,Forged/Blade-like,10.5,R,players-distance
33.5,85.2,184,Straight,Distance,Fat/Thin,Confidence-inspiring,10.5,R,super-game-improvement
1.5,118.4,285,Slice,Accuracy,Consistent,No preference,8,X,blade
25.3,96.9,215,Draw,Accuracy,Left/Right,Confidence-inspiring,10.5,R,players-distance
16.1,105.8,237,Slice,Forgiveness,Left/Right,Confidence-inspiring,9,S,super-game-improvement
14.0,97.1,217,Fade,Forgiveness,Left/Right,Forged/Blade-like,10.5,S,players-distance
4.7,117.8,294,Straight,Accuracy,Left/Right,Forged/Blade-like,8,S,blade
22.4,73.4,180,Slice,Distance,Fat/Thin,Confidence-inspiring,12,A,super-game-improvement
23.1,110.5,232,Fade,Accuracy,Consistent,Forged/Blade-like,8,X,players-cb
33.1,105.0,231,Straight,Forgiveness,Left/Right,Confidence-inspiring,10.5,S,super-game-improvement
26.1,92.8,213,Fade,Forgiveness,Fat/Thin,Confidence-inspiring,10.5,R,super-game-improvement
11.7,106.4,239,Fade,Accuracy,Fat/Thin,Forged/Blade-like,9,X,players-cb
8.0,100.2,234,Straight,Accuracy,Consistent,Confidence-inspiring,9,S,players-cb
4.7,100.7,237,Slice,Distance,Consistent,Forged/Blade-like,9,S,blade
30.3,79.3,190,Straight,Forgiveness,Left/Right,Confidence-inspiring,12,A,super-game-improvement
10.0,98.7,248,Slice,Forgiveness,Fat/Thin,Forged/Blade-like,10.5,S,game-improvement
30.3,91.0,190,Slice,Forgiveness,Consistent,Confidence-inspiring,10.5,R,super-game-improvement
21.7,95.4,202,Slice,Forgiveness,Fat/Thin,Confidence-inspiring,10.5,R,super-game-improvement
20.0,112.3,262,Hook,Forgiveness,Left/Right,Forged/Blade-like,9,X,game-improvement
14.2,97.3,231,Fade,Distance,Left/Right,Confidence-inspiring,9,S,game-improvement
22.9,75.5,181,Fade,Forgiveness,Inconsistent,Confidence-inspiring,12,A,super-game-improvement
16.9,111.0,246,Straight,Forgiveness,Consistent,No preference,8,X,players-distance
13.7,84.5,203,Slice,Forgiveness,Left/Right,Forged/Blade-like,10.5,R,players-distance
23.3,84.6,183,Draw,Forgiveness,Inconsistent,Forged/Blade-like,10.5,R,super-game-improvement
15.7,98.0,232,Draw,Accuracy,Left/Right,No preference,9,X,players-distance
9.8,103.5,244,Draw,Accuracy,Consistent,No preference,9,S,players-cb
22.4,76.3,189,Fade,Distance,Left/Right,Confidence-inspiring,12,A,super-game-improvement
16.4,87.4,205,Straight,Distance,Inconsistent,No preference,10.5,S,game-improvement
21.4,76.6,170,Straight,Forgiveness,Fat/Thin,Confidence-inspiring,12,L,super-game-improvement
12.9,103.4,243,Draw,Accuracy,Left/Right,Confidence-inspiring,9,S,players-distance
6.1,113.7,271,Straight,Distance,Fat/Thin,Confidence-inspiring,8,X,players-distance
32.6,71.6,144,Fade,Accuracy,Left/Right,No preference,10.5,L,super-game-improvement
30.9,94.9,223,Slice,Forgiveness,Inconsistent,No preference,10.5,R,super-game-improvement
25.0,98.3,233,Fade,Forgiveness,Fat/Thin,No preference,10.5,S,super-game-improvement
13.5,90.2,208,Hook,Accuracy,Fat/Thin,Forged/Blade-like,12,R,players-cb
14.3,76.5,184,Straight,Accuracy,Left/Right,Confidence-inspiring,12,A,game-improvement
29.4,75.3,183,Draw,Forgiveness,Left/Right,Confidence-inspiring,12,A,super-game-improvement
13.8,90.7,222,Straight,Forgiveness,Inconsistent,No preference,10.5,R,super-game-improvement
11.3,113.7,264,Slice,Forgiveness,Fat/Thin,Confidence-inspiring,10.5,X,super-game-improvement
33.9,81.8,175,Hook,Forgiveness,Inconsistent,No preference,12,A,super-game-improvement
16.6,84.6,179,Straight,Distance,Fat/Thin,No preference,10.5,R,game-improvement
32.9,85.1,190,Straight,Forgiveness,Fat/Thin,Confidence-inspiring,10.5,R,super-game-improvement
4.4,90.1,228,Draw,Distance,Inconsistent,No preference,10.5,S,players-cb
21.7,96.4,229,Slice,Forgiveness,Fat/Thin,Confidence-inspiring,9,R,super-game-improvement
35.6,72.0,160,Straight,Accuracy,Left/Right,Confidence-inspiring,12,A,super-game-improvement
17.3,85.9,200,Draw,Accuracy,Consistent,Confidence-inspiring,10.5,R,players-cb
14.6,99.8,222,Slice,Distance,Consistent,Forged/Blade-like,9,S,players-distance
6.5,119.1,288,Draw,Forgiveness,Consistent,Forged/Blade-like,8,X,blade
26.7,109.8,237,Slice,Distance,Fat/Thin,Confidence-inspiring,10.5,S,super-game-improvement
10.1,88.7,214,Straight,Accuracy,Inconsistent,Forged/Blade-like,10.5,R,players-cb
16.1,89.1,199,Fade,Forgiveness,Consistent,No preference,10.5,S,players-distance
5.9,107.1,261,Hook,Accuracy,Consistent,No preference,9,R,blade
31.0,96.6,222,Straight,Forgiveness,Fat/Thin,No preference,10.5,A,super-game-improvement
27.4,65.7,148,Straight,Forgiveness,Fat/Thin,Confidence-inspiring,12,L,super-game-improvement
16.7,95.5,223,Slice,Forgiveness,Inconsistent,No preference,10.5,R,super-game-improvement
6.6,96.6,239,Straight,Distance,Consistent,Forged/Blade-like,9,A,players-cb
30.8,65.8,159,Slice,Forgiveness,Fat/Thin,Confidence-inspiring,12,L,super-game-improvement
13.7,83.3,193,Straight,Accuracy,Consistent,No preference,10.5,A,players-cb
7.1,95.5,233,Fade,Distance,Inconsistent,Confidence-inspiring,10.5,R,game-improvement
1.1,105.8,272,Draw,Distance,Left/Right,Forged/Blade-like,9,S,blade
11.2,108.5,261,Slice,Distance,Left/Right,No preference,8,S,players-cb
3.9,106.9,240,Draw,Distance,Left/Right,No preference,9,S,players-cb
11.4,107.7,246,Fade,Accuracy,Inconsistent,No preference,9,R,players-distance
23.7,90.2,209,Slice,Distance,Fat/Thin,Confidence-inspiring,10.5,R,super-game-improvement
13.6,89.7,205,Slice,Accuracy,Left/Right,Forged/Blade-like,10.5,R,players-cb
20.2,90.4,218,Hook,Forgiveness,Left/Right,No preference,10.5,R,super-game-improvement
10.5,105.8,266,Fade,Forgiveness,Inconsistent,Forged/Blade-like,9,S,players-cb
17.6,104.4,234,Straight,Accuracy,Left/Right,No preference,9,S,players-distance
34.3,81.2,165,Fade,Forgiveness,Inconsistent,Confidence-inspiring,12,A,super-game-improvement
13.9,87.3,200,Draw,Distance,Left/Right,Forged/Blade-like,10.5,A,players-cb
20.5,95.4,212,Slice,Accuracy,Fat/Thin,No preference,10.5,R,game-improvement
2.9,108.8,278,Draw,Distance,Fat/Thin,No preference,8,S,players-cb
30.7,97.5,203,Slice,Forgiveness,Left/Right,Confidence-inspiring,10.5,S,super-game-improvement
12.7,90.6,218,Slice,Accuracy,Inconsistent,Confidence-inspiring,10.5,R,super-game-improvement
26.5,81.3,192,Draw,Forgiveness,Inconsistent,Confidence-inspiring,12,L,super-game-improvement
15.9,102.7,244,Straight,Forgiveness,Consistent,No preference,9,S,players-distance
22.5,86.6,199,Slice,Forgiveness,Left/Right,Confidence-inspiring,10.5,R,super-game-improvement
23.0,85.9,191,Hook,Distance,Inconsistent,Confidence-inspiring,10.5,R,super-game-improvement
12.9,109.8,273,Straight,Distance,Left/Right,Confidence-inspiring,8,S,players-distance
26.8,74.1,161,Slice,Accuracy,Fat/Thin,Confidence-inspiring,12,A,super-game-improvement
10.2,119.6,291,Straight,Accuracy,Fat/Thin,Confidence-inspiring,8,X,players-distance
24.0,83.6,185,Slice,Accuracy,Fat/Thin,Forged/Blade-like,10.5,A,game-improvement
13.5,105.5,229,Straight,Forgiveness,Fat/Thin,Confidence-inspiring,9,S,super-game-improvement
20.1,91.2,205,Draw,Forgiveness,Left/Right,Confidence-inspiring,10.5,R,super-game-improvement
12.8,100.0,232,Hook,Distance,Left/Right,Confidence-inspiring,9,S,game-improvement
17.4,91.5,209,Fade,Forgiveness,Left/Right,No preference,10.5,R,game-improvement
7.3,109.6,255,Straight,Distance,Consistent,Confidence-inspiring,8,S,players-cb
19.2,89.5,209,Draw,Accuracy,Fat/Thin,Confidence-inspiring,10.5,R,game-improvement
17.4,88.4,209,Fade,Forgiveness,Left/Right,Forged/Blade-like,10.5,R,players-distance
12.1,115.9,269,Draw,Accuracy,Fat/Thin,Forged/Blade-like,8,X,players-cb
16.5,95.1,216,Straight,Distance,Inconsistent,No preference,10.5,R,game-improvement
18.2,86.9,189,Slice,Distance,Left/Right,Confidence-inspiring,10.5,R,game-improvement
11.5,83.3,198,Straight,Forgiveness,Consistent,Confidence-inspiring,10.5,A,players-distance
15.8,113.9,275,Slice,Distance,Inconsistent,Forged/Blade-like,8,X,players-cb
8.0,95.0,238,Draw,Accuracy,Fat/Thin,No preference,10.5,R,players-distance
36.0,102.1,212,Fade,Forgiveness,Inconsistent,Confidence-inspiring,10.5,R,super-game-improvement
26.5,92.0,221,Slice,Forgiveness,Left/Right,No preference,10.5,R,super-game-improvement
19.5,94.2,211,Draw,Forgiveness,Inconsistent,Confidence-inspiring,9,R,super-game-improvement
27.5,89.0,187,Fade,Forgiveness,Fat/Thin,Confidence-inspiring,10.5,R,super-game-improvement
0.0,120.0,282,Fade,Accuracy,Fat/Thin,Forged/Blade-like,9,X,players-cb
0.0,84.1,196,Fade,Accuracy,Left/Right,Confidence-inspiring,10.5,R,players-distance
13.4,99.0,234,Draw,Accuracy,Left/Right,Confidence-inspiring,9,X,players-distance
4.6,100.2,239,Hook,Accuracy,Left/Right,No preference,9,S,players-cb
14.9,93.7,211,Straight,Forgiveness,Fat/Thin,No preference,10.5,A,super-game-improvement
18.9,94.6,208,Straight,Accuracy,Inconsistent,Forged/Blade-like,10.5,R,players-cb
25.3,86.1,182,Slice,Distance,Left/Right,Confidence-inspiring,10.5,R,super-game-improvement
6.8,103.3,239,Draw,Accuracy,Consistent,Forged/Blade-like,9,S,blade
20.6,91.8,217,Straight,Distance,Fat/Thin,Confidence-inspiring,10.5,R,game-improvement
17.1,81.2,203,Hook,Accuracy,Inconsistent,Forged/Blade-like,12,A,players-cb
20.1,96.1,235,Fade,Forgiveness,Left/Right,Forged/Blade-like,10.5,R,game-improvement
12.3,104.8,251,Draw,Distance,Inconsistent,Forged/Blade-like,9,S,players-cb
29.4,80.6,172,Draw,Forgiveness,Fat/Thin,No preference,12,A,super-game-improvement
16.1,113.7,256,Draw,Forgiveness,Inconsistent,No preference,9,X,game-improvement
33.0,96.9,215,Slice,Accuracy,Fat/Thin,Confidence-inspiring,10.5,R,super-game-improvement
9.9,107.7,252,Straight,Distance,Consistent,Confidence-inspiring,9,S,players-cb
23.7,98.2,223,Slice,Distance,Left/Right,No preference,9,S,game-improvement
16.5,95.1,236,Straight,Forgiveness,Consistent,Confidence-inspiring,10.5,R,game-improvement
14.1,107.8,252,Straight,Accuracy,Fat/Thin,Forged/Blade-like,9,S,players-cb
22.7,106.3,259,Slice,Accuracy,Fat/Thin,Confidence-inspiring,9,S,super-game-improvement
14.3,104.4,232,Draw,Accuracy,Left/Right,Confidence-inspiring,9,S,players-distance
0.0,100.3,250,Straight,Accuracy,Consistent,Forged/Blade-like,9,S,blade
0.0,105.6,262,Hook,Accuracy,Consistent,Forged/Blade-like,10.5,S,blade
28.5,92.4,194,Draw,Accuracy,Inconsistent,Confidence-inspiring,10.5,R,super-game-improvement
28.1,95.3,217,Draw,Forgiveness,Fat/Thin,Forged/Blade-like,10.5,R,super-game-improvement
34.0,82.1,190,Draw,Forgiveness,Fat/Thin,Confidence-inspiring,12,A,super-game-improvement
16.8,88.9,224,Hook,Forgiveness,Left/Right,Confidence-inspiring,10.5,R,super-game-improvement
5.4,118.2,288,Straight,Distance,Left/Right,Forged/Blade-like,8,X,blade
13.2,86.3,184,Slice,Accuracy,Left/Right,Confidence-inspiring,10.5,A,super-game-improvement
17.1,85.0,199,Draw,Distance,Left/Right,Forged/Blade-like,10.5,R,players-cb
7.9,87.4,215,Straight,Distance,Consistent,Confidence-inspiring,10.5,R,players-cb
31.8,74.9,160,Straight,Distance,Consistent,Confidence-inspiring,12,A,super-game-improvement
36.0,94.0,202,Fade,Forgiveness,Inconsistent,Confidence-inspiring,10.5,R,super-game-improvement
21.3,104.3,231,Straight,Forgiveness,Left/Right,Confidence-inspiring,9,S,super-game-improvement
16.9,93.8,214,Straight,Accuracy,Inconsistent,Confidence-inspiring,10.5,R,game-improvement
5.3,107.4,267,Fade,Accuracy,Consistent,Confidence-inspiring,9,S,players-cb
30.9,84.9,197,Straight,Accuracy,Fat/Thin,Confidence-inspiring,10.5,R,super-game-improvement
17.7,82.0,176,Slice,Distance,Consistent,Confidence-inspiring,10.5,A,game-improvement
14.4,118.4,270,Fade,Distance,Left/Right,Confidence-inspiring,8,X,players-distance
21.3,105.3,224,Slice,Accuracy,Inconsistent,Confidence-inspiring,9,S,super-game-improvement
11.7,101.6,255,Slice,Forgiveness,Inconsistent,Forged/Blade-like,10.5,X,players-distance
18.3,85.0,202,Fade,Distance,Inconsistent,Confidence-inspiring,10.5,R,game-improvement
4.0,101.0,226,Draw,Accuracy,Left/Right,Forged/Blade-like,9,S,blade
26.8,80.9,178,Straight,Accuracy,Left/Right,Confidence-inspiring,10.5,A,super-game-improvement
16.1,96.0,219,Draw,Accuracy,Fat/Thin,Confidence-inspiring,9,R,game-improvement
27.4,90.5,193,Straight,Forgiveness,Left/Right,Confidence-inspiring,10.5,R,super-game-improvement
15.2,92.3,223,Straight,Distance,Left/Right,Forged/Blade-like,10.5,R,players-cb
15.8,80.7,195,Draw,Forgiveness,Fat/Thin,Confidence-inspiring,10.5,A,super-game-improvement
6.1,120.0,290,Draw,Accuracy,Inconsistent,Forged/Blade-like,8,S,blade
23.8,92.2,200,Slice,Distance,Consistent,Confidence-inspiring,10.5,R,game-improvement
9.1,104.4,242,Straight,Forgiveness,Inconsistent,No preference,9,X,players-distance
12.6,93.2,218,Draw,Distance,Consistent,No preference,10.5,R,players-cb
17.0,78.8,177,Fade,Accuracy,Fat/Thin,No preference,12,A,game-improvement
18.1,92.9,212,Fade,Accuracy,Left/Right,Confidence-inspiring,10.5,R,game-improvement
1.6,101.7,253,Fade,Distance,Consistent,Confidence-inspiring,9,S,blade
14.9,103.0,225,Straight,Accuracy,Left/Right,No preference,9,S,players-distance
24.2,98.6,213,Slice,Accuracy,Fat/Thin,Confidence-inspiring,10.5,S,super-game-improvement
13.6,104.4,243,Slice,Forgiveness,Fat/Thin,No preference,9,S,game-improvement
15.0,105.7,259,Slice,Distance,Inconsistent,Confidence-inspiring,9,S,game-improvement
18.5,111.5,262,Fade,Distance,Left/Right,No preference,8,X,players-cb
15.9,99.1,229,Straight,Forgiveness,Left/Right,Confidence-inspiring,12,S,super-game-improvement
7.7,111.8,270,Straight,Forgiveness,Consistent,Forged/Blade-like,9,X,blade
16.7,99.6,228,Straight,Forgiveness,Inconsistent,No preference,10.5,S,super-game-improvement
25.9,69.4,164,Straight,Distance,Fat/Thin,Confidence-inspiring,12,L,super-game-improvement
7.5,99.4,241,Fade,Accuracy,Inconsistent,Forged/Blade-like,9,S,players-cb
13.6,88.1,217,Fade,Forgiveness,Inconsistent,Confidence-inspiring,12,R,super-game-improvement
4.6,105.2,241,Draw,Forgiveness,Consistent,Forged/Blade-like,9,S,players-cb
25.5,80.7,172,Slice,Forgiveness,Fat/Thin,Confidence-inspiring,12,A,super-game-improvement
16.2,101.0,235,Slice,Distance,Left/Right,Confidence-inspiring,9,X,game-improvement
9.3,109.5,264,Fade,Accuracy,Consistent,Forged/Blade-like,8,S,blade
17.8,105.9,264,Straight,Distance,Inconsistent,Forged/Blade-like,8,S,players-cb
6.2,118.0,266,Draw,Distance,Left/Right,No preference,8,X,players-cb
7.7,84.0,200,Straight,Accuracy,Left/Right,No preference,10.5,R,players-distance
3.9,91.4,220,Hook,Accuracy,Left/Right,No preference,10.5,R,players-cb
7.4,120.0,288,Draw,Accuracy,Left/Right,Forged/Blade-like,8,X,players-cb
29.2,96.2,226,Fade,Forgiveness,Fat/Thin,Confidence-inspiring,10.5,R,super-game-improvement
10.4,101.2,246,Slice,Forgiveness,Fat/Thin,No preference,10.5,S,players-distance
21.2,91.9,193,Straight,Forgiveness,Fat/Thin,Confidence-inspiring,10.5,R,super-game-improvement
9.5,99.0,248,Draw,Forgiveness,Consistent,Forged/Blade-like,10.5,S,players-cb
23.8,70.5,171,Fade,Forgiveness,Inconsistent,Confidence-inspiring,12,L,super-game-improvement
7.8,93.0,224,Draw,Accuracy,Consistent,No preference,10.5,R,players-distance
17.4,93.0,199,Fade,Forgiveness,Inconsistent,Confidence-inspiring,12,R,super-game-improvement
17.5,86.9,198,Fade,Forgiveness,Fat/Thin,Forged/Blade-like,10.5,R,game-improvement
36.0,75.7,165,Slice,Forgiveness,Left/Right,Confidence-inspiring,12,R,super-game-improvement
22.7,116.2,270,Draw,Forgiveness,Inconsistent,Confidence-inspiring,9,X,game-improvement
11.7,95.5,208,Slice,Distance,Consistent,No preference,10.5,R,players-cb
23.2,93.0,202,Fade,Forgiveness,Left/Right,No preference,10.5,R,super-game-improvement
36.0,83.9,188,Slice,Forgiveness,Left/Right,Forged/Blade-like,10.5,A,super-game-improvement
2.3,110.3,281,Slice,Accuracy,Consistent,Forged/Blade-like,8,X,blade
9.4,94.8,228,Fade,Accuracy,Fat/Thin,No preference,10.5,R,players-distance
14.9,108.3,261,Draw,Distance,Inconsistent,Confidence-inspiring,8,S,players-distance
13.2,101.5,241,Slice,Forgiveness,Fat/Thin,Confidence-inspiring,10.5,S,super-game-improvement
14.0,83.6,203,Draw,Forgiveness,Left/Right,Confidence-inspiring,10.5,A,super-game-improvement
5.3,101.3,245,Draw,Forgiveness,Fat/Thin,Forged/Blade-like,10.5,S,players-cb
29.6,84.2,188,Slice,Distance,Inconsistent,Forged/Blade-like,10.5,R,game-improvement
4.2,101.0,233,Draw,Distance,Fat/Thin,Forged/Blade-like,9,S,blade
15.2,100.8,240,Straight,Distance,Consistent,Forged/Blade-like,9,S,players-cb
26.4,94.4,198,Draw,Distance,Inconsistent,Confidence-inspiring,10.5,R,super-game-improvement
16.7,99.8,236,Draw,Forgiveness,Fat/Thin,Forged/Blade-like,12,S,players-distance
8.2,103.8,243,Straight,Accuracy,Consistent,Forged/Blade-like,9,S,players-cb
4.9,103.5,252,Fade,Distance,Consistent,Forged/Blade-like,9,S,blade
14.9,74.4,164,Straight,Accuracy,Left/Right,Confidence-inspiring,12,A,game-improvement
10.2,106.8,247,Fade,Forgiveness,Left/Right,No preference,9,S,players-distance
18.8,98.1,227,Straight,Accuracy,Inconsistent,No preference,9,S,game-improvement
4.4,93.2,231,Fade,Accuracy,Left/Right,Forged/Blade-like,10.5,R,blade
24.3,92.3,216,Draw,Forgiveness,Left/Right,Confidence-inspiring,12,R,super-game-improvement
18.0,100.2,219,Draw,Forgiveness,Consistent,No preference,10.5,S,players-distance
18.7,105.0,226,Straight,Distance,Fat/Thin,Forged/Blade-like,9,S,players-cb
30.0,90.7,189,Slice,Distance,Left/Right,No preference,10.5,R,super-game-improvement
13.1,100.3,224,Draw,Distance,Fat/Thin,No preference,9,S,players-distance
10.5,108.3,269,Hook,Forgiveness,Consistent,Forged/Blade-like,9,S,players-cb
12.1,94.7,234,Draw,Distance,Left/Right,Confidence-inspiring,10.5,S,game-improvement
15.3,99.7,222,Draw,Accuracy,Fat/Thin,No preference,9,S,game-improvement
16.2,88.8,220,Fade,Forgiveness,Inconsistent,Forged/Blade-like,10.5,R,players-distance
9.5,110.6,273,Straight,Distance,Consistent,No preference,8,X,players-cb
0.0,89.9,206,Fade,Accuracy,Inconsistent,Confidence-inspiring,10.5,R,players-cb
12.0,106.0,239,Straight,Forgiveness,Left/Right,No preference,9,R,game-improvement
20.2,92.4,195,Slice,Forgiveness,Fat/Thin,Confidence-inspiring,10.5,R,game-improvement
18.2,103.3,235,Fade,Forgiveness,Left/Right,No preference,9,X,super-game-improvement
27.8,79.3,175,Slice,Forgiveness,Fat/Thin,No preference,10.5,A,game-improvement
34.6,83.4,178,Fade,Accuracy,Fat/Thin,Confidence-inspiring,10.5,A,game-improvement
23.8,90.4,184,Draw,Forgiveness,Left/Right,No preference,10.5,R,super-game-improvement
29.4,90.3,184,Fade,Accuracy,Fat/Thin,Confidence-inspiring,10.5,R,super-game-improvement
23.9,79.3,180,Draw,Forgiveness,Fat/Thin,Confidence-inspiring,12,A,game-improvement
32.4,90.3,201,Slice,Forgiveness,Fat/Thin,No preference,10.5,R,super-game-improvement
33.7,65.0,121,Slice,Forgiveness,Inconsistent,No preference,10.5,L,super-game-improvement
25.6,81.9,170,Straight,Forgiveness,Fat/Thin,Confidence-inspiring,12,A,super-game-improvement
23.4,74.5,176,Straight,Accuracy,Inconsistent,Confidence-inspiring,12,A,game-improvement
15.2,103.9,229,Fade,Distance,Left/Right,Confidence-inspiring,9,S,players-distance
16.6,98.7,227,Slice,Accuracy,Left/Right,Forged/Blade-like,9,S,players-cb
14.0,101.0,223,Fade,Distance,Consistent,No preference,8,S,players-cb
22.6,105.4,244,Slice,Forgiveness,Left/Right,Confidence-inspiring,9,S,super-game-improvement
10.5,95.7,207,Straight,Forgiveness,Consistent,Forged/Blade-like,10.5,R,players-cb
15.3,101.7,232,Straight,Accuracy,Fat/Thin,No preference,9,S,game-improvement
0.0,106.7,270,Hook,Accuracy,Left/Right,Forged/Blade-like,9,S,blade
32.5,83.0,185,Slice,Forgiveness,Fat/Thin,Confidence-inspiring,12,A,super-game-improvement
15.0,108.9,248,Hook,Distance,Consistent,Confidence-inspiring,8,S,players-distance
21.1,112.5,248,Fade,Distance,Fat/Thin,Confidence-inspiring,8,X,super-game-improvement
30.1,81.2,175,Straight,Forgiveness,Fat/Thin,Confidence-inspiring,12,A,super-game-improvement
19.7,100.9,218,Straight,Accuracy,Fat/Thin,Confidence-inspiring,9,S,game-improvement
30.0,88.8,193,Draw,Forgiveness,Consistent,Confidence-inspiring,10.5,R,super-game-improvement
5.8,105.4,252,Straight,Accuracy,Left/Right,Forged/Blade-like,10.5,S,blade
36.0,84.0,175,Straight,Forgiveness,Left/Right,Confidence-inspiring,10.5,A,super-game-improvement
26.8,84.4,195,Slice,Forgiveness,Fat/Thin,Forged/Blade-like,10.5,R,game-improvement
18.9,65.0,139,Straight,Forgiveness,Consistent,No preference,10.5,L,game-improvement
29.8,101.1,205,Slice,Forgiveness,Inconsistent,Forged/Blade-like,10.5,S,super-game-improvement
6.5,94.6,222,Straight,Accuracy,Consistent,Confidence-inspiring,10.5,S,players-cb
14.4,93.8,219,Hook,Distance,Left/Right,Confidence-inspiring,10.5,R,game-improvement
30.0,83.4,181,Slice,Forgiveness,Left/Right,Confidence-inspiring,10.5,A,super-game-improvement
0.2,98.0,239,Fade,Accuracy,Consistent,No preference,9,S,blade
22.0,93.4,200,Straight,Forgiveness,Left/Right,Forged/Blade-like,10.5,S,game-improvement
21.8,90.7,196,Draw,Accuracy,Fat/Thin,No preference,10.5,R,game-improvement
34.7,75.2,156,Straight,Forgiveness,Fat/Thin,No preference,12,A,super-game-improvement
2.8,105.6,251,Straight,Accuracy,Left/Right,Confidence-inspiring,9,S,players-cb
31.5,84.2,192,Slice,Accuracy,Left/Right,No preference,10.5,R,super-game-improvement
12.0,107.1,253,Fade,Distance,Consistent,No preference,9,S,players-cb
13.0,83.8,191,Straight,Forgiveness,Fat/Thin,No preference,10.5,R,super-game-improvement
6.0,93.9,235,Draw,Accuracy,Consistent,Confidence-inspiring,10.5,R,players-cb
7.2,108.4,263,Slice,Distance,Left/Right,No preference,8,R,players-cb
20.6,85.6,182,Hook,Distance,Fat/Thin,No preference,10.5,A,game-improvement
7.0,92.2,191,Straight,Accuracy,Left/Right,Forged/Blade-like,10.5,R,players-cb
23.7,84.0,176,Slice,Forgiveness,Inconsistent,Confidence-inspiring,10.5,R,super-game-improvement
11.0,97.5,235,Fade,Accuracy,Consistent,Confidence-inspiring,9,S,players-cb
6.1,100.9,250,Straight,Distance,Consistent,Forged/Blade-like,9,S,blade
12.2,95.6,209,Fade,Forgiveness,Inconsistent,Forged/Blade-like,10.5,R,game-improvement
20.0,82.1,192,Slice,Accuracy,Fat/Thin,Confidence-inspiring,10.5,R,super-game-improvement
14.5,103.9,247,Straight,Accuracy,Inconsistent,Confidence-inspiring,9,S,game-improvement
17.3,107.5,259,Hook,Accuracy,Inconsistent,No preference,9,S,players-distance
23.3,71.1,168,Fade,Distance,Fat/Thin,Confidence-inspiring,12,L,super-game-improvement
26.7,72.3,172,Slice,Distance,Fat/Thin,Confidence-inspiring,12,A,super-game-improvement
14.2,106.4,251,Slice,Forgiveness,Fat/Thin,Forged/Blade-like,9,S,players-distance
7.6,116.5,282,Hook,Accuracy,Consistent,No preference,8,X,players-distance
17.7,72.7,163,Fade,Distance,Inconsistent,Confidence-inspiring,12,A,super-game-improvement
21.2,99.7,233,Slice,Forgiveness,Fat/Thin,Confidence-inspiring,10.5,S,super-game-improvement
3.9,119.7,277,Straight,Distance,Fat/Thin,No preference,8,X,players-cb
9.0,91.3,215,Fade,Forgiveness,Fat/Thin,Forged/Blade-like,12,A,game-improvement
10.5,114.7,275,Draw,Distance,Consistent,No preference,8,X,players-cb
15.1,94.0,230,Slice,Accuracy,Fat/Thin,No preference,10.5,R,game-improvement
10.2,102.2,237,Hook,Accuracy,Consistent,Forged/Blade-like,10.5,S,blade
23.4,82.9,194,Straight,Accuracy,Fat/Thin,Confidence-inspiring,10.5,A,super-game-improvement
2.6,114.2,275,Straight,Distance,Consistent,No preference,8,X,blade
2.8,112.4,281,Draw,Accuracy,Inconsistent,No preference,9,X,players-cb
14.0,113.7,257,Straight,Accuracy,Left/Right,No preference,9,X,players-distance
15.4,109.9,261,Straight,Accuracy,Consistent,Confidence-inspiring,8,S,players-cb
3.9,103.3,249,Draw,Distance,Consistent,No preference,8,S,blade
11.5,120.0,271,Straight,Forgiveness,Left/Right,Confidence-inspiring,9,S,game-improvement
13.4,110.4,256,Straight,Forgiveness,Inconsistent,No preference,9,X,game-improvement
13.5,102.2,250,Straight,Accuracy,Left/Right,No preference,9,S,players-distance
18.4,83.5,182,Straight,Forgiveness,Consistent,Confidence-inspiring,10.5,A,game-improvement
11.0,83.2,182,Slice,Accuracy,Inconsistent,Forged/Blade-like,10.5,A,players-distance
30.3,70.9,158,Slice,Forgiveness,Left/Right,No preference,12,L,super-game-improvement
21.4,82.1,170,Slice,Forgiveness,Left/Right,Confidence-inspiring,10.5,A,super-game-improvement
9.7,113.2,282,Straight,Accuracy,Consistent,Forged/Blade-like,8,X,players-cb
17.9,98.7,240,Straight,Forgiveness,Consistent,No preference,10.5,S,players-distance
18.1,87.6,210,Draw,Forgiveness,Consistent,No preference,10.5,R,players-distance
27.9,85.7,188,Slice,Forgiveness,Fat/Thin,Confidence-inspiring,10.5,R,super-game-improvement
11.6,95.5,239,Straight,Forgiveness,Fat/Thin,No preference,9,R,game-improvement
23.9,97.7,230,Fade,Forgiveness,Left/Right,Confidence-inspiring,10.5,S,super-game-improvement
17.4,85.4,191,Fade,Accuracy,Left/Right,Confidence-inspiring,10.5,R,game-improvement
30.4,88.8,206,Slice,Forgiveness,Left/Right,Forged/Blade-like,10.5,R,super-game-improvement
28.6,89.6,188,Slice,Distance,Inconsistent,No preference,10.5,R,super-game-improvement
18.8,84.7,191,Slice,Forgiveness,Left/Right,Confidence-inspiring,10.5,R,super-game-improvement
14.6,112.0,244,Fade,Accuracy,Inconsistent,Forged/Blade-like,8,X,blade
21.6,88.4,201,Slice,Forgiveness,Fat/Thin,No preference,10.5,R,game-improvement
15.4,85.6,195,Fade,Distance,Left/Right,Confidence-inspiring,10.5,R,game-improvement
32.1,92.7,196,Straight,Forgiveness,Left/Right,Confidence-inspiring,10.5,S,super-game-improvement
17.7,94.5,215,Draw,Distance,Left/Right,No preference,10.5,R,players-distance
13.3,101.0,230,Fade,Forgiveness,Inconsistent,Confidence-inspiring,10.5,R,super-game-improvement
12.9,85.4,200,Straight,Forgiveness,Inconsistent,Forged/Blade-like,10.5,R,players-distance
6.1,110.0,275,Draw,Distance,Fat/Thin,Forged/Blade-like,8,X,players-cb
22.0,112.8,244,Straight,Accuracy,Inconsistent,Confidence-inspiring,9,X,game-improvement
9.6,86.8,213,Fade,Accuracy,Consistent,Forged/Blade-like,10.5,R,players-cb
26.9,91.3,204,Draw,Distance,Left/Right,No preference,12,R,game-improvement
5.4,94.5,230,Draw,Accuracy,Fat/Thin,Forged/Blade-like,10.5,R,blade
18.1,120.0,274,Straight,Forgiveness,Fat/Thin,No preference,9,X,players-distance
27.4,99.8,213,Draw,Forgiveness,Fat/Thin,Confidence-inspiring,10.5,S,super-game-improvement
0.0,108.8,271,Straight,Accuracy,Consistent,No preference,8,S,blade
35.2,69.8,154,Slice,Forgiveness,Inconsistent,Confidence-inspiring,12,L,super-game-improvement
13.2,87.2,196,Straight,Forgiveness,Consistent,No preference,10.5,R,game-improvement
18.3,101.0,219,Straight,Accuracy,Inconsistent,Forged/Blade-like,9,S,players-cb
22.1,77.3,175,Draw,Accuracy,Left/Right,Confidence-inspiring,12,A,super-game-improvement
23.5,76.7,178,Slice,Accuracy,Fat/Thin,Forged/Blade-like,12,A,game-improvement
19.5,92.8,220,Slice,Distance,Inconsistent,Confidence-inspiring,10.5,R,super-game-improvement
26.0,89.7,210,Slice,Accuracy,Inconsistent,Confidence-inspiring,10.5,R,super-game-improvement
21.7,95.0,218,Fade,Forgiveness,Consistent,Forged/Blade-like,10.5,S,players-distance
32.8,79.3,169,Slice,Accuracy,Inconsistent,Confidence-inspiring,12,R,super-game-improvement
21.7,100.4,226,Straight,Forgiveness,Left/Right,No preference,9,S,super-game-improvement
34.7,73.8,147,Slice,Accuracy,Consistent,Confidence-inspiring,12,A,super-game-improvement
25.1,95.2,206,Slice,Accuracy,Inconsistent,No preference,10.5,A,super-game-improvement
0.7,107.7,263,Straight,Forgiveness,Left/Right,No preference,9,S,blade
36.0,87.5,184,Straight,Distance,Left/Right,Confidence-inspiring,10.5,R,super-game-improvement
11.8,109.8,258,Draw,Forgiveness,Fat/Thin,Forged/Blade-like,9,X,players-cb
30.5,80.7,163,Hook,Forgiveness,Fat/Thin,Confidence-inspiring,12,A,super-game-improvement
17.2,87.7,191,Draw,Distance,Fat/Thin,Confidence-inspiring,10.5,R,game-improvement
26.5,71.1,164,Slice,Forgiveness,Fat/Thin,Confidence-inspiring,10.5,L,super-game-improvement
10.8,78.5,177,Straight,Distance,Fat/Thin,Forged/Blade-like,12,A,players-distance
22.6,88.9,194,Fade,Distance,Inconsistent,Confidence-inspiring,10.5,R,super-game-improvement
14.7,94.9,221,Fade,Distance,Fat/Thin,No preference,10.5,R,game-improvement
31.2,73.9,152,Draw,Forgiveness,Left/Right,Confidence-inspiring,12,A,super-game-improvement
20.9,83.1,198,Straight,Forgiveness,Fat/Thin,No preference,10.5,A,super-game-improvement
25.4,104.0,220,Slice,Accuracy,Inconsistent,Confidence-inspiring,10.5,S,super-game-improvement
0.0,114.8,281,Slice,Distance,Left/Right,Forged/Blade-like,8,X,blade
16.2,82.4,183,Hook,Forgiveness,Left/Right,No preference,10.5,A,super-game-improvement
20.7,87.5,199,Slice,Distance,Fat/Thin,Confidence-inspiring,10.5,R,super-game-improvement
19.0,97.1,217,Slice,Accuracy,Left/Right,Forged/Blade-like,9,S,players-cb
25.7,82.3,182,Straight,Forgiveness,Consistent,No preference,10.5,A,game-improvement
13.7,88.6,217,Slice,Distance,Left/Right,Confidence-inspiring,10.5,R,super-game-improvement
17.4,90.8,202,Draw,Forgiveness,Left/Right,No preference,10.5,R,game-improvement
27.6,98.1,210,Slice,Forgiveness,Left/Right,Confidence-inspiring,10.5,S,super-game-improvement
0.0,117.8,286,Fade,Distance,Left/Right,Forged/Blade-like,8,X,blade
22.3,83.5,201,Straight,Accuracy,Inconsistent,Confidence-inspiring,10.5,A,super-game-improvement
14.0,101.1,234,Straight,Accuracy,Fat/Thin,Confidence-inspiring,9,S,game-improvement
8.8,100.0,248,Straight,Forgiveness,Consistent,Forged/Blade-like,10.5,S,players-cb
20.0,82.3,185,Fade,Forgiveness,Inconsistent,No preference,10.5,A,super-game-improvement
28.0,84.0,195,Draw,Accuracy,Left/Right,Confidence-inspiring,10.5,R,super-game-improvement
26.4,75.4,170,Draw,Forgiveness,Left/Right,Confidence-inspiring,10.5,A,super-game-improvement
15.8,106.9,252,Straight,Forgiveness,Left/Right,Forged/Blade-like,9,X,players-distance
24.9,104.6,220,Fade,Forgiveness,Consistent,Confidence-inspiring,10.5,S,game-improvement
24.8,85.0,175,Straight,Accuracy,Fat/Thin,Confidence-inspiring,10.5,R,super-game-improvement
16.2,88.5,214,Straight,Forgiveness,Inconsistent,Confidence-inspiring,10.5,A,super-game-improvement
10.8,109.2,266,Straight,Forgiveness,Consistent,No preference,9,S,players-cb
11.3,110.5,281,Straight,Forgiveness,Left/Right,Confidence-inspiring,9,X,game-improvement
24.5,78.2,161,Hook,Forgiveness,Left/Right,Confidence-inspiring,12,A,super-game-improvement
16.6,93.2,219,Straight,Accuracy,Left/Right,No preference,10.5,R,players-distance
7.6,100.2,229,Hook,Forgiveness,Left/Right,No preference,10.5,S,players-distance
1.8,97.1,230,Fade,Accuracy,Left/Right,Confidence-inspiring,9,S,players-distance
24.5,93.2,203,Slice,Accuracy,Left/Right,Forged/Blade-like,10.5,R,players-distance
12.1,90.8,216,Draw,Distance,Inconsistent,Forged/Blade-like,10.5,R,players-cb
20.0,87.0,192,Fade,Distance,Consistent,No preference,10.5,R,players-distance
28.2,85.8,189,Draw,Accuracy,Left/Right,No preference,10.5,R,game-improvement
5.2,87.6,218,Straight,Distance,Inconsistent,No preference,10.5,R,players-cb
16.6,74.1,181,Slice,Distance,Left/Right,Forged/Blade-like,12,A,players-distance
15.5,104.6,248,Fade,Accuracy,Inconsistent,Forged/Blade-like,9,S,players-cb
20.4,84.7,196,Straight,Forgiveness,Left/Right,Confidence-inspiring,10.5,R,super-game-improvement
28.2,108.2,236,Straight,Forgiveness,Fat/Thin,No preference,10.5,S,super-game-improvement
5.0,120.0,283,Straight,Accuracy,Consistent,Forged/Blade-like,8,X,blade
22.1,85.9,198,Straight,Accuracy,Left/Right,No preference,10.5,R,game-improvement
26.3,111.5,237,Fade,Distance,Consistent,Confidence-inspiring,10.5,X,players-distance
15.3,105.0,244,Slice,Accuracy,Left/Right,Confidence-inspiring,9,S,game-improvement
15.8,88.8,195,Straight,Forgiveness,Fat/Thin,Confidence-inspiring,10.5,R,super-game-improvement
20.8,66.0,149,Straight,Forgiveness,Fat/Thin,Confidence-inspiring,12,L,super-game-improvement
20.1,99.2,216,Hook,Forgiveness,Inconsistent,Confidence-inspiring,10.5,S,super-game-improvement
22.2,91.2,202,Hook,Forgiveness,Fat/Thin,No preference,10.5,R,super-game-improvement
22.1,95.3,208,Fade,Distance,Inconsistent,No preference,10.5,R,game-improvement
8.2,98.1,226,Draw,Distance,Left/Right,No preference,9,S,players-cb
25.9,76.9,170,Straight,Forgiveness,Left/Right,Confidence-inspiring,10.5,A,super-game-improvement
27.5,83.0,161,Fade,Accuracy,Left/Right,Confidence-inspiring,10.5,A,super-game-improvement
18.7,100.4,213,Straight,Forgiveness,Fat/Thin,No preference,10.5,S,game-improvement
3.6,100.0,249,Slice,Distance,Left/Right,Forged/Blade-like,9,S,players-cb
16.0,91.5,212,Hook,Forgiveness,Left/Right,Confidence-inspiring,10.5,R,super-game-improvement
18.7,78.1,172,Slice,Accuracy,Left/Right,Forged/Blade-like,12,A,players-distance
6.7,102.4,253,Draw,Accuracy,Consistent,Confidence-inspiring,9,S,players-cb
13.8,85.5,193,Straight,Accuracy,Consistent,Forged/Blade-like,12,R,players-cb
4.3,112.3,266,Slice,Accuracy,Consistent,Confidence-inspiring,8,S,players-cb
22.5,83.4,180,Draw,Forgiveness,Fat/Thin,Confidence-inspiring,10.5,A,super-game-improvement
18.5,90.5,224,Straight,Accuracy,Inconsistent,Forged/Blade-like,10.5,S,players-cb
2.2,120.0,294,Slice,Accuracy,Left/Right,Forged/Blade-like,8,X,blade
20.2,89.2,204,Slice,Forgiveness,Inconsistent,Confidence-inspiring,10.5,R,super-game-improvement
16.5,90.4,212,Straight,Distance,Consistent,Forged/Blade-like,10.5,R,players-cb
21.6,97.2,203,Straight,Forgiveness,Fat/Thin,Confidence-inspiring,10.5,S,super-game-improvement
13.5,79.0,179,Straight,Forgiveness,Inconsistent,Forged/Blade-like,12,A,game-improvement
9.8,111.8,268,Draw,Accuracy,Consistent,Forged/Blade-like,8,X,players-cb
10.1,109.1,257,Straight,Accuracy,Left/Right,Forged/Blade-like,8,S,players-cb
12.2,102.9,261,Straight,Forgiveness,Left/Right,No preference,9,S,game-improvement
17.2,65.0,144,Draw,Forgiveness,Fat/Thin,Confidence-inspiring,12,L,super-game-improvement
18.3,91.0,216,Hook,Distance,Fat/Thin,Confidence-inspiring,10.5,R,game-improvement
15.3,82.9,199,Fade,Forgiveness,Consistent,Confidence-inspiring,10.5,A,game-improvement
13.2,108.3,254,Draw,Forgiveness,Inconsistent,Forged/Blade-like,9,S,players-distance
13.8,107.1,252,Straight,Forgiveness,Fat/Thin,No preference,9,S,game-improvement
36.0,85.4,179,Fade,Forgiveness,Left/Right,Confidence-inspiring,10.5,R,super-game-improvement
10.1,87.1,188,Slice,Accuracy,Left/Right,Confidence-inspiring,10.5,R,game-improvement
12.0,112.8,267,Slice,Accuracy,Inconsistent,Forged/Blade-like,8,S,players-cb
36.0,78.9,172,Slice,Forgiveness,Fat/Thin,Confidence-inspiring,10.5,A,super-game-improvement
20.8,109.9,254,Draw,Accuracy,Fat/Thin,Forged/Blade-like,8,S,players-distance
4.6,105.5,255,Draw,Accuracy,Left/Right,No preference,9,R,players-cb
24.6,94.3,219,Slice,Accuracy,Inconsistent,No preference,10.5,R,super-game-improvement
8.8,95.4,218,Draw,Accuracy,Consistent,Forged/Blade-like,10.5,R,players-cb
25.2,102.9,242,Fade,Forgiveness,Inconsistent,Confidence-inspiring,10.5,S,super-game-improvement
15.1,101.8,227,Fade,Accuracy,Inconsistent,Confidence-inspiring,9,S,game-improvement
13.0,111.6,259,Fade,Distance,Left/Right,No preference,8,S,players-distance
31.5,86.4,193,Slice,Forgiveness,Consistent,Confidence-inspiring,10.5,R,super-game-improvement
22.1,90.5,199,Straight,Accuracy,Fat/Thin,Confidence-inspiring,10.5,R,game-improvement
25.8,94.4,216,Fade,Forgiveness,Left/Right,Confidence-inspiring,10.5,R,super-game-improvement
20.9,106.2,237,Slice,Forgiveness,Consistent,Confidence-inspiring,9,X,game-improvement
13.0,107.3,251,Draw,Forgiveness,Fat/Thin,Confidence-inspiring,9,S,super-game-improvement
22.5,92.1,205,Slice,Accuracy,Fat/Thin,Confidence-inspiring,9,R,super-game-improvement
27.9,68.5,145,Fade,Distance,Fat/Thin,No preference,12,L,super-game-improvement
18.2,101.7,253,Straight,Forgiveness,Fat/Thin,Confidence-inspiring,10.5,S,super-game-improvement
33.2,69.0,141,Slice,Forgiveness,Left/Right,Confidence-inspiring,12,L,super-game-improvement
24.7,89.6,179,Fade,Forgiveness,Fat/Thin,Forged/Blade-like,10.5,R,super-game-improvement
18.9,92.0,203,Slice,Forgiveness,Consistent,Forged/Blade-like,10.5,R,players-cb
19.3,78.7,180,Fade,Accuracy,Left/Right,Confidence-inspiring,12,A,game-improvement
18.2,97.3,219,Hook,Distance,Left/Right,Forged/Blade-like,9,S,players-cb
5.7,120.0,297,Straight,Distance,Fat/Thin,No preference,8,X,players-cb
16.2,91.9,221,Straight,Forgiveness,Left/Right,Forged/Blade-like,10.5,R,players-distance
19.0,100.7,227,Hook,Accuracy,Inconsistent,No preference,9,S,players-distance
13.3,120.0,264,Straight,Accuracy,Left/Right,Forged/Blade-like,9,X,players-cb
20.0,101.0,218,Slice,Forgiveness,Inconsistent,Confidence-inspiring,10.5,S,super-game-improvement
17.2,87.9,201,Fade,Distance,Fat/Thin,No preference,10.5,R,game-improvement
24.0,92.1,192,Slice,Forgiveness,Consistent,No preference,10.5,R,game-improvement
23.0,95.2,210,Slice,Forgiveness,Fat/Thin,No preference,10.5,R,super-game-improvement
18.5,107.8,259,Fade,Distance,Inconsistent,Confidence-inspiring,9,S,game-improvement
4.7,114.9,280,Hook,Accuracy,Inconsistent,Confidence-inspiring,8,X,players-cb
33.1,65.0,140,Straight,Distance,Left/Right,Confidence-inspiring,12,L,game-improvement
15.7,86.8,191,Fade,Distance,Fat/Thin,Confidence-inspiring,10.5,R,game-improvement
16.3,94.2,219,Straight,Accuracy,Fat/Thin,Confidence-inspiring,10.5,R,game-improvement
13.9,86.4,199,Draw,Forgiveness,Left/Right,Confidence-inspiring,10.5,R,super-game-improvement
12.6,65.0,154,Fade,Accuracy,Inconsistent,Confidence-inspiring,10.5,L,super-game-improvement
30.9,77.7,175,Draw,Forgiveness,Left/Right,No preference,12,A,game-improvement
29.5,85.9,196,Draw,Accuracy,Inconsistent,No preference,10.5,R,game-improvement
21.0,86.5,197,Straight,Forgiveness,Fat/Thin,No preference,10.5,R,super-game-improvement
16.0,85.2,201,Straight,Distance,Fat/Thin,No preference,10.5,R,game-improvement
22.6,91.0,200,Slice,Distance,Fat/Thin,Confidence-inspiring,10.5,R,super-game-improvement
17.7,97.4,233,Slice,Accuracy,Left/Right,Confidence-inspiring,9,S,game-improvement
15.3,90.9,202,Draw,Distance,Consistent,No preference,9,R,players-distance
20.0,106.1,239,Hook,Accuracy,Inconsistent,Confidence-inspiring,10.5,X,game-improvement
13.0,97.7,239,Straight,Forgiveness,Fat/Thin,Confidence-inspiring,10.5,S,super-game-improvement
19.3,84.2,187,Slice,Distance,Inconsistent,Confidence-inspiring,10.5,R,game-improvement
18.8,82.0,175,Straight,Accuracy,Consistent,Confidence-inspiring,10.5,A,game-improvement
22.4,88.6,196,Slice,Distance,Fat/Thin,Confidence-inspiring,10.5,R,super-game-improvement
11.4,109.4,269,Fade,Accuracy,Left/Right,Confidence-inspiring,8,S,players-distance
23.4,81.9,163,Fade,Forgiveness,Inconsistent,No preference,10.5,A,super-game-improvement
8.8,106.0,252,Straight,Forgiveness,Inconsistent,Forged/Blade-like,9,S,players-cb
11.8,98.9,226,Draw,Forgiveness,Left/Right,Forged/Blade-like,10.5,S,players-cb
12.2,117.6,274,Fade,Accuracy,Inconsistent,Confidence-inspiring,8,X,super-game-improvement
7.4,104.9,247,Straight,Distance,Consistent,No preference,9,S,players-cb
26.1,81.3,189,Slice,Accuracy,Fat/Thin,Confidence-inspiring,10.5,A,super-game-improvement
8.3,107.7,256,Slice,Accuracy,Left/Right,No preference,8,S,players-distance
10.7,106.4,260,Draw,Accuracy,Left/Right,Forged/Blade-like,9,S,players-cb
28.3,82.8,193,Slice,Accuracy,Fat/Thin,Confidence-inspiring,10.5,A,super-game-improvement
11.9,86.3,202,Draw,Distance,Consistent,Confidence-inspiring,10.5,R,players-cb
15.3,101.0,230,Slice,Distance,Fat/Thin,Confidence-inspiring,9,S,super-game-improvement
7.9,101.3,244,Fade,Accuracy,Consistent,Forged/Blade-like,9,S,players-cb
24.5,74.2,171,Slice,Forgiveness,Fat/Thin,Confidence-inspiring,12,A,super-game-improvement
24.6,91.8,194,Straight,Forgiveness,Left/Right,No preference,10.5,R,super-game-improvement
23.7,83.5,189,Slice,Forgiveness,Inconsistent,No preference,10.5,A,super-game-improvement
21.8,76.0,169,Straight,Forgiveness,Consistent,Confidence-inspiring,12,A,super-game-improvement
17.7,90.4,203,Straight,Forgiveness,Left/Right,Confidence-inspiring,10.5,R,super-game-improvement
12.3,110.5,252,Straight,Accuracy,Consistent,Confidence-inspiring,8,X,players-distance
9.7,111.5,258,Draw,Distance,Consistent,No preference,9,X,blade
28.6,96.0,222,Straight,Accuracy,Left/Right,Forged/Blade-like,10.5,R,players-distance
23.9,92.4,203,Slice,Accuracy,Fat/Thin,No preference,10.5,R,super-game-improvement
10.8,104.6,256,Draw,Forgiveness,Inconsistent,Confidence-inspiring,9,S,game-improvement
17.4,95.2,220,Hook,Accuracy,Fat/Thin,Confidence-inspiring,10.5,R,game-improvement
14.3,85.2,188,Straight,Accuracy,Left/Right,Confidence-inspiring,10.5,R,game-improvement
6.8,92.3,222,Slice,Accuracy,Consistent,No preference,10.5,R,players-cb
18.6,87.3,189,Straight,Forgiveness,Fat/Thin,Confidence-inspiring,10.5,R,super-game-improvement
13.3,111.0,264,Straight,Accuracy,Inconsistent,No preference,8,X,players-distance
8.4,111.1,262,Straight,Accuracy,Inconsistent,No preference,8,X,players-distance
3.7,92.7,232,Straight,Accuracy,Consistent,No preference,10.5,R,blade
2.9,104.6,266,Draw,Accuracy,Fat/Thin,Forged/Blade-like,9,S,blade
13.7,92.7,200,Slice,Forgiveness,Inconsistent,Forged/Blade-like,10.5,R,game-improvement
16.2,93.4,211,Straight,Forgiveness,Fat/Thin,Confidence-inspiring,10.5,R,super-game-improvement
9.1,94.5,213,Fade,Accuracy,Consistent,Forged/Blade-like,10.5,R,players-cb
22.9,104.5,254,Draw,Accuracy,Fat/Thin,Confidence-inspiring,9,S,game-improvement
16.4,94.7,214,Slice,Forgiveness,Left/Right,Forged/Blade-like,10.5,R,players-distance
22.2,93.1,198,Slice,Forgiveness,Fat/Thin,No preference,10.5,R,super-game-improvement
15.4,97.8,246,Straight,Forgiveness,Left/Right,No preference,10.5,S,game-improvement
9.9,89.0,204,Fade,Accuracy,Consistent,Forged/Blade-like,10.5,R,players-cb
18.0,94.8,202,Straight,Forgiveness,Consistent,No preference,10.5,S,players-distance
5.6,112.8,260,Slice,Accuracy,Consistent,Forged/Blade-like,8,S,blade
21.9,105.8,240,Straight,Forgiveness,Left/Right,Confidence-inspiring,9,S,super-game-improvement
8.6,88.7,211,Draw,Distance,Consistent,Confidence-inspiring,10.5,R,players-cb
25.3,73.6,156,Straight,Forgiveness,Left/Right,Forged/Blade-like,12,A,game-improvement
14.0,97.1,221,Straight,Forgiveness,Left/Right,Confidence-inspiring,10.5,S,super-game-improvement
26.6,99.0,219,Straight,Forgiveness,Inconsistent,No preference,12,S,super-game-improvement
6.9,104.9,262,Draw,Accuracy,Left/Right,Forged/Blade-like,9,S,blade
10.9,105.4,251,Straight,Distance,Inconsistent,No preference,9,S,players-distance
20.4,78.5,173,Straight,Forgiveness,Fat/Thin,No preference,12,A,super-game-improvement
27.5,81.6,178,Fade,Accuracy,Consistent,No preference,12,L,game-improvement
32.0,65.0,147,Slice,Forgiveness,Left/Right,No preference,10.5,L,super-game-improvement
17.4,92.7,228,Straight,Accuracy,Left/Right,No preference,10.5,R,players-distance
33.5,65.0,130,Slice,Forgiveness,Fat/Thin,Confidence-inspiring,12,L,super-game-improvement
14.4,109.5,264,Straight,Forgiveness,Inconsistent,Confidence-inspiring,9,S,game-improvement
26.9,103.3,225,Draw,Forgiveness,Fat/Thin,Confidence-inspiring,10.5,S,super-game-improvement
8.5,101.6,227,Fade,Accuracy,Consistent,Forged/Blade-like,9,R,players-cb
20.8,76.7,157,Fade,Forgiveness,Left/Right,Confidence-inspiring,12,A,super-game-improvement
0.0,109.8,281,Hook,Accuracy,Left/Right,Confidence-inspiring,8,S,players-distance
6.9,119.9,299,Straight,Forgiveness,Consistent,No preference,9,X,players-distance
21.2,96.3,212,Slice,Distance,Inconsistent,Confidence-inspiring,9,S,super-game-improvement
5.2,114.3,273,Slice,Accuracy,Consistent,Forged/Blade-like,8,X,blade
20.8,87.0,181,Fade,Accuracy,Left/Right,No preference,10.5,R,super-game-improvement
25.2,80.2,185,Fade,Forgiveness,Fat/Thin,Confidence-inspiring,12,A,super-game-improvement
12.5,96.8,226,Straight,Accuracy,Left/Right,Confidence-inspiring,9,R,game-improvement
8.3,81.1,179,Draw,Accuracy,Left/Right,Confidence-inspiring,12,A,game-improvement
12.7,120.0,282,Slice,Distance,Left/Right,Confidence-inspiring,8,X,game-improvement
8.3,101.8,229,Draw,Forgiveness,Inconsistent,Forged/Blade-like,10.5,S,game-improvement
16.1,103.7,244,Straight,Distance,Left/Right,Confidence-inspiring,9,S,players-distance
17.9,89.2,194,Fade,Distance,Left/Right,Forged/Blade-like,9,R,players-cb
14.2,80.9,191,Straight,Accuracy,Inconsistent,Confidence-inspiring,10.5,A,players-distance
32.1,98.4,207,Slice,Accuracy,Inconsistent,Confidence-inspiring,10.5,S,super-game-improvement
10.5,87.6,185,Slice,Accuracy,Left/Right,Confidence-inspiring,10.5,R,game-improvement
29.5,89.4,204,Slice,Distance,Left/Right,Confidence-inspiring,10.5,R,game-improvement
7.6,105.3,260,Straight,Forgiveness,Left/Right,Confidence-inspiring,9,S,game-improvement
17.7,94.7,212,Draw,Accuracy,Inconsistent,Confidence-inspiring,10.5,R,game-improvement
27.6,79.4,177,Slice,Forgiveness,Fat/Thin,Confidence-inspiring,12,R,super-game-improvement
27.2,86.0,194,Straight,Forgiveness,Left/Right,Confidence-inspiring,10.5,R,super-game-improvement
13.2,87.5,208,Straight,Accuracy,Left/Right,Forged/Blade-like,10.5,R,players-cb
22.0,99.1,239,Straight,Forgiveness,Fat/Thin,Confidence-inspiring,10.5,S,super-game-improvement
20.8,97.6,225,Hook,Accuracy,Left/Right,Confidence-inspiring,9,S,game-improvement
12.1,97.6,225,Straight,Accuracy,Inconsistent,Confidence-inspiring,9,S,game-improvement
22.5,85.0,195,Fade,Forgiveness,Inconsistent,No preference,12,R,super-game-improvement
33.8,104.1,220,Slice,Accuracy,Fat/Thin,No preference,10.5,S,super-game-improvement
21.2,78.6,168,Slice,Forgiveness,Left/Right,Confidence-inspiring,12,A,super-game-improvement
22.1,75.5,181,Straight,Accuracy,Left/Right,Confidence-inspiring,10.5,A,super-game-improvement
23.0,89.5,206,Slice,Distance,Inconsistent,Confidence-inspiring,10.5,R,super-game-improvement
3.9,100.8,227,Fade,Distance,Left/Right,Forged/Blade-like,8,S,blade
21.1,102.6,226,Straight,Forgiveness,Left/Right,No preference,9,S,game-improvement
7.8,107.2,262,Slice,Accuracy,Consistent,No preference,9,S,players-cb
11.7,98.3,216,Fade,Accuracy,Left/Right,Confidence-inspiring,9,S,players-cb
36.0,86.5,177,Straight,Accuracy,Inconsistent,No preference,10.5,R,super-game-improvement
14.7,100.8,258,Fade,Forgiveness,Left/Right,Forged/Blade-like,10.5,S,players-distance
10.3,120.0,280,Draw,Accuracy,Fat/Thin,Forged/Blade-like,8,X,players-cb
27.4,89.9,208,Straight,Accuracy,Inconsistent,No preference,10.5,R,super-game-improvement
8.5,93.4,235,Draw,Forgiveness,Left/Right,Confidence-inspiring,10.5,R,game-improvement
13.0,99.1,223,Draw,Distance,Consistent,No preference,9,S,players-cb
28.2,65.0,145,Hook,Accuracy,Fat/Thin,No preference,12,L,super-game-improvement
17.4,93.8,234,Fade,Forgiveness,Fat/Thin,Confidence-inspiring,10.5,R,super-game-improvement
2.9,115.0,283,Straight,Forgiveness,Inconsistent,Confidence-inspiring,9,X,players-distance
21.9,97.1,240,Slice,Distance,Inconsistent,Confidence-inspiring,9,S,super-game-improvement
13.4,99.9,227,Draw,Distance,Fat/Thin,Confidence-inspiring,9,S,game-improvement
30.9,91.5,215,Fade,Forgiveness,Fat/Thin,No preference,10.5,R,super-game-improvement
11.5,109.2,256,Straight,Forgiveness,Fat/Thin,Forged/Blade-like,9,S,players-cb
26.5,102.2,223,Slice,Accuracy,Left/Right,Confidence-inspiring,10.5,S,game-improvement
33.0,88.0,195,Fade,Forgiveness,Fat/Thin,Confidence-inspiring,10.5,R,super-game-improvement
9.3,96.5,227,Straight,Distance,Fat/Thin,Confidence-inspiring,9,R,game-improvement
15.3,72.5,167,Slice,Forgiveness,Left/Right,Forged/Blade-like,12,A,game-improvement
20.5,101.8,235,Slice,Distance,Inconsistent,Confidence-inspiring,9,S,super-game-improvement
9.3,104.8,232,Straight,Accuracy,Left/Right,Forged/Blade-like,8,S,players-cb
19.4,94.3,207,Draw,Accuracy,Left/Right,Forged/Blade-like,9,R,players-cb
15.0,88.9,212,Draw,Distance,Left/Right,Forged/Blade-like,10.5,R,players-cb
14.8,105.6,254,Fade,Distance,Fat/Thin,Confidence-inspiring,10.5,S,super-game-improvement
17.4,91.6,213,Straight,Distance,Fat/Thin,No preference,9,R,game-improvement
17.6,93.7,217,Straight,Accuracy,Left/Right,Confidence-inspiring,10.5,R,game-improvement
18.5,92.9,216,Fade,Distance,Left/Right,Forged/Blade-like,10.5,R,players-cb
11.6,102.6,249,Slice,Accuracy,Left/Right,No preference,9,S,players-distance
12.0,86.4,190,Slice,Distance,Fat/Thin,No preference,10.5,R,game-improvement
15.9,100.8,228,Draw,Forgiveness,Consistent,No preference,10.5,S,players-distance
16.6,87.5,201,Hook,Accuracy,Inconsistent,Forged/Blade-like,10.5,R,players-cb
13.1,90.2,212,Draw,Distance,Inconsistent,Confidence-inspiring,10.5,R,game-improvement
19.9,101.3,211,Straight,Forgiveness,Left/Right,No preference,10.5,S,players-distance
0.7,95.6,222,Fade,Accuracy,Consistent,Confidence-inspiring,10.5,R,players-cb
10.4,107.8,254,Straight,Accuracy,Inconsistent,Confidence-inspiring,9,S,players-distance
14.5,97.2,235,Fade,Distance,Left/Right,Forged/Blade-like,9,S,players-cb
9.3,83.2,193,Hook,Accuracy,Consistent,No preference,10.5,R,players-cb
31.7,98.1,206,Draw,Distance,Left/Right,Confidence-inspiring,10.5,S,super-game-improvement
17.2,97.4,228,Slice,Distance,Inconsistent,Confidence-inspiring,9,S,super-game-improvement
18.6,97.3,219,Fade,Forgiveness,Consistent,No preference,10.5,S,players-distance
12.7,107.4,259,Straight,Accuracy,Left/Right,Confidence-inspiring,10.5,S,players-distance
16.9,109.5,250,Slice,Forgiveness,Left/Right,Confidence-inspiring,9,S,game-improvement
6.1,103.9,239,Fade,Accuracy,Left/Right,No preference,9,S,players-distance
15.5,101.6,248,Straight,Forgiveness,Inconsistent,No preference,10.5,R,game-improvement
8.6,103.9,258,Fade,Accuracy,Consistent,No preference,9,S,players-cb
14.5,92.7,206,Fade,Distance,Fat/Thin,No preference,10.5,R,game-improvement
0.0,90.2,225,Fade,Distance,Consistent,No preference,10.5,R,players-cb
6.8,103.5,244,Straight,Distance,Inconsistent,Forged/Blade-like,9,S,players-cb
30.2,99.3,222,Slice,Forgiveness,Inconsistent,Confidence-inspiring,10.5,S,super-game-improvement
24.5,95.2,204,Straight,Accuracy,Fat/Thin,Confidence-inspiring,10.5,R,super-game-improvement
28.9,75.7,174,Slice,Distance,Fat/Thin,Confidence-inspiring,12,L,super-game-improvement
29.5,96.9,222,Fade,Distance,Fat/Thin,Confidence-inspiring,10.5,S,super-game-improvement
23.1,87.2,187,Straight,Accuracy,Consistent,Confidence-inspiring,10.5,R,game-improvement
12.9,76.3,179,Draw,Accuracy,Left/Right,Forged/Blade-like,12,A,players-distance
7.7,110.9,275,Fade,Accuracy,Fat/Thin,No preference,8,X,players-distance
27.3,78.0,163,Slice,Forgiveness,Fat/Thin,No preference,12,A,super-game-improvement
17.6,111.8,250,Slice,Accuracy,Inconsistent,Forged/Blade-like,9,X,players-cb
36.0,93.0,204,Fade,Distance,Inconsistent,No preference,9,R,super-game-improvement
13.7,94.4,218,Slice,Forgiveness,Fat/Thin,No preference,10.5,A,game-improvement
34.8,86.9,172,Slice,Accuracy,Inconsistent,Confidence-inspiring,10.5,R,super-game-improvement
15.6,119.6,273,Hook,Forgiveness,Left/Right,Forged/Blade-like,9,X,players-cb
29.0,96.3,227,Straight,Forgiveness,Left/Right,Confidence-inspiring,10.5,R,super-game-improvement
32.3,86.4,205,Straight,Accuracy,Left/Right,Confidence-inspiring,9,R,super-game-improvement
7.8,120.0,280,Hook,Accuracy,Left/Right,No preference,8,X,players-cb
12.6,98.6,222,Hook,Forgiveness,Left/Right,Confidence-inspiring,10.5,S,super-game-improvement
7.7,106.6,250,Slice,Forgiveness,Consistent,Forged/Blade-like,9,S,players-cb
5.9,92.6,238,Fade,Forgiveness,Inconsistent,Confidence-inspiring,10.5,R,game-improvement
23.0,73.6,173,Slice,Distance,Fat/Thin,Confidence-inspiring,12,A,super-game-improvement
15.2,92.8,228,Fade,Accuracy,Fat/Thin,No preference,12,A,game-improvement
17.5,94.5,226,Straight,Distance,Fat/Thin,Confidence-inspiring,10.5,R,game-improvement
22.0,94.3,200,Fade,Forgiveness,Inconsistent,Confidence-inspiring,10.5,R,super-game-improvement
0.3,91.6,216,Straight,Distance,Fat/Thin,Forged/Blade-like,10.5,R,players-cb
28.6,93.2,198,Fade,Distance,Fat/Thin,Forged/Blade-like,10.5,R,game-improvement
13.9,88.2,200,Draw,Distance,Inconsistent,No preference,10.5,S,players-distance
21.8,97.3,213,Draw,Forgiveness,Left/Right,Confidence-inspiring,10.5,S,super-game-improvement
22.6,100.0,220,Fade,Accuracy,Left/Right,Confidence-inspiring,9,S,super-game-improvement
29.3,82.1,185,Slice,Distance,Left/Right,No preference,10.5,A,super-game-improvement
16.1,85.4,198,Straight,Accuracy,Consistent,Confidence-inspiring,10.5,R,players-distance
0.0,120.0,305,Draw,Forgiveness,Consistent,No preference,9,X,players-cb
17.5,102.8,238,Straight,Forgiveness,Fat/Thin,No preference,8,S,game-improvement
18.8,94.7,210,Straight,Distance,Left/Right,Forged/Blade-like,9,A,players-cb
7.7,115.4,276,Straight,Accuracy,Inconsistent,No preference,8,X,players-distance
18.3,94.4,202,Straight,Forgiveness,Consistent,Forged/Blade-like,10.5,R,players-cb
13.8,90.4,189,Fade,Distance,Left/Right,Forged/Blade-like,10.5,R,players-cb
4.9,92.7,229,Straight,Forgiveness,Consistent,Confidence-inspiring,10.5,R,players-distance
23.0,89.3,209,Slice,Accuracy,Fat/Thin,Forged/Blade-like,10.5,R,game-improvement
11.9,105.6,248,Draw,Forgiveness,Inconsistent,No preference,8,R,players-distance
13.3,110.9,255,Slice,Accuracy,Fat/Thin,Forged/Blade-like,8,X,blade
12.8,97.5,216,Fade,Accuracy,Left/Right,No preference,9,S,players-distance
28.1,99.0,228,Slice,Forgiveness,Left/Right,Confidence-inspiring,10.5,S,super-game-improvement
16.6,92.6,217,Straight,Distance,Left/Right,Forged/Blade-like,10.5,R,blade
17.7,86.1,200,Fade,Distance,Inconsistent,No preference,10.5,R,game-improvement
13.0,84.1,196,Slice,Accuracy,Left/Right,Forged/Blade-like,10.5,R,players-cb
21.2,86.5,191,Fade,Forgiveness,Fat/Thin,Confidence-inspiring,12,R,super-game-improvement
29.1,73.5,151,Hook,Forgiveness,Fat/Thin,Forged/Blade-like,12,A,super-game-improvement
22.8,110.6,251,Hook,Forgiveness,Left/Right,Confidence-inspiring,9,X,super-game-improvement
23.2,94.6,207,Straight,Forgiveness,Fat/Thin,Confidence-inspiring,10.5,R,super-game-improvement
22.5,89.7,198,Slice,Distance,Left/Right,Confidence-inspiring,10.5,R,super-game-improvement
4.6,120.0,304,Hook,Forgiveness,Consistent,Forged/Blade-like,9,X,blade
9.1,86.8,205,Straight,Distance,Consistent,Forged/Blade-like,10.5,R,players-cb
15.2,94.3,196,Straight,Distance,Inconsistent,No preference,10.5,A,game-improvement
10.5,118.9,275,Fade,Forgiveness,Fat/Thin,Forged/Blade-like,9,X,players-cb
7.4,99.5,228,Straight,Accuracy,Consistent,Confidence-inspiring,9,S,players-cb
0.2,120.0,293,Fade,Accuracy,Consistent,Forged/Blade-like,8,X,blade
4.9,110.5,253,Fade,Forgiveness,Consistent,No preference,9,X,players-cb
14.7,109.1,257,Fade,Forgiveness,Left/Right,Confidence-inspiring,9,S,game-improvement
16.4,108.2,246,Slice,Accuracy,Consistent,Forged/Blade-like,9,S,players-cb
9.9,99.3,230,Fade,Accuracy,Consistent,Confidence-inspiring,9,S,players-distance
17.7,89.1,205,Draw,Forgiveness,Inconsistent,Confidence-inspiring,10.5,R,super-game-improvement
13.1,95.9,223,Straight,Accuracy,Fat/Thin,Forged/Blade-like,10.5,R,players-distance
26.8,77.9,171,Fade,Accuracy,Fat/Thin,Confidence-inspiring,12,A,super-game-improvement
15.5,94.8,217,Draw,Distance,Consistent,Forged/Blade-like,12,R,players-cb
23.3,90.1,202,Fade,Forgiveness,Fat/Thin,Confidence-inspiring,10.5,A,super-game-improvement
18.8,110.1,254,Draw,Accuracy,Fat/Thin,Confidence-inspiring,8,X,game-improvement
4.4,108.9,264,Fade,Accuracy,Left/Right,No preference,8,S,players-cb
16.2,118.6,283,Draw,Distance,Inconsistent,No preference,9,X,players-distance
5.9,80.4,188,Straight,Forgiveness,Left/Right,Forged/Blade-like,12,L,players-cb
16.0,82.9,193,Slice,Forgiveness,Inconsistent,Forged/Blade-like,10.5,A,game-improvement
10.3,95.4,247,Fade,Accuracy,Consistent,Confidence-inspiring,10.5,R,players-cb
20.4,107.1,242,Slice,Distance,Left/Right,Confidence-inspiring,8,X,game-improvement
4.9,101.6,244,Hook,Forgiveness,Consistent,No preference,10.5,S,players-cb
17.1,79.7,172,Slice,Distance,Fat/Thin,Confidence-inspiring,12,A,game-improvement
22.2,88.5,193,Slice,Forgiveness,Inconsistent,No preference,10.5,R,super-game-improvement
25.2,76.9,170,Straight,Forgiveness,Fat/Thin,No preference,12,A,game-improvement
10.1,85.2,206,Slice,Distance,Inconsistent,No preference,10.5,R,players-distance
17.2,114.3,268,Slice,Forgiveness,Left/Right,Confidence-inspiring,10.5,X,super-game-improvement
18.7,89.8,208,Straight,Accuracy,Consistent,Confidence-inspiring,9,R,players-distance
30.9,86.7,196,Straight,Forgiveness,Inconsistent,No preference,10.5,R,super-game-improvement
3.7,102.6,239,Straight,Distance,Consistent,Forged/Blade-like,9,S,blade
8.8,97.5,236,Fade,Accuracy,Left/Right,No preference,9,S,players-distance
36.0,73.1,156,Slice,Accuracy,Inconsistent,Confidence-inspiring,12,A,super-game-improvement
14.5,93.0,217,Straight,Distance,Inconsistent,Confidence-inspiring,10.5,S,game-improvement
0.0,109.4,265,Draw,Distance,Consistent,Forged/Blade-like,8,S,blade
11.8,112.2,254,Fade,Distance,Fat/Thin,Forged/Blade-like,8,X,players-cb
0.0,115.5,272,Fade,Accuracy,Consistent,Forged/Blade-like,8,X,blade
19.2,80.8,187,Slice,Distance,Left/Right,Forged/Blade-like,12,A,players-cb
24.3,99.4,226,Slice,Accuracy,Left/Right,Confidence-inspiring,10.5,S,super-game-improvement
8.8,104.8,247,Draw,Accuracy,Consistent,Forged/Blade-like,9,S,players-cb
12.8,91.0,212,Fade,Forgiveness,Inconsistent,Forged/Blade-like,10.5,R,players-distance
25.3,90.6,195,Straight,Forgiveness,Consistent,Confidence-inspiring,9,R,super-game-improvement
1.2,110.9,275,Straight,Distance,Consistent,Forged/Blade-like,8,X,blade
5.1,103.0,248,Draw,Accuracy,Consistent,No preference,9,S,blade
14.9,100.7,230,Slice,Distance,Left/Right,Confidence-inspiring,9,S,super-game-improvement
10.2,90.4,221,Draw,Forgiveness,Left/Right,Confidence-inspiring,10.5,R,game-improvement
14.4,116.1,275,Straight,Forgiveness,Inconsistent,Confidence-inspiring,9,X,super-game-improvement
5.6,82.9,185,Draw,Distance,Consistent,Forged/Blade-like,10.5,A,blade
18.9,98.9,226,Draw,Accuracy,Inconsistent,No preference,9,R,players-distance
15.7,99.0,220,Fade,Distance,Inconsistent,Confidence-inspiring,9,S,players-distance
21.9,97.5,221,Slice,Forgiveness,Left/Right,Forged/Blade-like,10.5,S,game-improvement
18.8,86.1,168,Straight,Forgiveness,Left/Right,Confidence-inspiring,10.5,R,super-game-improvement
18.9,104.8,241,Straight,Distance,Consistent,Forged/Blade-like,9,S,players-distance
4.0,102.2,253,Draw,Accuracy,Consistent,No preference,9,S,blade
21.4,79.6,179,Fade,Forgiveness,Left/Right,No preference,12,A,super-game-improvement
14.0,85.5,188,Slice,Forgiveness,Inconsistent,No preference,10.5,R,super-game-improvement
15.5,96.7,241,Fade,Forgiveness,Left/Right,No preference,10.5,S,game-improvement
26.4,72.1,170,Straight,Forgiveness,Left/Right,Confidence-inspiring,12,A,super-game-improvement
10.5,116.9,271,Draw,Accuracy,Left/Right,Confidence-inspiring,8,X,players-distance
29.2,96.6,209,Straight,Forgiveness,Fat/Thin,Confidence-inspiring,10.5,R,super-game-improvement
30.0,103.9,209,Slice,Distance,Fat/Thin,Confidence-inspiring,10.5,S,super-game-improvement
23.8,107.0,243,Slice,Accuracy,Inconsistent,No preference,9,S,game-improvement
8.2,96.9,218,Straight,Distance,Inconsistent,No preference,9,R,players-distance
0.0,97.3,244,Draw,Distance,Consistent,Forged/Blade-like,9,S,blade
26.7,65.0,153,Draw,Forgiveness,Fat/Thin,Confidence-inspiring,12,L,super-game-improvement
18.0,89.7,205,Straight,Accuracy,Consistent,Confidence-inspiring,10.5,R,players-distance
10.3,116.7,266,Draw,Distance,Consistent,No preference,8,X,players-cb
27.6,79.0,185,Slice,Distance,Fat/Thin,Confidence-inspiring,12,A,super-game-improvement
9.2,97.6,231,Draw,Accuracy,Consistent,No preference,9,S,players-cb
13.2,91.5,214,Hook,Accuracy,Inconsistent,Forged/Blade-like,10.5,R,players-cb
21.7,95.0,206,Slice,Distance,Consistent,Confidence-inspiring,10.5,R,game-improvement
7.0,114.1,274,Draw,Distance,Left/Right,Forged/Blade-like,8,X,blade
16.0,79.7,182,Fade,Forgiveness,Fat/Thin,No preference,12,A,super-game-improvement
26.8,74.3,152,Slice,Distance,Fat/Thin,Forged/Blade-like,12,R,game-improvement
18.9,108.0,258,Straight,Forgiveness,Consistent,Forged/Blade-like,8,S,players-cb
28.2,94.2,223,Fade,Accuracy,Fat/Thin,Confidence-inspiring,10.5,R,super-game-improvement
27.2,84.9,196,Slice,Accuracy,Consistent,Confidence-inspiring,10.5,R,players-distance
17.1,111.4,264,Draw,Accuracy,Left/Right,Confidence-inspiring,8,X,players-cb
0.0,92.3,242,Fade,Forgiveness,Consistent,Confidence-inspiring,10.5,R,players-distance
7.0,110.6,255,Straight,Forgiveness,Left/Right,No preference,9,X,players-distance
23.9,89.1,190,Slice,Distance,Inconsistent,Forged/Blade-like,10.5,R,players-distance
3.0,110.0,263,Draw,Accuracy,Inconsistent,No preference,8,X,players-cb
14.1,72.5,171,Fade,Distance,Fat/Thin,No preference,12,A,game-improvement
20.0,89.8,201,Hook,Accuracy,Left/Right,Confidence-inspiring,10.5,R,game-improvement
30.2,92.8,193,Hook,Forgiveness,Inconsistent,Confidence-inspiring,10.5,A,super-game-improvement
11.8,97.3,228,Straight,Forgiveness,Fat/Thin,Confidence-inspiring,10.5,S,super-game-improvement
11.2,110.9,260,Hook,Forgiveness,Fat/Thin,Confidence-inspiring,9,X,game-improvement
16.5,107.0,254,Straight,Distance,Left/Right,Forged/Blade-like,9,S,players-cb
20.2,82.7,188,Hook,Forgiveness,Fat/Thin,Confidence-inspiring,10.5,A,super-game-improvement
15.6,103.6,222,Slice,Forgiveness,Inconsistent,Confidence-inspiring,9,S,game-improvement
26.4,78.1,176,Straight,Accuracy,Left/Right,Forged/Blade-like,12,A,players-distance
9.8,99.9,250,Fade,Distance,Left/Right,No preference,9,S,players-cb
18.1,100.3,230,Fade,Distance,Fat/Thin,Confidence-inspiring,9,R,game-improvement
21.0,83.4,197,Slice,Accuracy,Consistent,Forged/Blade-like,10.5,A,players-cb
13.4,104.8,240,Straight,Forgiveness,Consistent,Confidence-inspiring,9,S,players-distance
24.6,84.2,193,Slice,Accuracy,Left/Right,Confidence-inspiring,10.5,R,super-game-improvement
18.3,87.7,194,Fade,Forgiveness,Left/Right,Forged/Blade-like,10.5,R,players-distance
24.1,96.7,214,Hook,Forgiveness,Inconsistent,Confidence-inspiring,10.5,A,super-game-improvement
18.7,84.9,192,Fade,Distance,Inconsistent,No preference,10.5,R,super-game-improvement
20.4,83.3,193,Hook,Forgiveness,Inconsistent,Confidence-inspiring,10.5,A,super-game-improvement
11.3,108.7,248,Fade,Distance,Left/Right,No preference,8,S,players-cb
11.3,99.4,220,Straight,Accuracy,Left/Right,Confidence-inspiring,9,R,players-distance
28.0,72.4,163,Slice,Forgiveness,Inconsistent,Confidence-inspiring,12,A,super-game-improvement
22.7,99.1,226,Fade,Distance,Fat/Thin,Confidence-inspiring,9,S,super-game-improvement
7.8,96.6,231,Straight,Distance,Inconsistent,Forged/Blade-like,9,R,players-cb
18.6,79.3,189,Fade,Accuracy,Left/Right,No preference,10.5,A,players-distance
0.0,80.9,196,Straight,Forgiveness,Consistent,No preference,12,A,players-cb
11.8,107.0,253,Straight,Forgiveness,Left/Right,No preference,9,S,players-distance
25.6,80.0,174,Fade,Forgiveness,Inconsistent,No preference,12,A,super-game-improvement
15.9,82.7,188,Slice,Accuracy,Left/Right,Confidence-inspiring,12,A,game-improvement
18.1,100.1,232,Fade,Forgiveness,Left/Right,Confidence-inspiring,10.5,S,super-game-improvement
0.0,114.1,300,Straight,Accuracy,Consistent,No preference,8,X,blade
13.5,88.9,214,Straight,Distance,Fat/Thin,Forged/Blade-like,10.5,R,players-distance
20.0,101.5,235,Fade,Distance,Left/Right,Confidence-inspiring,9,S,super-game-improvement
21.2,112.1,260,Slice,Forgiveness,Consistent,Confidence-inspiring,9,X,game-improvement
25.7,102.0,205,Slice,Distance,Fat/Thin,Confidence-inspiring,10.5,S,super-game-improvement
15.1,107.6,252,Straight,Forgiveness,Left/Right,Forged/Blade-like,9,S,players-distance
15.5,98.6,236,Draw,Forgiveness,Inconsistent,No preference,10.5,S,game-improvement
5.0,98.2,237,Draw,Accuracy,Consistent,No preference,9,S,blade
15.2,95.1,220,Straight,Accuracy,Inconsistent,Forged/Blade-like,10.5,S,players-distance
5.6,106.6,247,Straight,Accuracy,Inconsistent,Confidence-inspiring,10.5,S,players-cb
0.4,93.2,224,Hook,Forgiveness,Consistent,No preference,10.5,S,players-cb
7.2,93.4,215,Draw,Distance,Consistent,Forged/Blade-like,10.5,R,players-cb
30.6,70.9,163,Slice,Forgiveness,Fat/Thin,No preference,12,L,super-game-improvement
14.6,98.4,242,Hook,Accuracy,Fat/Thin,No preference,9,S,game-improvement
19.0,93.9,231,Draw,Forgiveness,Inconsistent,No preference,10.5,R,game-improvement
12.4,91.0,205,Draw,Distance,Consistent,No preference,10.5,R,players-cb
0.9,113.6,271,Straight,Accuracy,Consistent,Forged/Blade-like,8,X,blade
25.4,78.3,167,Straight,Distance,Left/Right,Confidence-inspiring,10.5,A,super-game-improvement
0.0,99.1,234,Fade,Distance,Inconsistent,Forged/Blade-like,9,S,blade
12.0,105.6,238,Fade,Accuracy,Left/Right,No preference,9,S,players-distance
16.5,104.1,235,Fade,Accuracy,Inconsistent,No preference,9,S,players-distance
19.1,85.1,202,Hook,Forgiveness,Inconsistent,No preference,10.5,R,game-improvement
10.5,101.2,232,Fade,Distance,Inconsistent,Confidence-inspiring,9,S,game-improvement
0.5,97.9,249,Straight,Accuracy,Consistent,Forged/Blade-like,9,S,players-cb
9.8,97.4,242,Draw,Forgiveness,Left/Right,Confidence-inspiring,10.5,S,game-improvement
10.3,100.4,239,Draw,Forgiveness,Left/Right,No preference,10.5,S,players-distance
10.0,104.8,258,Draw,Forgiveness,Left/Right,No preference,9,X,players-distance
25.7,91.7,191,Draw,Distance,Left/Right,Confidence-inspiring,10.5,R,game-improvement
6.1,104.6,246,Fade,Forgiveness,Consistent,Forged/Blade-like,9,S,blade
19.7,81.8,188,Straight,Distance,Fat/Thin,Forged/Blade-like,12,A,players-distance
18.4,97.4,225,Straight,Forgiveness,Left/Right,Forged/Blade-like,10.5,S,players-distance
25.6,94.1,222,Slice,Distance,Fat/Thin,Confidence-inspiring,10.5,R,super-game-improvement
15.8,102.1,227,Hook,Forgiveness,Fat/Thin,Forged/Blade-like,9,S,players-cb
24.1,82.4,179,Straight,Forgiveness,Fat/Thin,No preference,10.5,A,super-game-improvement
15.5,104.6,241,Straight,Accuracy,Inconsistent,Confidence-inspiring,9,S,game-improvement
20.9,78.6,173,Straight,Forgiveness,Inconsistent,Forged/Blade-like,12,A,super-game-improvement
3.5,99.3,231,Slice,Accuracy,Fat/Thin,No preference,9,S,players-distance
0.0,103.2,249,Draw,Distance,Fat/Thin,Confidence-inspiring,9,S,players-cb
20.4,79.5,178,Hook,Forgiveness,Consistent,Confidence-inspiring,12,A,super-game-improvement
20.9,88.9,214,Slice,Accuracy,Left/Right,Confidence-inspiring,10.5,R,super-game-improvement
21.3,93.7,202,Slice,Accuracy,Left/Right,No preference,10.5,R,game-improvement
12.3,79.4,193,Hook,Forgiveness,Fat/Thin,Confidence-inspiring,12,A,super-game-improvement
30.4,81.4,189,Slice,Forgiveness,Left/Right,Confidence-inspiring,12,A,super-game-improvement
12.9,79.7,181,Slice,Forgiveness,Fat/Thin,No preference,12,A,super-game-improvement
20.8,112.3,256,Straight,Forgiveness,Fat/Thin,No preference,8,X,super-game-improvement
22.4,92.9,214,Straight,Forgiveness,Inconsistent,Confidence-inspiring,10.5,R,super-game-improvement
32.5,85.2,188,Fade,Forgiveness,Fat/Thin,Confidence-inspiring,10.5,R,super-game-improvement
14.1,98.7,230,Fade,Forgiveness,Inconsistent,No preference,10.5,S,super-game-improvement
11.1,104.5,239,Straight,Accuracy,Consistent,Confidence-inspiring,9,S,players-distance
3.5,113.4,280,Hook,Forgiveness,Left/Right,Forged/Blade-like,9,X,players-cb
31.0,69.3,147,Draw,Accuracy,Fat/Thin,Forged/Blade-like,12,A,game-improvement
20.8,105.0,238,Draw,Accuracy,Fat/Thin,Confidence-inspiring,8,S,game-improvement
21.1,104.1,237,Straight,Accuracy,Fat/Thin,Confidence-inspiring,9,S,super-game-improvement
36.0,80.9,180,Straight,Accuracy,Left/Right,Confidence-inspiring,12,A,super-game-improvement
19.9,91.3,225,Straight,Distance,Left/Right,No preference,9,R,players-distance
5.3,71.4,165,Fade,Forgiveness,Inconsistent,No preference,12,L,game-improvement
15.2,83.2,193,Fade,Forgiveness,Fat/Thin,No preference,9,A,super-game-improvement
8.2,105.6,238,Fade,Distance,Fat/Thin,No preference,9,S,players-distance
13.4,108.9,267,Draw,Accuracy,Fat/Thin,No preference,8,S,players-distance
13.4,104.2,243,Slice,Distance,Fat/Thin,Forged/Blade-like,9,S,players-cb
11.7,97.3,225,Hook,Accuracy,Left/Right,No preference,9,S,blade
4.5,120.0,290,Draw,Distance,Left/Right,Forged/Blade-like,8,X,blade
31.3,94.8,206,Slice,Distance,Left/Right,Confidence-inspiring,10.5,R,super-game-improvement
19.7,88.7,195,Draw,Accuracy,Inconsistent,Confidence-inspiring,10.5,R,game-improvement
15.0,117.6,283,Draw,Accuracy,Left/Right,Forged/Blade-like,8,X,players-cb
23.8,78.9,182,Slice,Distance,Fat/Thin,Confidence-inspiring,10.5,A,game-improvement
21.2,76.9,181,Straight,Forgiveness,Inconsistent,Confidence-inspiring,12,A,super-game-improvement
19.5,88.5,195,Straight,Accuracy,Fat/Thin,Confidence-inspiring,10.5,R,players-distance
23.2,82.6,179,Hook,Distance,Left/Right,Confidence-inspiring,10.5,A,super-game-improvement
18.2,90.0,205,Draw,Distance,Left/Right,Forged/Blade-like,10.5,R,players-cb
23.0,98.3,228,Slice,Accuracy,Fat/Thin,Confidence-inspiring,10.5,S,super-game-improvement
23.8,89.5,205,Slice,Forgiveness,Left/Right,Confidence-inspiring,10.5,R,super-game-improvement
18.5,93.3,206,Fade,Forgiveness,Fat/Thin,Confidence-inspiring,9,R,super-game-improvement
15.0,96.4,229,Hook,Distance,Consistent,Confidence-inspiring,9,R,players-distance
30.8,65.0,132,Slice,Forgiveness,Left/Right,Confidence-inspiring,12,L,super-game-improvement
12.7,82.2,186,Straight,Forgiveness,Left/Right,No preference,12,A,game-improvement
20.5,88.2,201,Slice,Distance,Fat/Thin,No preference,10.5,A,super-game-improvement
20.7,83.5,178,Slice,Forgiveness,Fat/Thin,Confidence-inspiring,10.5,A,super-game-improvement
11.5,95.9,216,Straight,Distance,Fat/Thin,Forged/Blade-like,10.5,R,players-cb
9.7,113.4,282,Straight,Accuracy,Fat/Thin,Forged/Blade-like,8,X,players-cb
13.8,95.9,235,Draw,Accuracy,Consistent,Forged/Blade-like,10.5,S,players-distance
12.6,84.2,217,Fade,Accuracy,Fat/Thin,Confidence-inspiring,10.5,R,game-improvement
3.9,95.4,234,Straight,Accuracy,Left/Right,No preference,10.5,R,players-cb
11.1,115.6,277,Draw,Accuracy,Left/Right,Confidence-inspiring,8,X,players-distance
19.4,108.1,245,Slice,Accuracy,Left/Right,No preference,8,S,players-distance
28.4,92.6,200,Fade,Forgiveness,Inconsistent,Confidence-inspiring,10.5,S,super-game-improvement
22.0,75.4,178,Slice,Forgiveness,Inconsistent,Confidence-inspiring,12,A,super-game-improvement
0.0,109.1,280,Fade,Forgiveness,Consistent,Forged/Blade-like,9,S,blade
22.8,94.3,219,Slice,Accuracy,Inconsistent,No preference,10.5,R,super-game-improvement
12.0,98.1,222,Fade,Forgiveness,Fat/Thin,Confidence-inspiring,10.5,X,super-game-improvement
21.1,86.0,198,Slice,Forgiveness,Fat/Thin,No preference,10.5,R,super-game-improvement
16.9,90.9,202,Draw,Forgiveness,Left/Right,Confidence-inspiring,10.5,R,super-game-improvement
15.3,89.2,203,Slice,Distance,Inconsistent,Forged/Blade-like,10.5,R,players-distance
16.1,83.6,207,Straight,Distance,Left/Right,Forged/Blade-like,10.5,A,players-cb
16.8,108.2,238,Slice,Distance,Fat/Thin,Confidence-inspiring,8,S,game-improvement
29.1,95.0,227,Slice,Forgiveness,Left/Right,Confidence-inspiring,10.5,R,game-improvement
16.8,91.7,216,Straight,Distance,Left/Right,No preference,10.5,R,players-distance
26.8,91.3,197,Fade,Forgiveness,Inconsistent,Confidence-inspiring,10.5,R,super-game-improvement
25.5,92.6,206,Draw,Accuracy,Fat/Thin,Confidence-inspiring,10.5,R,super-game-improvement
23.0,113.8,249,Fade,Forgiveness,Inconsistent,Confidence-inspiring,8,X,super-game-improvement
0.9,114.1,274,Draw,Forgiveness,Consistent,No preference,10.5,X,players-cb
27.0,96.0,213,Straight,Forgiveness,Fat/Thin,Confidence-inspiring,10.5,R,super-game-improvement
12.9,97.6,225,Fade,Forgiveness,Left/Right,Forged/Blade-like,10.5,S,players-distance
23.4,85.7,184,Fade,Accuracy,Consistent,Confidence-inspiring,10.5,R,game-improvement
8.2,114.3,270,Straight,Forgiveness,Consistent,No preference,9,X,players-cb
6.3,108.2,247,Draw,Accuracy,Consistent,Confidence-inspiring,8,S,players-cb
34.8,74.0,147,Slice,Forgiveness,Inconsistent,Forged/Blade-like,12,A,super-game-improvement
8.4,104.8,237,Draw,Accuracy,Left/Right,Forged/Blade-like,9,S,players-cb
27.3,95.8,226,Fade,Accuracy,Fat/Thin,Confidence-inspiring,10.5,R,super-game-improvement
18.1,72.7,170,Fade,Distance,Fat/Thin,No preference,12,A,game-improvement
13.2,87.8,210,Straight,Forgiveness,Inconsistent,Confidence-inspiring,10.5,R,super-game-improvement
16.6,98.3,226,Draw,Accuracy,Left/Right,Forged/Blade-like,9,S,players-cb
5.3,83.2,204,Fade,Distance,Fat/Thin,No preference,10.5,A,players-cb
16.9,76.8,187,Draw,Distance,Fat/Thin,Confidence-inspiring,12,A,super-game-improvement
7.3,98.3,238,Straight,Accuracy,Left/Right,Forged/Blade-like,9,S,players-cb
13.4,101.8,252,Draw,Accuracy,Consistent,Confidence-inspiring,9,S,players-cb
25.3,94.2,209,Fade,Forgiveness,Inconsistent,No preference,10.5,R,super-game-improvement
19.3,108.7,253,Slice,Accuracy,Inconsistent,Confidence-inspiring,8,S,game-improvement
3.7,104.3,258,Straight,Distance,Left/Right,Forged/Blade-like,9,R,blade
24.7,85.5,182,Fade,Forgiveness,Inconsistent,Forged/Blade-like,10.5,R,super-game-improvement
16.9,81.4,187,Straight,Accuracy,Consistent,No preference,12,A,players-cb
12.1,93.9,203,Hook,Accuracy,Inconsistent,No preference,10.5,R,players-distance
23.7,97.0,216,Slice,Forgiveness,Left/Right,No preference,10.5,S,game-improvement
15.5,103.0,235,Slice,Distance,Fat/Thin,Forged/Blade-like,9,S,players-cb
6.5,104.2,246,Fade,Distance,Left/Right,Forged/Blade-like,9,S,blade
33.6,88.6,187,Fade,Forgiveness,Fat/Thin,Confidence-inspiring,10.5,R,super-game-improvement
16.8,107.3,251,Straight,Accuracy,Fat/Thin,Confidence-inspiring,9,S,game-improvement
16.3,95.7,212,Draw,Distance,Left/Right,Forged/Blade-like,10.5,A,players-cb
13.4,110.6,274,Draw,Forgiveness,Left/Right,Confidence-inspiring,9,X,game-improvement
27.6,80.0,181,Hook,Forgiveness,Left/Right,Confidence-inspiring,12,A,super-game-improvement
12.3,96.9,219,Slice,Forgiveness,Left/Right,Confidence-inspiring,10.5,A,super-game-improvement
3.1,99.1,246,Hook,Accuracy,Left/Right,No preference,10.5,S,players-distance
10.9,106.5,259,Hook,Forgiveness,Left/Right,No preference,9,S,players-distance
28.9,76.2,170,Fade,Accuracy,Left/Right,Forged/Blade-like,12,A,game-improvement
24.5,86.1,183,Slice,Forgiveness,Fat/Thin,Confidence-inspiring,9,R,super-game-improvement
14.7,77.4,200,Draw,Forgiveness,Fat/Thin,No preference,12,A,super-game-improvement
29.4,92.0,207,Fade,Distance,Inconsistent,Forged/Blade-like,10.5,R,game-improvement
23.7,102.4,218,Straight,Forgiveness,Left/Right,No preference,9,S,game-improvement
14.6,105.2,246,Draw,Accuracy,Left/Right,Confidence-inspiring,9,X,players-distance
15.5,103.6,237,Straight,Accuracy,Left/Right,Confidence-inspiring,9,S,players-distance
20.0,100.8,229,Straight,Forgiveness,Fat/Thin,Confidence-inspiring,10.5,S,game-improvement
9.5,106.5,241,Hook,Accuracy,Fat/Thin,No preference,9,S,players-cb
17.0,100.6,232,Slice,Forgiveness,Left/Right,No preference,10.5,S,super-game-improvement
19.8,99.3,218,Draw,Forgiveness,Inconsistent,Forged/Blade-like,10.5,S,players-distance
1.8,98.2,236,Fade,Distance,Consistent,No preference,9,S,players-cb
15.3,93.6,220,Slice,Forgiveness,Left/Right,Forged/Blade-like,10.5,R,players-distance
14.3,97.0,221,Draw,Accuracy,Fat/Thin,No preference,9,S,game-improvement
26.3,84.8,185,Slice,Distance,Inconsistent,Confidence-inspiring,10.5,R,super-game-improvement
0.4,90.1,228,Straight,Distance,Fat/Thin,Confidence-inspiring,10.5,R,players-distance
13.6,84.4,188,Hook,Accuracy,Left/Right,No preference,10.5,R,players-distance
12.7,99.7,227,Hook,Accuracy,Fat/Thin,Forged/Blade-like,9,S,players-cb
25.6,97.6,205,Straight,Accuracy,Inconsistent,Confidence-inspiring,10.5,S,super-game-improvement
16.6,94.8,211,Straight,Distance,Left/Right,Confidence-inspiring,10.5,R,game-improvement
33.2,111.1,240,Hook,Accuracy,Inconsistent,Confidence-inspiring,10.5,X,super-game-improvement
23.0,81.2,188,Straight,Forgiveness,Fat/Thin,Confidence-inspiring,12,A,super-game-improvement
13.3,101.4,229,Straight,Forgiveness,Inconsistent,Forged/Blade-like,10.5,S,players-distance
19.2,105.9,247,Slice,Forgiveness,Inconsistent,Confidence-inspiring,9,S,super-game-improvement
13.8,107.3,251,Slice,Accuracy,Inconsistent,Confidence-inspiring,9,S,game-improvement
24.7,95.8,201,Slice,Accuracy,Fat/Thin,Confidence-inspiring,10.5,R,super-game-improvement
5.0,113.3,274,Fade,Distance,Consistent,No preference,8,X,blade
9.6,100.0,247,Draw,Accuracy,Inconsistent,Forged/Blade-like,9,S,players-cb
21.1,108.3,228,Fade,Distance,Inconsistent,No preference,8,S,game-improvement
28.0,99.8,237,Fade,Accuracy,Left/Right,Confidence-inspiring,10.5,S,super-game-improvement
0.0,97.5,233,Straight,Forgiveness,Left/Right,Forged/Blade-like,10.5,S,players-cb
29.4,89.2,180,Slice,Accuracy,Left/Right,No preference,10.5,R,super-game-improvement
15.7,79.9,186,Slice,Accuracy,Left/Right,No preference,12,A,game-improvement
0.0,120.0,301,Straight,Distance,Left/Right,No preference,8,X,players-cb
0.0,108.2,263,Straight,Distance,Left/Right,Forged/Blade-like,8,X,blade
3.2,117.3,287,Straight,Distance,Consistent,Forged/Blade-like,8,X,blade
16.8,93.5,234,Straight,Accuracy,Inconsistent,Confidence-inspiring,10.5,R,game-improvement
16.4,76.3,178,Draw,Forgiveness,Inconsistent,Confidence-inspiring,12,L,super-game-improvement
22.7,116.9,289,Slice,Forgiveness,Inconsistent,Confidence-inspiring,9,X,super-game-improvement
12.1,99.1,243,Fade,Forgiveness,Left/Right,No preference,10.5,S,players-distance
7.0,91.2,218,Draw,Distance,Consistent,No preference,10.5,R,players-distance
13.3,108.4,255,Straight,Distance,Inconsistent,Forged/Blade-like,8,S,players-cb
17.3,114.6,260,Straight,Forgiveness,Consistent,Confidence-inspiring,9,X,players-cb
19.1,91.0,210,Slice,Accuracy,Fat/Thin,Confidence-inspiring,10.5,R,super-game-improvement
9.9,98.3,237,Draw,Accuracy,Consistent,Forged/Blade-like,9,S,blade
25.1,91.3,199,Fade,Forgiveness,Inconsistent,Confidence-inspiring,10.5,R,super-game-improvement
11.4,87.1,192,Draw,Forgiveness,Inconsistent,No preference,10.5,R,game-improvement
9.2,92.8,232,Fade,Forgiveness,Inconsistent,Forged/Blade-like,10.5,R,players-distance
12.1,115.6,279,Slice,Forgiveness,Inconsistent,Confidence-inspiring,9,X,super-game-improvement
26.7,86.5,178,Fade,Forgiveness,Inconsistent,Confidence-inspiring,10.5,R,super-game-improvement
15.8,86.9,202,Slice,Distance,Inconsistent,Confidence-inspiring,10.5,S,super-game-improvement
10.7,94.2,231,Hook,Accuracy,Left/Right,Confidence-inspiring,10.5,A,game-improvement
25.3,99.5,229,Slice,Accuracy,Left/Right,Confidence-inspiring,10.5,S,super-game-improvement
36.0,65.0,132,Slice,Distance,Left/Right,Confidence-inspiring,12,L,super-game-improvement
18.9,95.7,227,Draw,Distance,Left/Right,Confidence-inspiring,10.5,R,game-improvement
28.1,111.5,245,Straight,Distance,Fat/Thin,Confidence-inspiring,10.5,X,super-game-improvement
26.3,108.4,243,Hook,Forgiveness,Consistent,Confidence-inspiring,10.5,S,game-improvement
11.5,103.9,236,Straight,Accuracy,Inconsistent,Forged/Blade-like,9,S,blade
17.2,107.5,208,Slice,Distance,Left/Right,No preference,9,S,players-distance
5.5,115.3,270,Slice,Accuracy,Left/Right,Forged/Blade-like,9,X,players-cb
15.2,94.4,223,Straight,Accuracy,Inconsistent,Confidence-inspiring,10.5,R,game-improvement
11.4,107.5,250,Slice,Forgiveness,Inconsistent,No preference,9,S,game-improvement
13.4,114.8,273,Straight,Distance,Inconsistent,Confidence-inspiring,8,X,players-distance
10.3,86.4,214,Slice,Forgiveness,Inconsistent,No preference,10.5,R,game-improvement
14.4,102.0,234,Straight,Forgiveness,Inconsistent,Confidence-inspiring,9,S,super-game-improvement
21.8,94.8,210,Slice,Accuracy,Fat/Thin,Confidence-inspiring,10.5,R,super-game-improvement
15.9,96.2,202,Draw,Distance,Inconsistent,Forged/Blade-like,9,R,players-cb
0.2,106.0,246,Straight,Accuracy,Consistent,Forged/Blade-like,9,S,blade
10.3,101.3,227,Draw,Forgiveness,Fat/Thin,Forged/Blade-like,10.5,S,players-distance
3.3,106.9,264,Fade,Distance,Left/Right,Confidence-inspiring,9,S,players-cb
19.2,104.1,234,Fade,Forgiveness,Left/Right,Confidence-inspiring,9,S,game-improvement
21.5,96.1,212,Draw,Forgiveness,Fat/Thin,Forged/Blade-like,10.5,R,game-improvement
19.3,91.1,202,Straight,Forgiveness,Inconsistent,No preference,10.5,R,super-game-improvement
9.9,90.9,208,Draw,Accuracy,Left/Right,No preference,10.5,R,players-cb
19.2,88.2,209,Fade,Distance,Consistent,Forged/Blade-like,10.5,R,players-cb
12.8,99.9,234,Slice,Distance,Fat/Thin,Forged/Blade-like,9,S,players-distance
6.8,94.3,234,Straight,Distance,Consistent,Confidence-inspiring,10.5,R,players-cb
23.7,99.3,202,Fade,Forgiveness,Fat/Thin,Confidence-inspiring,12,S,super-game-improvement
24.4,93.7,214,Straight,Accuracy,Fat/Thin,Confidence-inspiring,12,R,game-improvement
25.5,100.1,218,Slice,Forgiveness,Fat/Thin,Forged/Blade-like,10.5,S,super-game-improvement
11.5,91.8,213,Straight,Distance,Consistent,Forged/Blade-like,10.5,R,players-cb
27.6,78.9,186,Fade,Forgiveness,Fat/Thin,No preference,12,A,super-game-improvement
12.6,108.8,251,Draw,Accuracy,Left/Right,Forged/Blade-like,8,S,players-cb
22.9,91.7,210,Fade,Accuracy,Fat/Thin,Confidence-inspiring,10.5,R,super-game-improvement
12.4,95.5,214,Draw,Accuracy,Fat/Thin,Forged/Blade-like,10.5,A,players-cb
15.0,102.8,238,Hook,Distance,Inconsistent,Forged/Blade-like,10.5,S,players-cb
0.0,112.6,262,Draw,Accuracy,Left/Right,Forged/Blade-like,8,X,blade
14.3,83.7,194,Hook,Accuracy,Fat/Thin,Forged/Blade-like,10.5,A,players-cb
17.8,107.7,250,Straight,Distance,Left/Right,Forged/Blade-like,9,S,players-cb
13.3,92.9,226,Fade,Forgiveness,Fat/Thin,Forged/Blade-like,10.5,R,game-improvement
32.8,100.7,210,Hook,Forgiveness,Inconsistent,Forged/Blade-like,10.5,S,game-improvement
6.5,88.2,206,Draw,Accuracy,Left/Right,Confidence-inspiring,10.5,R,players-distance
11.9,101.1,231,Fade,Forgiveness,Inconsistent,No preference,10.5,S,game-improvement
8.9,98.1,230,Draw,Distance,Fat/Thin,Confidence-inspiring,9,S,players-distance
11.9,78.2,175,Hook,Forgiveness,Fat/Thin,No preference,12,A,super-game-improvement
26.3,94.7,190,Fade,Accuracy,Left/Right,Confidence-inspiring,10.5,R,super-game-improvement
30.3,66.2,135,Hook,Accuracy,Left/Right,Confidence-inspiring,12,L,super-game-improvement
10.7,95.8,225,Fade,Forgiveness,Inconsistent,No preference,10.5,A,game-improvement
10.5,109.9,258,Slice,Accuracy,Left/Right,Forged/Blade-like,8,S,players-cb
6.6,96.2,235,Straight,Accuracy,Fat/Thin,Forged/Blade-like,9,A,players-cb
28.8,77.4,177,Fade,Distance,Fat/Thin,No preference,12,A,super-game-improvement
27.1,95.6,207,Fade,Forgiveness,Left/Right,Confidence-inspiring,10.5,S,super-game-improvement
16.0,92.6,199,Draw,Forgiveness,Left/Right,Forged/Blade-like,10.5,R,players-distance
4.4,99.0,242,Draw,Distance,Inconsistent,Forged/Blade-like,9,S,blade
5.2,115.2,277,Straight,Forgiveness,Left/Right,Forged/Blade-like,9,S,players-distance
18.5,81.7,184,Straight,Distance,Consistent,Forged/Blade-like,12,R,players-cb
21.9,86.5,206,Slice,Forgiveness,Left/Right,Confidence-inspiring,10.5,R,super-game-improvement
0.0,114.7,285,Slice,Distance,Left/Right,Forged/Blade-like,8,X,blade
14.1,84.1,196,Straight,Accuracy,Inconsistent,Forged/Blade-like,10.5,R,players-cb
31.6,102.3,223,Fade,Distance,Left/Right,Confidence-inspiring,12,S,super-game-improvement
15.0,93.6,224,Straight,Accuracy,Inconsistent,Forged/Blade-like,10.5,A,players-distance
30.4,94.1,199,Fade,Accuracy,Fat/Thin,Confidence-inspiring,9,R,super-game-improvement
22.8,99.2,215,Straight,Forgiveness,Fat/Thin,Confidence-inspiring,10.5,S,game-improvement
7.2,99.6,235,Draw,Distance,Inconsistent,Forged/Blade-like,9,S,players-cb
14.4,91.4,201,Draw,Accuracy,Fat/Thin,Confidence-inspiring,10.5,R,game-improvement
15.8,94.8,218,Draw,Accuracy,Consistent,Confidence-inspiring,10.5,R,players-distance
8.4,107.4,256,Fade,Forgiveness,Consistent,Forged/Blade-like,9,X,players-cb
8.3,90.5,214,Fade,Accuracy,Fat/Thin,No preference,12,R,players-distance
30.6,73.2,156,Slice,Distance,Left/Right,Confidence-inspiring,12,A,super-game-improvement
8.2,115.3,289,Hook,Distance,Fat/Thin,No preference,8,X,players-cb
26.7,80.5,186,Slice,Distance,Fat/Thin,No preference,12,A,game-improvement
13.1,100.6,234,Straight,Accuracy,Left/Right,No preference,9,S,players-distance
16.8,92.6,214,Draw,Accuracy,Consistent,No preference,10.5,R,blade
22.1,89.4,214,Fade,Accuracy,Inconsistent,Confidence-inspiring,10.5,R,super-game-improvement
11.6,112.4,258,Straight,Distance,Fat/Thin,Forged/Blade-like,8,X,players-cb
22.1,90.1,194,Slice,Forgiveness,Fat/Thin,No preference,10.5,R,super-game-improvement
0.0,102.4,253,Hook,Accuracy,Consistent,No preference,9,S,blade
21.0,89.0,205,Fade,Accuracy,Left/Right,Confidence-inspiring,10.5,R,super-game-improvement
0.0,101.0,252,Straight,Distance,Consistent,Forged/Blade-like,9,S,blade
15.0,89.1,214,Draw,Accuracy,Inconsistent,Confidence-inspiring,10.5,A,game-improvement
24.7,84.2,181,Straight,Forgiveness,Left/Right,Confidence-inspiring,10.5,R,super-game-improvement
22.6,107.3,228,Straight,Forgiveness,Fat/Thin,Confidence-inspiring,9,S,super-game-improvement
5.3,109.5,258,Slice,Forgiveness,Consistent,No preference,8,S,players-distance
6.5,98.1,240,Fade,Distance,Inconsistent,Forged/Blade-like,9,S,players-cb
10.8,108.5,247,Slice,Distance,Fat/Thin,Forged/Blade-like,8,S,players-cb
18.7,77.4,159,Fade,Accuracy,Fat/Thin,Confidence-inspiring,12,A,super-game-improvement
0.0,119.8,295,Straight,Distance,Left/Right,No preference,9,X,players-cb
16.9,107.5,242,Fade,Forgiveness,Fat/Thin,Forged/Blade-like,9,S,players-distance
19.8,114.9,245,Draw,Accuracy,Inconsistent,Confidence-inspiring,8,X,game-improvement
14.5,106.3,247,Hook,Distance,Fat/Thin,Forged/Blade-like,9,S,players-cb
21.7,95.6,212,Straight,Accuracy,Inconsistent,Confidence-inspiring,10.5,R,super-game-improvement
19.0,106.0,257,Fade,Distance,Consistent,No preference,9,S,players-cb
12.1,91.5,215,Slice,Accuracy,Left/Right,No preference,10.5,S,game-improvement
0.0,102.0,255,Fade,Distance,Left/Right,No preference,9,S,players-cb
18.2,93.0,212,Hook,Distance,Left/Right,Confidence-inspiring,10.5,R,game-improvement
8.4,114.0,265,Slice,Distance,Fat/Thin,No preference,9,S,players-distance
11.8,89.4,205,Hook,Distance,Fat/Thin,Confidence-inspiring,10.5,S,players-distance
21.3,81.9,195,Fade,Accuracy,Fat/Thin,Confidence-inspiring,12,A,super-game-improvement
29.8,88.1,199,Slice,Forgiveness,Left/Right,No preference,10.5,R,super-game-improvement
16.7,101.8,221,Draw,Accuracy,Inconsistent,Forged/Blade-like,9,S,players-cb
22.0,84.0,178,Straight,Forgiveness,Left/Right,Confidence-inspiring,10.5,R,super-game-improvement
4.0,110.0,255,Straight,Distance,Left/Right,Forged/Blade-like,8,X,blade
19.2,106.6,252,Slice,Forgiveness,Inconsistent,No preference,9,S,game-improvement
16.5,106.8,230,Straight,Forgiveness,Fat/Thin,Forged/Blade-like,9,S,players-distance
28.1,90.4,206,Slice,Distance,Inconsistent,Confidence-inspiring,10.5,R,super-game-improvement
12.1,96.9,230,Hook,Distance,Consistent,No preference,9,R,players-cb
14.8,113.3,264,Draw,Accuracy,Left/Right,No preference,8,X,players-cb
26.5,88.1,191,Hook,Distance,Left/Right,Confidence-inspiring,10.5,R,game-improvement
16.2,104.4,251,Fade,Accuracy,Fat/Thin,Forged/Blade-like,9,S,players-cb
7.0,120.0,287,Slice,Distance,Fat/Thin,Forged/Blade-like,8,X,players-distance
36.0,89.9,178,Fade,Forgiveness,Fat/Thin,Forged/Blade-like,10.5,R,super-game-improvement
7.3,91.1,206,Fade,Distance,Left/Right,Forged/Blade-like,10.5,R,players-cb
16.4,82.5,175,Slice,Forgiveness,Fat/Thin,Confidence-inspiring,10.5,A,super-game-improvement
20.1,89.4,214,Draw,Distance,Fat/Thin,Confidence-inspiring,9,R,super-game-improvement
19.4,99.9,240,Slice,Accuracy,Inconsistent,No preference,9,S,game-improvement
15.3,100.0,241,Hook,Distance,Consistent,Forged/Blade-like,9,R,players-cb
15.3,117.7,271,Straight,Accuracy,Fat/Thin,Confidence-inspiring,8,X,game-improvement
14.9,100.2,219,Draw,Distance,Inconsistent,No preference,9,S,players-distance
7.0,98.0,224,Slice,Distance,Left/Right,Forged/Blade-like,9,S,players-cb
36.0,70.2,140,Slice,Accuracy,Left/Right,Confidence-inspiring,12,L,super-game-improvement
15.0,107.6,249,Slice,Accuracy,Inconsistent,Confidence-inspiring,8,S,game-improvement
22.4,90.7,216,Fade,Accuracy,Inconsistent,Confidence-inspiring,10.5,R,super-game-improvement
14.0,81.4,202,Slice,Distance,Left/Right,Confidence-inspiring,12,A,super-game-improvement
13.8,96.8,221,Straight,Distance,Consistent,Confidence-inspiring,9,R,players-distance
12.9,87.3,184,Slice,Accuracy,Fat/Thin,No preference,10.5,R,super-game-improvement
3.1,99.6,231,Straight,Distance,Left/Right,Forged/Blade-like,9,S,blade
15.6,95.5,231,Fade,Accuracy,Fat/Thin,Confidence-inspiring,10.5,R,game-improvement
13.3,87.9,207,Fade,Distance,Fat/Thin,Forged/Blade-like,10.5,R,players-distance
27.5,82.4,178,Draw,Forgiveness,Consistent,Confidence-inspiring,10.5,A,super-game-improvement
6.2,94.3,222,Slice,Distance,Consistent,Forged/Blade-like,12,R,blade
11.8,90.8,206,Straight,Forgiveness,Left/Right,No preference,10.5,R,game-improvement
8.9,89.9,202,Hook,Distance,Inconsistent,Forged/Blade-like,10.5,R,players-cb
30.0,80.8,195,Slice,Distance,Fat/Thin,Confidence-inspiring,12,A,game-improvement
9.2,90.8,230,Draw,Distance,Fat/Thin,No preference,10.5,A,players-distance
22.1,96.8,211,Straight,Accuracy,Inconsistent,Confidence-inspiring,9,R,super-game-improvement
25.7,90.5,185,Slice,Forgiveness,Fat/Thin,Confidence-inspiring,10.5,R,super-game-improvement
15.7,107.3,249,Fade,Distance,Inconsistent,Confidence-inspiring,8,S,game-improvement
4.6,120.0,288,Draw,Accuracy,Consistent,Confidence-inspiring,8,X,blade
4.7,109.6,270,Fade,Distance,Left/Right,No preference,8,S,players-cb
24.7,93.7,216,Draw,Distance,Fat/Thin,No preference,10.5,R,game-improvement
5.7,109.5,252,Straight,Distance,Fat/Thin,Forged/Blade-like,8,S,blade
20.5,96.7,231,Slice,Forgiveness,Fat/Thin,Confidence-inspiring,10.5,R,super-game-improvement
18.0,94.3,213,Straight,Distance,Consistent,No preference,10.5,R,players-cb
20.4,91.8,214,Hook,Accuracy,Left/Right,Confidence-inspiring,10.5,R,game-improvement
21.2,81.4,182,Slice,Accuracy,Left/Right,Confidence-inspiring,12,L,super-game-improvement
8.6,108.5,266,Straight,Forgiveness,Consistent,No preference,9,S,players-cb
8.2,100.1,217,Slice,Accuracy,Consistent,Forged/Blade-like,9,S,players-cb
23.4,104.6,241,Slice,Distance,Left/Right,Confidence-inspiring,9,R,game-improvement
11.3,107.5,245,Slice,Forgiveness,Inconsistent,No preference,9,S,game-improvement
0.0,99.7,245,Straight,Accuracy,Consistent,No preference,9,S,blade
22.8,103.0,242,Straight,Distance,Fat/Thin,Confidence-inspiring,9,S,super-game-improvement
7.7,75.2,172,Straight,Forgiveness,Left/Right,No preference,12,A,game-improvement
21.2,110.9,242,Straight,Forgiveness,Left/Right,No preference,9,X,game-improvement
29.5,72.6,155,Straight,Forgiveness,Left/Right,Forged/Blade-like,12,A,super-game-improvement
17.2,99.3,224,Straight,Accuracy,Consistent,Confidence-inspiring,9,S,players-distance
26.0,92.6,196,Straight,Forgiveness,Left/Right,No preference,10.5,R,super-game-improvement
18.4,104.7,240,Slice,Forgiveness,Inconsistent,No preference,9,S,game-improvement
31.3,81.4,178,Slice,Forgiveness,Fat/Thin,Forged/Blade-like,12,A,super-game-improvement
7.4,79.5,194,Fade,Distance,Left/Right,No preference,12,A,players-distance
16.9,91.2,202,Straight,Accuracy,Consistent,No preference,10.5,R,players-cb
23.1,88.1,189,Hook,Forgiveness,Inconsistent,Forged/Blade-like,10.5,R,game-improvement
15.3,75.1,173,Straight,Accuracy,Fat/Thin,Forged/Blade-like,12,A,players-distance
27.4,87.8,191,Fade,Forgiveness,Left/Right,Confidence-inspiring,10.5,S,super-game-improvement
13.1,86.3,199,Slice,Distance,Inconsistent,Forged/Blade-like,10.5,R,players-distance
35.6,88.3,182,Straight,Distance,Fat/Thin,Confidence-inspiring,10.5,R,super-game-improvement
36.0,79.1,171,Straight,Distance,Inconsistent,Forged/Blade-like,10.5,A,game-improvement
19.5,112.4,247,Straight,Forgiveness,Left/Right,Confidence-inspiring,9,X,game-improvement
22.0,88.5,198,Slice,Forgiveness,Fat/Thin,Confidence-inspiring,10.5,R,super-game-improvement
27.7,91.5,199,Slice,Forgiveness,Inconsistent,Confidence-inspiring,9,A,super-game-improvement
6.3,99.6,238,Draw,Accuracy,Fat/Thin,Confidence-inspiring,9,S,game-improvement
5.2,86.2,218,Draw,Forgiveness,Inconsistent,Confidence-inspiring,10.5,R,game-improvement
28.3,84.7,174,Slice,Accuracy,Left/Right,Forged/Blade-like,10.5,R,game-improvement
19.5,100.3,207,Straight,Accuracy,Inconsistent,Confidence-inspiring,9,S,game-improvement
15.0,101.8,230,Draw,Distance,Consistent,Confidence-inspiring,9,S,players-distance
17.1,91.4,200,Straight,Accuracy,Fat/Thin,Forged/Blade-like,10.5,R,players-distance
0.0,91.4,197,Straight,Forgiveness,Consistent,Forged/Blade-like,10.5,R,players-cb
15.3,102.0,252,Fade,Accuracy,Left/Right,Forged/Blade-like,9,S,players-cb
10.2,103.3,249,Straight,Accuracy,Consistent,Forged/Blade-like,9,S,players-cb
25.3,97.2,222,Draw,Forgiveness,Left/Right,No preference,9,S,super-game-improvement
26.0,85.6,187,Straight,Forgiveness,Left/Right,Confidence-inspiring,10.5,R,super-game-improvement
22.2,74.1,171,Slice,Distance,Inconsistent,Forged/Blade-like,12,A,game-improvement
20.6,97.3,217,Straight,Forgiveness,Left/Right,Confidence-inspiring,10.5,S,super-game-improvement
3.5,103.5,258,Draw,Distance,Left/Right,Confidence-inspiring,9,S,players-cb
22.3,104.8,237,Draw,Forgiveness,Fat/Thin,Confidence-inspiring,9,S,super-game-improvement
22.7,90.9,204,Straight,Accuracy,Fat/Thin,No preference,10.5,R,game-improvement
28.2,86.4,190,Straight,Forgiveness,Fat/Thin,Confidence-inspiring,10.5,R,super-game-improvement
36.0,85.7,195,Slice,Forgiveness,Inconsistent,No preference,9,R,super-game-improvement
1.8,98.8,242,Fade,Distance,Inconsistent,Forged/Blade-like,9,S,blade
13.5,90.4,201,Straight,Distance,Inconsistent,Confidence-inspiring,10.5,A,game-improvement
10.3,98.0,234,Slice,Forgiveness,Inconsistent,No preference,10.5,S,game-improvement
18.6,84.1,196,Slice,Accuracy,Fat/Thin,No preference,10.5,A,game-improvement
17.1,92.1,210,Straight,Forgiveness,Left/Right,Forged/Blade-like,10.5,R,players-distance
14.9,115.3,267,Straight,Accuracy,Left/Right,Confidence-inspiring,8,X,players-distance
26.2,98.6,209,Fade,Distance,Fat/Thin,Confidence-inspiring,10.5,S,super-game-improvement
7.1,104.3,250,Draw,Accuracy,Left/Right,Forged/Blade-like,9,S,players-cb
7.6,116.3,266,Fade,Distance,Fat/Thin,Forged/Blade-like,8,S,players-cb
7.8,92.4,218,Straight,Accuracy,Fat/Thin,Forged/Blade-like,10.5,R,players-cb
13.8,120.0,273,Fade,Distance,Consistent,No preference,9,X,players-cb
5.9,97.4,242,Fade,Distance,Fat/Thin,No preference,9,S,players-cb
16.6,114.8,278,Fade,Forgiveness,Left/Right,Forged/Blade-like,9,X,players-distance
15.5,115.5,257,Draw,Forgiveness,Fat/Thin,Forged/Blade-like,9,X,players-distance
9.9,81.7,193,Hook,Forgiveness,Consistent,Forged/Blade-like,12,A,players-cb
24.9,103.7,228,Slice,Forgiveness,Fat/Thin,Confidence-inspiring,10.5,S,super-game-improvement
16.5,91.9,216,Slice,Accuracy,Inconsistent,No preference,10.5,S,game-improvement
26.6,82.2,183,Slice,Forgiveness,Fat/Thin,No preference,12,A,super-game-improvement
15.2,100.9,230,Straight,Accuracy,Consistent,Confidence-inspiring,9,S,players-distance
16.8,84.5,195,Straight,Forgiveness,Left/Right,Forged/Blade-like,10.5,R,players-distance
11.9,102.9,239,Slice,Accuracy,Consistent,No preference,9,S,blade
16.9,85.1,210,Straight,Accuracy,Fat/Thin,No preference,10.5,R,game-improvement
23.4,91.9,199,Fade,Forgiveness,Consistent,Confidence-inspiring,10.5,R,super-game-improvement
13.3,110.3,259,Draw,Accuracy,Fat/Thin,Confidence-inspiring,9,X,game-improvement
21.7,95.1,219,Fade,Forgiveness,Inconsistent,No preference,10.5,R,super-game-improvement
9.7,95.8,230,Slice,Accuracy,Consistent,Confidence-inspiring,10.5,R,players-distance
23.8,95.2,210,Slice,Forgiveness,Fat/Thin,Confidence-inspiring,10.5,R,super-game-improvement
11.8,83.9,209,Straight,Distance,Inconsistent,Confidence-inspiring,10.5,A,super-game-improvement
24.7,80.8,161,Fade,Forgiveness,Fat/Thin,Confidence-inspiring,12,A,super-game-improvement
17.5,89.8,196,Straight,Distance,Left/Right,Confidence-inspiring,10.5,R,players-distance
30.7,93.0,208,Hook,Forgiveness,Left/Right,Confidence-inspiring,10.5,R,super-game-improvement
6.6,105.6,245,Fade,Distance,Inconsistent,No preference,9,S,players-cb
3.7,108.8,254,Fade,Distance,Consistent,No preference,8,S,players-cb
11.5,97.9,226,Draw,Forgiveness,Inconsistent,Confidence-inspiring,10.5,S,players-distance
4.5,95.1,222,Hook,Accuracy,Left/Right,No preference,10.5,R,players-cb
4.6,117.8,289,Fade,Accuracy,Consistent,Forged/Blade-like,8,X,blade
22.6,83.7,196,Slice,Forgiveness,Inconsistent,Confidence-inspiring,10.5,A,super-game-improvement
17.0,98.6,227,Straight,Forgiveness,Inconsistent,No preference,10.5,S,super-game-improvement
12.7,96.2,234,Fade,Accuracy,Inconsistent,Confidence-inspiring,9,S,super-game-improvement
13.5,102.4,226,Slice,Distance,Inconsistent,Confidence-inspiring,10.5,S,game-improvement
11.6,92.1,217,Fade,Accuracy,Inconsistent,Forged/Blade-like,10.5,R,players-cb
31.9,94.8,217,Straight,Forgiveness,Consistent,Confidence-inspiring,10.5,R,super-game-improvement
10.4,112.7,274,Straight,Forgiveness,Consistent,Forged/Blade-like,9,X,players-cb
5.1,112.4,283,Slice,Distance,Consistent,No preference,8,X,blade
24.2,91.1,198,Slice,Accuracy,Left/Right,Confidence-inspiring,10.5,R,super-game-improvement
15.1,91.4,220,Straight,Distance,Inconsistent,Confidence-inspiring,10.5,R,game-improvement
35.3,110.2,231,Fade,Distance,Left/Right,Confidence-inspiring,10.5,X,game-improvement
12.3,87.7,211,Draw,Forgiveness,Inconsistent,Confidence-inspiring,10.5,R,super-game-improvement
24.6,98.1,230,Slice,Forgiveness,Fat/Thin,Confidence-inspiring,10.5,S,super-game-improvement
26.7,91.2,194,Slice,Distance,Left/Right,No preference,10.5,R,game-improvement
12.3,97.0,210,Straight,Forgiveness,Inconsistent,Confidence-inspiring,10.5,S,super-game-improvement
10.3,100.8,254,Straight,Accuracy,Consistent,No preference,9,S,players-cb
23.7,84.8,194,Slice,Accuracy,Left/Right,Confidence-inspiring,10.5,R,super-game-improvement
22.2,95.2,213,Slice,Forgiveness,Left/Right,Forged/Blade-like,10.5,A,super-game-improvement
4.3,106.2,255,Straight,Accuracy,Left/Right,No preference,9,S,players-cb
6.8,120.0,268,Straight,Accuracy,Consistent,No preference,9,X,players-cb
0.0,116.7,288,Hook,Forgiveness,Inconsistent,Forged/Blade-like,9,X,players-cb
22.4,95.9,211,Draw,Distance,Left/Right,Confidence-inspiring,10.5,R,game-improvement
14.6,101.8,237,Draw,Forgiveness,Fat/Thin,Confidence-inspiring,10.5,S,super-game-improvement
15.5,113.9,263,Straight,Distance,Left/Right,Confidence-inspiring,9,S,players-distance
1.8,95.1,201,Straight,Accuracy,Consistent,No preference,10.5,R,blade
7.1,99.3,241,Draw,Distance,Consistent,Forged/Blade-like,9,S,players-cb
12.7,78.3,185,Slice,Accuracy,Left/Right,No preference,12,A,super-game-improvement
10.9,104.2,248,Straight,Accuracy,Fat/Thin,No preference,9,S,players-distance
18.1,102.2,232,Fade,Accuracy,Left/Right,No preference,9,S,players-distance
22.3,80.9,182,Slice,Forgiveness,Inconsistent,Forged/Blade-like,12,A,super-game-improvement
36.0,95.9,205,Fade,Distance,Fat/Thin,Forged/Blade-like,12,R,game-improvement
16.8,87.4,203,Fade,Forgiveness,Fat/Thin,Confidence-inspiring,10.5,R,super-game-improvement
27.0,84.2,190,Straight,Accuracy,Fat/Thin,Confidence-inspiring,10.5,R,super-game-improvement
9.5,100.7,241,Draw,Accuracy,Inconsistent,No preference,9,S,players-distance
1.9,120.0,309,Draw,Distance,Consistent,No preference,8,S,blade
13.8,88.0,198,Slice,Distance,Fat/Thin,Forged/Blade-like,10.5,R,players-distance
2.6,107.1,257,Fade,Distance,Inconsistent,No preference,9,S,players-cb
17.1,102.1,250,Straight,Accuracy,Left/Right,Confidence-inspiring,9,S,players-distance
10.0,104.9,246,Fade,Accuracy,Consistent,Confidence-inspiring,9,S,players-cb
0.0,112.1,283,Straight,Distance,Consistent,Forged/Blade-like,8,X,blade
32.6,91.4,198,Straight,Forgiveness,Inconsistent,No preference,10.5,R,super-game-improvement
12.2,92.2,214,Slice,Distance,Consistent,Forged/Blade-like,10.5,R,players-cb
2.3,120.0,300,Draw,Accuracy,Left/Right,Forged/Blade-like,8,X,blade
25.1,87.8,200,Hook,Distance,Left/Right,Confidence-inspiring,10.5,R,game-improvement
10.4,96.5,214,Fade,Distance,Fat/Thin,Forged/Blade-like,9,R,players-cb
26.8,101.3,225,Hook,Accuracy,Fat/Thin,Confidence-inspiring,10.5,S,super-game-improvement
10.4,92.6,209,Straight,Accuracy,Fat/Thin,Forged/Blade-like,10.5,R,players-cb
12.1,101.0,248,Straight,Forgiveness,Left/Right,Forged/Blade-like,10.5,S,players-distance
20.1,85.1,209,Draw,Accuracy,Inconsistent,Confidence-inspiring,10.5,R,super-game-improvement
22.3,116.0,278,Draw,Accuracy,Left/Right,Confidence-inspiring,8,X,game-improvement
23.9,112.8,255,Slice,Distance,Inconsistent,Confidence-inspiring,9,X,super-game-improvement
16.2,93.9,212,Fade,Distance,Fat/Thin,Confidence-inspiring,10.5,R,game-improvement
21.8,96.4,220,Slice,Forgiveness,Fat/Thin,Confidence-inspiring,10.5,S,super-game-improvement
23.7,89.9,193,Straight,Forgiveness,Fat/Thin,Confidence-inspiring,12,R,super-game-improvement
18.8,89.7,226,Hook,Forgiveness,Inconsistent,Forged/Blade-like,10.5,R,game-improvement
15.7,96.5,234,Fade,Distance,Fat/Thin,Confidence-inspiring,9,R,players-distance
4.0,102.9,251,Fade,Accuracy,Consistent,Confidence-inspiring,9,S,players-cb
22.4,75.6,179,Slice,Accuracy,Left/Right,Confidence-inspiring,12,A,super-game-improvement
17.4,96.8,218,Straight,Forgiveness,Consistent,Confidence-inspiring,10.5,R,game-improvement
13.3,96.5,215,Slice,Distance,Left/Right,No preference,9,R,game-improvement
28.5,89.7,177,Draw,Forgiveness,Inconsistent,Confidence-inspiring,10.5,R,super-game-improvement
4.1,102.4,248,Draw,Distance,Consistent,Forged/Blade-like,9,X,blade
31.8,80.8,173,Straight,Forgiveness,Fat/Thin,No preference,12,R,super-game-improvement
16.8,103.3,242,Slice,Forgiveness,Left/Right,Forged/Blade-like,9,S,players-distance
19.9,97.8,222,Straight,Distance,Left/Right,Forged/Blade-like,9,S,players-cb
13.4,110.8,262,Slice,Distance,Inconsistent,Forged/Blade-like,9,X,blade
2.0,109.6,274,Fade,Distance,Left/Right,Forged/Blade-like,8,S,blade
15.7,93.3,202,Straight,Forgiveness,Fat/Thin,Forged/Blade-like,9,R,game-improvement
20.0,98.6,232,Draw,Forgiveness,Consistent,Confidence-inspiring,10.5,R,game-improvement
23.1,70.5,154,Slice,Distance,Fat/Thin,Confidence-inspiring,12,L,super-game-improvement
15.2,116.7,275,Fade,Distance,Fat/Thin,No preference,8,X,players-distance
0.0,108.7,276,Slice,Distance,Fat/Thin,Confidence-inspiring,8,S,game-improvement
3.1,120.0,300,Fade,Accuracy,Inconsistent,No preference,8,X,players-cb
35.5,73.2,157,Slice,Accuracy,Left/Right,Confidence-inspiring,12,A,super-game-improvement
7.2,89.9,216,Straight,Accuracy,Consistent,Forged/Blade-like,10.5,R,players-cb
29.8,89.4,203,Hook,Distance,Fat/Thin,Confidence-inspiring,10.5,R,super-game-improvement
8.6,103.8,233,Draw,Accuracy,Left/Right,No preference,9,S,players-cb
15.4,98.9,220,Hook,Accuracy,Fat/Thin,Confidence-inspiring,9,S,game-improvement
22.6,92.5,205,Straight,Distance,Fat/Thin,Confidence-inspiring,12,R,super-game-improvement
9.6,93.2,208,Draw,Distance,Inconsistent,No preference,10.5,R,players-distance
31.3,69.9,149,Straight,Forgiveness,Fat/Thin,No preference,12,L,super-game-improvement
17.7,96.8,219,Straight,Distance,Fat/Thin,Confidence-inspiring,9,R,game-improvement
21.1,78.8,179,Slice,Distance,Inconsistent,No preference,12,A,super-game-improvement
14.6,82.3,190,Straight,Accuracy,Fat/Thin,Confidence-inspiring,10.5,L,game-improvement
22.9,86.6,204,Slice,Forgiveness,Consistent,Confidence-inspiring,10.5,R,super-game-improvement
31.2,89.1,198,Straight,Distance,Fat/Thin,Confidence-inspiring,10.5,R,super-game-improvement
15.8,115.1,265,Straight,Distance,Inconsistent,No preference,8,X,players-distance
32.6,93.6,199,Slice,Forgiveness,Left/Right,No preference,10.5,R,super-game-improvement
11.5,112.5,264,Draw,Forgiveness,Fat/Thin,Confidence-inspiring,9,X,game-improvement
23.9,96.3,215,Slice,Forgiveness,Left/Right,Confidence-inspiring,10.5,R,super-game-improvement
21.4,95.1,237,Slice,Distance,Fat/Thin,Confidence-inspiring,10.5,R,super-game-improvement
7.4,120.0,273,Fade,Distance,Fat/Thin,No preference,8,X,players-distance
18.9,79.9,174,Fade,Forgiveness,Fat/Thin,Confidence-inspiring,12,A,super-game-improvement
17.1,90.2,197,Straight,Accuracy,Fat/Thin,No preference,10.5,R,game-improvement
9.3,96.3,230,Draw,Accuracy,Left/Right,Forged/Blade-like,9,R,players-cb
20.2,101.2,232,Slice,Forgiveness,Inconsistent,Confidence-inspiring,9,S,super-game-improvement
18.3,83.8,186,Straight,Forgiveness,Fat/Thin,Confidence-inspiring,9,A,super-game-improvement
16.3,102.6,244,Slice,Forgiveness,Left/Right,Forged/Blade-like,9,S,game-improvement
16.4,100.6,235,Hook,Forgiveness,Left/Right,No preference,10.5,S,game-improvement
16.2,103.1,246,Slice,Forgiveness,Inconsistent,Confidence-inspiring,9,S,super-game-improvement
13.7,104.6,254,Fade,Distance,Inconsistent,Confidence-inspiring,10.5,S,game-improvement
18.3,108.9,230,Slice,Forgiveness,Inconsistent,Forged/Blade-like,9,S,players-distance
11.2,97.9,236,Slice,Distance,Left/Right,Confidence-inspiring,9,S,game-improvement
36.0,86.8,173,Fade,Forgiveness,Fat/Thin,No preference,10.5,R,super-game-improvement
4.3,95.7,233,Straight,Accuracy,Consistent,No preference,10.5,R,blade
11.7,88.4,207,Slice,Accuracy,Left/Right,Forged/Blade-like,10.5,R,players-distance
12.4,115.2,269,Draw,Accuracy,Fat/Thin,No preference,8,X,players-distance
35.4,73.8,146,Slice,Forgiveness,Left/Right,No preference,12,R,super-game-improvement
5.1,108.9,271,Straight,Accuracy,Left/Right,Confidence-inspiring,8,S,players-cb
20.8,97.2,208,Slice,Forgiveness,Fat/Thin,Confidence-inspiring,10.5,S,super-game-improvement
19.2,104.7,245,Fade,Forgiveness,Left/Right,Confidence-inspiring,9,S,game-improvement
20.0,75.8,159,Straight,Accuracy,Inconsistent,Forged/Blade-like,12,A,game-improvement
28.1,95.8,210,Slice,Distance,Left/Right,Confidence-inspiring,10.5,R,super-game-improvement
27.9,86.4,206,Slice,Forgiveness,Consistent,Confidence-inspiring,10.5,R,super-game-improvement
12.9,91.2,234,Fade,Distance,Inconsistent,Confidence-inspiring,10.5,R,game-improvement
18.7,90.8,193,Draw,Accuracy,Fat/Thin,Forged/Blade-like,12,R,players-cb
0.2,116.2,278,Straight,Accuracy,Consistent,No preference,8,X,blade
17.9,101.1,227,Slice,Accuracy,Inconsistent,Confidence-inspiring,9,R,super-game-improvement
9.9,98.0,252,Straight,Accuracy,Fat/Thin,Confidence-inspiring,9,S,players-distance
15.3,84.2,194,Fade,Accuracy,Left/Right,Confidence-inspiring,10.5,R,game-improvement
1.8,94.1,239,Straight,Accuracy,Consistent,Confidence-inspiring,10.5,R,players-cb
20.6,99.5,228,Straight,Distance,Left/Right,Forged/Blade-like,9,S,players-distance
1.7,92.1,213,Draw,Distance,Consistent,Confidence-inspiring,10.5,R,players-cb
18.3,92.4,194,Straight,Distance,Left/Right,No preference,10.5,R,players-distance
6.0,120.0,282,Fade,Distance,Consistent,No preference,8,X,players-cb
9.4,104.2,267,Fade,Accuracy,Inconsistent,Forged/Blade-like,9,S,players-cb
27.4,94.8,211,Fade,Distance,Consistent,No preference,10.5,R,players-distance
22.3,80.2,190,Straight,Forgiveness,Consistent,Confidence-inspiring,12,A,super-game-improvement
27.3,75.2,153,Slice,Accuracy,Left/Right,No preference,12,A,game-improvement
31.0,92.9,199,Slice,Distance,Inconsistent,Confidence-inspiring,10.5,R,super-game-improvement
10.0,96.4,235,Slice,Forgiveness,Left/Right,Confidence-inspiring,10.5,R,super-game-improvement
30.5,97.0,201,Slice,Distance,Left/Right,Confidence-inspiring,10.5,S,super-game-improvement
3.8,104.8,253,Draw,Accuracy,Inconsistent,Forged/Blade-like,9,S,blade
23.7,120.0,260,Slice,Forgiveness,Fat/Thin,Confidence-inspiring,9,X,super-game-improvement
12.6,92.7,224,Fade,Forgiveness,Fat/Thin,Forged/Blade-like,10.5,R,game-improvement
8.6,104.0,250,Straight,Accuracy,Left/Right,No preference,9,R,players-cb
22.5,82.8,192,Straight,Distance,Inconsistent,Confidence-inspiring,10.5,A,game-improvement
25.5,100.0,230,Straight,Accuracy,Fat/Thin,Confidence-inspiring,10.5,X,super-game-improvement
25.2,94.3,208,Straight,Accuracy,Consistent,Confidence-inspiring,10.5,A,game-improvement
18.9,84.5,202,Fade,Distance,Fat/Thin,No preference,10.5,R,super-game-improvement
18.2,91.5,204,Fade,Accuracy,Inconsistent,Forged/Blade-like,10.5,R,players-cb
21.7,106.0,245,Straight,Accuracy,Inconsistent,Confidence-inspiring,9,S,game-improvement
19.7,106.1,223,Hook,Accuracy,Fat/Thin,Confidence-inspiring,9,S,game-improvement
21.9,78.0,169,Slice,Distance,Left/Right,Confidence-inspiring,12,L,super-game-improvement
18.8,89.6,225,Straight,Forgiveness,Consistent,Forged/Blade-like,10.5,S,players-cb
24.6,108.5,247,Fade,Forgiveness,Left/Right,Confidence-inspiring,10.5,R,super-game-improvement
2.4,103.7,257,Slice,Distance,Fat/Thin,No preference,9,S,players-cb
15.8,98.1,219,Straight,Distance,Consistent,Confidence-inspiring,9,S,players-distance
4.5,114.2,265,Hook,Accuracy,Consistent,Forged/Blade-like,8,X,blade
19.5,80.4,180,Hook,Distance,Fat/Thin,Confidence-inspiring,12,A,super-game-improvement
31.8,76.0,164,Slice,Forgiveness,Fat/Thin,Forged/Blade-like,12,A,super-game-improvement
12.7,95.1,239,Slice,Accuracy,Inconsistent,No preference,10.5,R,game-improvement
18.1,106.7,253,Draw,Forgiveness,Left/Right,Confidence-inspiring,9,S,game-improvement
23.8,101.0,227,Slice,Forgiveness,Inconsistent,Confidence-inspiring,10.5,S,super-game-improvement
0.0,114.2,280,Straight,Accuracy,Consistent,No preference,8,X,blade
12.3,97.2,234,Draw,Forgiveness,Consistent,No preference,10.5,S,players-distance
20.3,104.5,225,Slice,Forgiveness,Left/Right,Confidence-inspiring,9,S,super-game-improvement
0.0,105.5,241,Straight,Accuracy,Consistent,Forged/Blade-like,9,S,players-cb
8.2,107.2,261,Straight,Accuracy,Fat/Thin,No preference,8,S,players-distance
26.9,97.8,217,Fade,Forgiveness,Left/Right,No preference,10.5,S,super-game-improvement
26.0,106.3,224,Straight,Accuracy,Fat/Thin,Confidence-inspiring,10.5,X,super-game-improvement
20.4,92.6,191,Fade,Accuracy,Inconsistent,No preference,10.5,R,game-improvement
24.9,86.4,200,Fade,Distance,Inconsistent,Forged/Blade-like,12,R,players-distance
18.9,107.1,239,Straight,Accuracy,Left/Right,Confidence-inspiring,9,S,players-distance
22.0,105.8,242,Draw,Forgiveness,Left/Right,Confidence-inspiring,9,S,super-game-improvement
14.2,91.9,211,Straight,Accuracy,Left/Right,Confidence-inspiring,10.5,R,game-improvement
18.0,83.7,191,Draw,Forgiveness,Inconsistent,No preference,10.5,A,game-improvement
11.3,111.5,257,Hook,Forgiveness,Inconsistent,No preference,9,S,game-improvement
28.4,71.3,156,Fade,Distance,Inconsistent,Confidence-inspiring,12,L,super-game-improvement
30.7,69.2,156,Fade,Forgiveness,Inconsistent,Confidence-inspiring,12,L,super-game-improvement
29.4,84.3,182,Slice,Forgiveness,Inconsistent,Confidence-inspiring,10.5,A,super-game-improvement
13.3,98.0,225,Draw,Distance,Inconsistent,Confidence-inspiring,9,S,game-improvement
8.4,89.7,218,Straight,Forgiveness,Inconsistent,Forged/Blade-like,10.5,R,players-distance
28.5,88.8,201,Slice,Accuracy,Left/Right,No preference,10.5,S,super-game-improvement
21.9,93.8,201,Fade,Forgiveness,Inconsistent,Confidence-inspiring,10.5,R,super-game-improvement
20.0,87.6,199,Draw,Forgiveness,Inconsistent,Confidence-inspiring,10.5,R,super-game-improvement
11.3,118.7,274,Slice,Accuracy,Left/Right,No preference,8,X,players-distance
20.8,96.2,218,Slice,Forgiveness,Fat/Thin,Confidence-inspiring,10.5,R,super-game-improvement
7.2,112.4,281,Fade,Forgiveness,Consistent,No preference,9,S,players-cb
22.7,76.0,174,Slice,Forgiveness,Fat/Thin,Forged/Blade-like,12,A,game-improvement
29.4,71.4,176,Slice,Accuracy,Fat/Thin,Confidence-inspiring,12,L,super-game-improvement
31.7,89.0,195,Slice,Forgiveness,Inconsistent,No preference,10.5,R,super-game-improvement
23.4,108.6,242,Straight,Forgiveness,Left/Right,No preference,9,S,game-improvement
4.6,92.8,223,Fade,Accuracy,Fat/Thin,Forged/Blade-like,10.5,R,players-cb
18.8,94.6,217,Straight,Forgiveness,Consistent,Forged/Blade-like,10.5,R,players-cb
36.0,69.2,150,Slice,Forgiveness,Left/Right,Confidence-inspiring,12,L,super-game-improvement
9.2,92.6,210,Straight,Accuracy,Consistent,No preference,10.5,R,players-cb
16.5,96.7,220,Slice,Accuracy,Left/Right,Forged/Blade-like,9,R,players-cb
29.7,80.9,170,Fade,Accuracy,Fat/Thin,Confidence-inspiring,10.5,A,super-game-improvement
22.6,77.6,184,Slice,Forgiveness,Left/Right,Confidence-inspiring,12,L,super-game-improvement
36.0,68.2,128,Slice,Accuracy,Inconsistent,Confidence-inspiring,10.5,L,super-game-improvement
10.4,80.1,190,Fade,Distance,Consistent,Confidence-inspiring,12,A,players-cb
8.1,105.3,237,Fade,Accuracy,Consistent,No preference,9,S,players-cb
28.0,92.9,208,Slice,Forgiveness,Fat/Thin,Confidence-inspiring,10.5,R,super-game-improvement
6.2,107.7,254,Fade,Distance,Consistent,Forged/Blade-like,9,S,blade
15.2,86.6,184,Straight,Accuracy,Left/Right,Confidence-inspiring,10.5,R,game-improvement
16.4,104.9,250,Straight,Accuracy,Inconsistent,Forged/Blade-like,9,S,players-cb
26.3,95.2,188,Straight,Forgiveness,Fat/Thin,Forged/Blade-like,10.5,R,game-improvement
22.5,90.8,204,Straight,Forgiveness,Inconsistent,Confidence-inspiring,10.5,R,super-game-improvement
21.1,90.1,210,Fade,Accuracy,Fat/Thin,No preference,10.5,R,game-improvement
13.4,90.4,223,Straight,Accuracy,Inconsistent,Confidence-inspiring,9,R,game-improvement
27.9,88.9,181,Straight,Forgiveness,Left/Right,No preference,10.5,R,super-game-improvement
36.0,97.7,203,Fade,Forgiveness,Left/Right,Confidence-inspiring,10.5,S,super-game-improvement
23.2,101.6,237,Fade,Forgiveness,Fat/Thin,Confidence-inspiring,10.5,S,super-game-improvement
17.9,91.3,219,Straight,Forgiveness,Fat/Thin,Forged/Blade-like,9,R,game-improvement
5.3,107.8,270,Straight,Accuracy,Left/Right,Forged/Blade-like,9,X,blade
11.3,87.3,228,Fade,Accuracy,Left/Right,No preference,10.5,R,players-distance
15.1,103.0,234,Slice,Forgiveness,Fat/Thin,Forged/Blade-like,9,S,players-distance
12.2,89.4,213,Straight,Forgiveness,Left/Right,Confidence-inspiring,10.5,S,super-game-improvement
16.9,101.4,230,Straight,Forgiveness,Inconsistent,No preference,10.5,S,super-game-improvement
33.0,113.3,226,Slice,Forgiveness,Inconsistent,Confidence-inspiring,10.5,X,super-game-improvement
28.2,81.1,177,Straight,Forgiveness,Fat/Thin,Confidence-inspiring,12,A,super-game-improvement
15.6,120.0,259,Draw,Accuracy,Left/Right,No preference,8,X,players-distance
6.1,106.8,251,Fade,Distance,Left/Right,No preference,9,S,players-cb
29.0,78.8,159,Slice,Forgiveness,Inconsistent,Forged/Blade-like,12,A,super-game-improvement
16.6,86.8,204,Straight,Accuracy,Inconsistent,Confidence-inspiring,10.5,A,game-improvement
1.5,120.0,285,Fade,Distance,Fat/Thin,Forged/Blade-like,9,X,blade
23.4,95.0,197,Straight,Accuracy,Fat/Thin,Confidence-inspiring,10.5,R,super-game-improvement
26.2,82.5,190,Straight,Forgiveness,Fat/Thin,Confidence-inspiring,12,A,super-game-improvement
0.0,104.0,249,Straight,Accuracy,Consistent,Forged/Blade-like,9,S,players-cb
9.6,103.8,241,Straight,Distance,Consistent,Confidence-inspiring,9,S,players-cb
16.0,95.0,210,Draw,Forgiveness,Left/Right,Forged/Blade-like,10.5,R,players-distance
23.6,93.4,219,Slice,Forgiveness,Consistent,Confidence-inspiring,10.5,R,super-game-improvement
12.4,115.3,272,Fade,Forgiveness,Inconsistent,Confidence-inspiring,9,S,super-game-improvement
9.5,88.3,203,Draw,Distance,Consistent,Forged/Blade-like,10.5,R,players-cb
23.5,96.5,199,Draw,Forgiveness,Inconsistent,Confidence-inspiring,10.5,R,super-game-improvement
12.8,96.6,248,Straight,Accuracy,Left/Right,Confidence-inspiring,10.5,R,players-cb
21.9,86.1,212,Hook,Forgiveness,Fat/Thin,Confidence-inspiring,9,S,super-game-improvement
7.0,112.0,280,Draw,Distance,Left/Right,Forged/Blade-like,8,X,players-cb
4.8,88.1,206,Straight,Accuracy,Left/Right,Forged/Blade-like,10.5,R,blade
23.8,66.2,144,Slice,Accuracy,Left/Right,Confidence-inspiring,12,L,super-game-improvement
19.3,95.1,220,Straight,Forgiveness,Left/Right,Confidence-inspiring,10.5,R,game-improvement
25.3,87.4,186,Slice,Forgiveness,Inconsistent,No preference,10.5,S,super-game-improvement
12.2,84.2,188,Straight,Distance,Fat/Thin,Confidence-inspiring,12,R,game-improvement
9.8,82.2,207,Straight,Accuracy,Left/Right,Forged/Blade-like,10.5,A,players-cb
29.2,105.5,230,Straight,Forgiveness,Fat/Thin,Confidence-inspiring,10.5,S,super-game-improvement
3.3,108.4,252,Straight,Accuracy,Consistent,No preference,8,X,blade
28.3,87.0,200,Hook,Distance,Fat/Thin,Confidence-inspiring,9,R,super-game-improvement
28.9,108.3,232,Straight,Accuracy,Left/Right,Confidence-inspiring,10.5,S,game-improvement
24.7,99.4,204,Slice,Distance,Fat/Thin,Confidence-inspiring,10.5,S,super-game-improvement
10.8,116.3,263,Straight,Forgiveness,Left/Right,No preference,9,X,players-distance
9.7,87.6,202,Straight,Distance,Consistent,Confidence-inspiring,10.5,R,players-cb
15.1,83.6,195,Straight,Accuracy,Consistent,Confidence-inspiring,10.5,A,players-distance
5.3,108.6,262,Slice,Accuracy,Consistent,Confidence-inspiring,8,S,players-cb
8.3,104.5,259,Fade,Accuracy,Consistent,No preference,9,S,players-cb
22.8,103.0,229,Fade,Accuracy,Inconsistent,Confidence-inspiring,9,S,game-improvement
22.8,74.2,162,Fade,Forgiveness,Left/Right,Confidence-inspiring,12,A,super-game-improvement
7.6,107.9,268,Fade,Accuracy,Consistent,No preference,9,S,players-cb
23.1,100.2,233,Straight,Forgiveness,Inconsistent,No preference,9,S,super-game-improvement
21.1,101.0,226,Slice,Forgiveness,Inconsistent,No preference,10.5,S,super-game-improvement
30.6,81.1,179,Draw,Forgiveness,Fat/Thin,Confidence-inspiring,12,A,super-game-improvement
22.1,96.2,212,Slice,Forgiveness,Fat/Thin,Confidence-inspiring,10.5,R,super-game-improvement
26.5,80.2,167,Fade,Forgiveness,Fat/Thin,No preference,12,L,super-game-improvement
21.3,88.6,220,Slice,Forgiveness,Inconsistent,No preference,10.5,R,super-game-improvement
25.8,78.0,168,Fade,Distance,Fat/Thin,Confidence-inspiring,12,A,super-game-improvement
5.4,94.7,230,Fade,Distance,Inconsistent,Forged/Blade-like,10.5,R,blade
15.9,92.8,200,Draw,Accuracy,Consistent,Confidence-inspiring,10.5,R,players-distance
16.6,89.8,213,Hook,Forgiveness,Left/Right,Forged/Blade-like,10.5,R,players-distance
14.8,88.3,194,Slice,Forgiveness,Left/Right,Forged/Blade-like,10.5,R,players-distance
21.0,78.7,193,Slice,Forgiveness,Consistent,Confidence-inspiring,12,A,super-game-improvement
22.7,110.2,264,Fade,Forgiveness,Inconsistent,Confidence-inspiring,9,X,game-improvement
20.5,87.1,202,Draw,Forgiveness,Left/Right,Confidence-inspiring,10.5,R,super-game-improvement
15.4,98.8,229,Draw,Forgiveness,Fat/Thin,Confidence-inspiring,10.5,S,super-game-improvement
10.4,81.3,190,Straight,Forgiveness,Left/Right,Forged/Blade-like,12,A,players-cb
26.9,101.3,223,Slice,Forgiveness,Left/Right,Confidence-inspiring,10.5,R,super-game-improvement
20.1,94.0,217,Fade,Distance,Fat/Thin,Confidence-inspiring,10.5,R,super-game-improvement
7.8,96.3,230,Draw,Accuracy,Fat/Thin,No preference,9,R,players-distance
15.3,91.2,220,Draw,Distance,Fat/Thin,No preference,10.5,R,players-distance
1.3,113.8,269,Straight,Accuracy,Consistent,No preference,8,X,blade
17.3,65.0,163,Slice,Accuracy,Left/Right,Forged/Blade-like,12,L,players-distance
15.2,87.4,198,Draw,Accuracy,Consistent,Confidence-inspiring,10.5,R,players-distance
11.8,96.8,220,Straight,Distance,Consistent,Confidence-inspiring,9,R,players-cb
31.3,83.4,184,Draw,Forgiveness,Fat/Thin,Confidence-inspiring,10.5,A,super-game-improvement
6.6,120.0,291,Hook,Distance,Left/Right,No preference,8,X,players-cb
23.4,86.7,179,Straight,Distance,Fat/Thin,Confidence-inspiring,10.5,R,super-game-improvement
36.0,91.4,190,Fade,Forgiveness,Left/Right,Confidence-inspiring,10.5,R,super-game-improvement
26.7,106.0,215,Slice,Forgiveness,Consistent,Confidence-inspiring,10.5,R,super-game-improvement
16.7,101.4,227,Straight,Forgiveness,Left/Right,Confidence-inspiring,10.5,S,super-game-improvement
6.8,94.6,220,Fade,Distance,Inconsistent,Forged/Blade-like,12,R,players-cb
4.7,90.0,219,Fade,Accuracy,Consistent,No preference,10.5,R,blade
13.3,104.4,236,Draw,Forgiveness,Fat/Thin,No preference,9,R,game-improvement
10.8,115.1,266,Slice,Forgiveness,Left/Right,Confidence-inspiring,9,X,game-improvement
10.5,104.3,257,Draw,Forgiveness,Fat/Thin,Confidence-inspiring,9,S,game-improvement
14.1,108.7,271,Straight,Accuracy,Fat/Thin,No preference,9,S,players-distance
16.1,120.0,268,Fade,Forgiveness,Inconsistent,No preference,9,S,players-distance
21.4,99.8,234,Straight,Forgiveness,Fat/Thin,Confidence-inspiring,10.5,S,super-game-improvement
5.9,91.0,222,Straight,Accuracy,Consistent,No preference,10.5,R,blade
10.9,99.1,217,Slice,Forgiveness,Left/Right,Confidence-inspiring,10.5,S,super-game-improvement
15.6,109.1,245,Draw,Forgiveness,Left/Right,No preference,9,S,game-improvement
15.2,93.2,188,Straight,Distance,Left/Right,Forged/Blade-like,10.5,R,players-cb
33.5,98.3,214,Straight,Accuracy,Left/Right,Confidence-inspiring,10.5,S,super-game-improvement
19.1,92.3,201,Fade,Forgiveness,Left/Right,No preference,10.5,R,game-improvement
2.5,107.6,262,Slice,Accuracy,Inconsistent,Confidence-inspiring,9,S,players-distance
20.8,88.3,223,Slice,Forgiveness,Fat/Thin,Confidence-inspiring,10.5,A,game-improvement
21.9,92.7,223,Straight,Distance,Left/Right,Confidence-inspiring,10.5,S,super-game-improvement
15.9,97.3,218,Draw,Distance,Inconsistent,Confidence-inspiring,9,S,game-improvement
6.1,85.8,196,Draw,Accuracy,Consistent,Confidence-inspiring,10.5,R,players-cb
32.8,79.3,183,Slice,Forgiveness,Left/Right,Confidence-inspiring,12,L,super-game-improvement
7.4,88.6,202,Straight,Accuracy,Left/Right,No preference,10.5,R,players-cb
22.9,86.4,203,Fade,Forgiveness,Left/Right,Confidence-inspiring,12,R,super-game-improvement
18.8,85.3,219,Draw,Accuracy,Inconsistent,Confidence-inspiring,10.5,R,game-improvement
22.4,100.9,233,Slice,Forgiveness,Fat/Thin,Confidence-inspiring,10.5,S,super-game-improvement
32.4,94.2,214,Straight,Forgiveness,Fat/Thin,Confidence-inspiring,10.5,R,super-game-improvement
22.1,96.6,227,Slice,Forgiveness,Left/Right,No preference,10.5,R,super-game-improvement
12.0,85.2,195,Slice,Accuracy,Fat/Thin,No preference,10.5,R,game-improvement
27.0,86.7,194,Straight,Accuracy,Left/Right,No preference,9,R,game-improvement
11.3,84.8,191,Slice,Accuracy,Left/Right,Forged/Blade-like,10.5,A,players-cb
18.5,91.9,221,Slice,Distance,Left/Right,No preference,9,R,game-improvement
5.4,108.8,252,Hook,Distance,Consistent,Confidence-inspiring,8,S,blade
7.7,110.7,270,Fade,Accuracy,Inconsistent,Forged/Blade-like,8,S,players-cb
17.5,98.8,237,Fade,Accuracy,Left/Right,Confidence-inspiring,9,X,game-improvement
20.3,104.8,233,Slice,Forgiveness,Inconsistent,Confidence-inspiring,9,S,super-game-improvement
1.7,107.4,255,Straight,Accuracy,Inconsistent,No preference,9,S,players-cb
21.5,89.0,199,Slice,Distance,Fat/Thin,No preference,10.5,R,super-game-improvement
9.6,108.2,248,Slice,Accuracy,Fat/Thin,Confidence-inspiring,8,S,game-improvement
28.5,95.7,211,Fade,Forgiveness,Fat/Thin,Confidence-inspiring,10.5,R,super-game-improvement
13.8,91.4,204,Draw,Forgiveness,Consistent,No preference,10.5,R,players-distance
6.9,105.1,243,Straight,Distance,Inconsistent,Forged/Blade-like,9,S,players-cb
17.7,91.0,213,Hook,Accuracy,Left/Right,No preference,10.5,R,players-distance
8.8,79.9,195,Fade,Accuracy,Inconsistent,No preference,12,A,players-distance
28.4,91.1,197,Fade,Accuracy,Fat/Thin,Confidence-inspiring,10.5,R,super-game-improvement
17.0,81.5,172,Straight,Distance,Inconsistent,Confidence-inspiring,12,A,super-game-improvement
15.6,98.7,238,Slice,Distance,Fat/Thin,Confidence-inspiring,9,S,super-game-improvement
22.3,75.5,166,Draw,Accuracy,Left/Right,No preference,12,A,game-improvement
8.0,93.4,241,Straight,Forgiveness,Left/Right,Confidence-inspiring,12,R,game-improvement
5.4,98.0,234,Straight,Distance,Inconsistent,No preference,9,S,players-cb
20.7,103.9,236,Slice,Forgiveness,Left/Right,Confidence-inspiring,9,S,super-game-improvement
7.1,95.8,225,Straight,Forgiveness,Consistent,Forged/Blade-like,10.5,R,players-cb
7.1,90.4,218,Straight,Accuracy,Consistent,Forged/Blade-like,10.5,R,players-cb
24.5,93.0,239,Slice,Distance,Fat/Thin,Confidence-inspiring,10.5,R,game-improvement
21.7,89.1,198,Slice,Accuracy,Fat/Thin,Forged/Blade-like,10.5,R,game-improvement
5.7,110.0,275,Hook,Distance,Consistent,No preference,8,X,blade
11.4,88.1,208,Draw,Distance,Consistent,Forged/Blade-like,12,R,players-distance
8.9,102.1,253,Slice,Distance,Inconsistent,Forged/Blade-like,9,S,players-cb
33.0,108.3,216,Draw,Forgiveness,Inconsistent,Confidence-inspiring,10.5,S,game-improvement
25.2,86.5,210,Slice,Forgiveness,Fat/Thin,No preference,10.5,R,super-game-improvement
13.2,98.9,234,Straight,Accuracy,Inconsistent,No preference,8,S,game-improvement
22.2,74.3,165,Hook,Forgiveness,Left/Right,Confidence-inspiring,12,A,super-game-improvement
4.8,94.2,235,Fade,Accuracy,Consistent,No preference,10.5,R,blade
10.9,103.2,244,Straight,Forgiveness,Inconsistent,Confidence-inspiring,9,S,game-improvement
17.9,90.5,197,Slice,Accuracy,Fat/Thin,Confidence-inspiring,10.5,R,super-game-improvement
21.1,97.8,199,Straight,Forgiveness,Inconsistent,Confidence-inspiring,10.5,S,super-game-improvement
16.1,99.3,245,Straight,Accuracy,Left/Right,Forged/Blade-like,9,S,players-cb
19.2,79.8,180,Slice,Forgiveness,Fat/Thin,No preference,12,R,super-game-improvement
17.7,104.1,233,Fade,Forgiveness,Inconsistent,Confidence-inspiring,9,R,super-game-improvement
15.5,83.0,187,Fade,Accuracy,Fat/Thin,Forged/Blade-like,10.5,A,players-distance
14.3,88.6,219,Straight,Accuracy,Consistent,Forged/Blade-like,10.5,R,players-cb
13.2,99.3,227,Fade,Accuracy,Inconsistent,Confidence-inspiring,9,X,super-game-improvement
19.1,108.7,253,Slice,Distance,Fat/Thin,Confidence-inspiring,8,S,game-improvement
20.7,81.9,182,Slice,Distance,Left/Right,Confidence-inspiring,10.5,A,super-game-improvement
18.8,94.7,205,Straight,Forgiveness,Left/Right,Forged/Blade-like,10.5,R,players-distance
6.4,103.2,255,Fade,Distance,Left/Right,No preference,9,S,players-cb
8.0,107.1,265,Fade,Distance,Left/Right,Forged/Blade-like,9,S,players-distance
20.6,103.8,229,Slice,Forgiveness,Fat/Thin,Confidence-inspiring,9,S,super-game-improvement
30.2,81.4,177,Slice,Forgiveness,Consistent,Confidence-inspiring,12,A,game-improvement
18.4,103.6,238,Straight,Accuracy,Fat/Thin,Forged/Blade-like,9,S,players-cb
13.3,110.3,261,Slice,Accuracy,Fat/Thin,Confidence-inspiring,8,X,game-improvement
19.0,110.9,270,Slice,Forgiveness,Fat/Thin,Forged/Blade-like,9,X,players-distance
6.8,106.4,251,Fade,Accuracy,Left/Right,No preference,9,S,blade
28.8,88.0,190,Straight,Accuracy,Fat/Thin,No preference,10.5,R,super-game-improvement
18.7,88.5,200,Fade,Accuracy,Inconsistent,Confidence-inspiring,10.5,R,game-improvement
11.0,83.9,189,Straight,Distance,Left/Right,No preference,10.5,A,players-distance
15.5,92.7,199,Draw,Distance,Inconsistent,Confidence-inspiring,9,R,game-improvement
12.3,98.8,232,Fade,Accuracy,Left/Right,No preference,9,S,players-distance
28.8,85.3,192,Straight,Forgiveness,Inconsistent,No preference,10.5,R,super-game-improvement
15.2,101.6,235,Draw,Distance,Left/Right,Confidence-inspiring,9,S,game-improvement
18.4,78.9,180,Straight,Accuracy,Consistent,Confidence-inspiring,10.5,A,game-improvement
22.2,89.1,192,Straight,Forgiveness,Inconsistent,Confidence-inspiring,12,R,super-game-improvement
10.3,118.9,283,Straight,Forgiveness,Inconsistent,Forged/Blade-like,9,X,players-cb
18.7,103.2,237,Slice,Forgiveness,Inconsistent,No preference,9,S,game-improvement
19.5,98.9,229,Fade,Forgiveness,Consistent,Confidence-inspiring,10.5,S,game-improvement
3.0,107.9,264,Straight,Distance,Left/Right,Forged/Blade-like,8,S,blade
19.3,89.2,207,Slice,Distance,Inconsistent,Forged/Blade-like,10.5,R,players-distance
16.6,77.2,189,Hook,Forgiveness,Left/Right,No preference,12,A,super-game-improvement
18.2,98.2,230,Straight,Forgiveness,Inconsistent,Forged/Blade-like,10.5,S,game-improvement
17.3,69.8,164,Straight,Accuracy,Inconsistent,No preference,12,L,game-improvement
19.3,89.6,188,Straight,Accuracy,Consistent,No preference,10.5,R,players-cb
29.0,86.2,198,Straight,Distance,Consistent,No preference,10.5,R,players-distance
6.4,97.2,230,Straight,Forgiveness,Consistent,Confidence-inspiring,10.5,S,players-distance
13.9,118.3,276,Draw,Accuracy,Inconsistent,No preference,8,X,players-cb
23.0,108.6,232,Draw,Forgiveness,Fat/Thin,Confidence-inspiring,8,S,super-game-improvement
21.3,101.8,249,Slice,Forgiveness,Inconsistent,No preference,10.5,S,super-game-improvement
21.1,82.4,164,Fade,Forgiveness,Left/Right,Confidence-inspiring,10.5,A,super-game-improvement
36.0,100.7,227,Straight,Distance,Inconsistent,Forged/Blade-like,10.5,S,game-improvement
22.5,96.9,222,Hook,Distance,Consistent,Confidence-inspiring,9,R,players-distance
27.2,78.1,155,Fade,Forgiveness,Left/Right,Confidence-inspiring,12,A,super-game-improvement
14.2,96.7,243,Straight,Accuracy,Inconsistent,Confidence-inspiring,9,R,super-game-improvement
8.1,110.1,266,Straight,Accuracy,Consistent,Forged/Blade-like,8,X,players-cb
14.2,90.4,189,Draw,Accuracy,Fat/Thin,Forged/Blade-like,10.5,R,players-cb
23.4,91.5,201,Slice,Forgiveness,Left/Right,Forged/Blade-like,10.5,R,game-improvement
20.7,95.1,220,Draw,Forgiveness,Left/Right,No preference,10.5,R,game-improvement
20.6,81.0,199,Straight,Forgiveness,Inconsistent,Forged/Blade-like,12,A,game-improvement
15.1,93.0,212,Straight,Accuracy,Fat/Thin,Confidence-inspiring,10.5,R,game-improvement
13.6,86.5,178,Fade,Distance,Consistent,Forged/Blade-like,10.5,R,players-cb
15.4,104.2,254,Draw,Forgiveness,Fat/Thin,Confidence-inspiring,9,S,super-game-improvement
23.5,80.9,186,Straight,Distance,Inconsistent,Confidence-inspiring,12,A,super-game-improvement
24.6,92.2,185,Slice,Forgiveness,Fat/Thin,Confidence-inspiring,10.5,R,game-improvement
7.9,86.7,209,Straight,Accuracy,Consistent,No preference,10.5,R,players-cb
23.9,78.4,179,Draw,Forgiveness,Inconsistent,Confidence-inspiring,12,A,super-game-improvement
11.1,86.6,201,Straight,Forgiveness,Inconsistent,No preference,10.5,R,game-improvement
21.2,88.7,193,Fade,Forgiveness,Fat/Thin,Confidence-inspiring,10.5,R,super-game-improvement
15.3,97.4,220,Straight,Accuracy,Fat/Thin,Forged/Blade-like,9,S,players-distance
31.1,88.5,189,Straight,Forgiveness,Left/Right,No preference,10.5,R,super-game-improvement
13.2,79.3,188,Draw,Distance,Inconsistent,Forged/Blade-like,12,A,players-cb
18.6,91.7,216,Slice,Accuracy,Inconsistent,Confidence-inspiring,10.5,R,game-improvement
22.5,83.2,168,Slice,Forgiveness,Inconsistent,Confidence-inspiring,10.5,A,super-game-improvement
9.1,105.2,251,Fade,Forgiveness,Inconsistent,No preference,9,S,players-cb
16.3,92.2,217,Slice,Forgiveness,Left/Right,Confidence-inspiring,10.5,R,super-game-improvement
14.6,95.3,222,Draw,Forgiveness,Left/Right,Confidence-inspiring,10.5,R,super-game-improvement
12.4,90.1,207,Straight,Distance,Left/Right,Confidence-inspiring,10.5,R,game-improvement
13.0,114.4,280,Slice,Distance,Fat/Thin,Confidence-inspiring,8,X,game-improvement
27.0,74.8,177,Slice,Accuracy,Left/Right,Confidence-inspiring,12,L,super-game-improvement
11.6,94.1,217,Fade,Distance,Left/Right,Confidence-inspiring,9,A,players-distance
22.1,92.0,206,Hook,Forgiveness,Fat/Thin,Confidence-inspiring,10.5,R,super-game-improvement
19.8,90.0,211,Slice,Forgiveness,Left/Right,Forged/Blade-like,10.5,R,players-distance
4.4,95.4,241,Straight,Accuracy,Left/Right,Forged/Blade-like,12,R,blade
21.7,73.1,157,Straight,Forgiveness,Left/Right,No preference,12,A,super-game-improvement
4.3,96.2,223,Straight,Accuracy,Consistent,No preference,9,R,blade
22.7,81.0,184,Draw,Accuracy,Inconsistent,Confidence-inspiring,12,A,game-improvement
12.4,114.4,257,Slice,Forgiveness,Left/Right,No preference,9,X,game-improvement
17.1,117.0,251,Draw,Forgiveness,Fat/Thin,Confidence-inspiring,9,S,game-improvement
5.4,101.8,237,Draw,Distance,Consistent,Forged/Blade-like,9,S,blade
18.1,79.6,186,Slice,Accuracy,Left/Right,No preference,12,L,game-improvement
25.3,96.2,228,Fade,Forgiveness,Left/Right,No preference,10.5,R,super-game-improvement
9.7,89.6,205,Fade,Accuracy,Left/Right,No preference,10.5,R,players-distance
11.5,92.7,216,Draw,Forgiveness,Left/Right,Forged/Blade-like,10.5,R,players-cb
21.1,85.4,194,Draw,Forgiveness,Left/Right,Confidence-inspiring,10.5,R,super-game-improvement
21.3,86.5,190,Slice,Forgiveness,Left/Right,No preference,10.5,R,super-game-improvement
0.0,102.5,245,Straight,Forgiveness,Left/Right,No preference,9,S,players-cb
35.1,69.0,150,Draw,Forgiveness,Left/Right,Confidence-inspiring,10.5,L,super-game-improvement
21.8,84.2,179,Slice,Forgiveness,Left/Right,No preference,10.5,R,super-game-improvement
23.3,100.4,218,Straight,Forgiveness,Left/Right,Confidence-inspiring,10.5,S,super-game-improvement
15.7,95.0,218,Straight,Forgiveness,Left/Right,Forged/Blade-like,10.5,R,players-distance
0.3,107.0,265,Hook,Distance,Fat/Thin,No preference,9,R,players-cb
23.1,68.0,139,Fade,Forgiveness,Fat/Thin,Confidence-inspiring,12,L,super-game-improvement
11.9,107.4,250,Straight,Accuracy,Consistent,Confidence-inspiring,9,S,players-cb
21.9,84.3,178,Fade,Forgiveness,Left/Right,Confidence-inspiring,12,R,super-game-improvement
15.0,107.0,242,Slice,Accuracy,Inconsistent,No preference,9,S,game-improvement
19.1,94.6,223,Draw,Accuracy,Fat/Thin,No preference,10.5,R,game-improvement
10.0,93.6,220,Straight,Forgiveness,Left/Right,Confidence-inspiring,9,S,game-improvement
24.8,72.4,176,Fade,Accuracy,Left/Right,Confidence-inspiring,10.5,A,super-game-improvement
6.3,120.0,287,Slice,Distance,Inconsistent,Forged/Blade-like,8,X,players-cb
36.0,89.6,199,Fade,Forgiveness,Left/Right,Confidence-inspiring,10.5,R,game-improvement
36.0,90.2,199,Straight,Distance,Fat/Thin,Confidence-inspiring,10.5,R,super-game-improvement
31.7,102.6,222,Slice,Accuracy,Inconsistent,Confidence-inspiring,10.5,S,super-game-improvement
28.5,88.9,183,Slice,Forgiveness,Left/Right,No preference,12,R,super-game-improvement
16.2,108.5,249,Slice,Forgiveness,Inconsistent,No preference,9,S,game-improvement
27.5,82.5,177,Slice,Forgiveness,Left/Right,Confidence-inspiring,10.5,A,super-game-improvement
16.1,102.4,231,Slice,Accuracy,Fat/Thin,Confidence-inspiring,9,S,super-game-improvement
3.0,97.7,238,Draw,Accuracy,Consistent,Forged/Blade-like,9,S,blade
30.5,80.2,161,Straight,Distance,Fat/Thin,No preference,10.5,A,super-game-improvement
27.2,88.5,187,Slice,Accuracy,Inconsistent,Confidence-inspiring,10.5,R,super-game-improvement
16.7,82.0,179,Hook,Distance,Left/Right,Confidence-inspiring,10.5,A,game-improvement
6.0,105.2,250,Slice,Accuracy,Consistent,Forged/Blade-like,8,S,blade
11.7,94.9,216,Straight,Accuracy,Inconsistent,Confidence-inspiring,12,R,game-improvement
0.6,85.7,203,Straight,Distance,Consistent,Confidence-inspiring,10.5,R,players-cb
25.5,84.1,188,Slice,Forgiveness,Fat/Thin,Confidence-inspiring,10.5,R,super-game-improvement
2.6,100.8,241,Fade,Distance,Left/Right,Forged/Blade-like,9,S,blade
19.6,101.2,230,Straight,Distance,Left/Right,Confidence-inspiring,9,S,game-improvement
9.4,102.5,232,Draw,Distance,Consistent,Forged/Blade-like,9,S,players-cb
4.2,117.6,276,Straight,Forgiveness,Inconsistent,No preference,9,X,game-improvement
19.1,98.2,242,Straight,Accuracy,Fat/Thin,No preference,9,S,game-improvement
14.0,90.9,205,Draw,Accuracy,Left/Right,Confidence-inspiring,10.5,R,game-improvement
24.5,88.8,179,Slice,Accuracy,Consistent,Confidence-inspiring,10.5,R,super-game-improvement
5.6,98.7,240,Draw,Distance,Consistent,Confidence-inspiring,9,S,players-cb
10.2,103.9,239,Fade,Accuracy,Inconsistent,No preference,8,S,players-distance
0.0,106.6,263,Straight,Accuracy,Left/Right,Confidence-inspiring,9,S,players-cb
0.0,99.7,243,Straight,Distance,Left/Right,Forged/Blade-like,9,S,blade
33.2,83.5,185,Straight,Forgiveness,Inconsistent,No preference,10.5,A,super-game-improvement
35.8,86.3,183,Straight,Forgiveness,Inconsistent,Confidence-inspiring,10.5,R,super-game-improvement
17.8,83.8,190,Straight,Forgiveness,Left/Right,Confidence-inspiring,10.5,A,super-game-improvement
9.6,102.6,253,Straight,Accuracy,Fat/Thin,Forged/Blade-like,9,S,players-distance
14.3,80.5,167,Hook,Forgiveness,Left/Right,Confidence-inspiring,10.5,A,game-improvement
24.9,100.1,211,Draw,Forgiveness,Fat/Thin,Confidence-inspiring,10.5,S,super-game-improvement
12.4,102.8,233,Hook,Accuracy,Fat/Thin,No preference,9,S,players-distance
19.1,109.3,234,Straight,Forgiveness,Inconsistent,Confidence-inspiring,9,S,super-game-improvement
16.9,83.3,187,Hook,Accuracy,Left/Right,Confidence-inspiring,10.5,L,game-improvement
11.9,109.2,251,Draw,Accuracy,Fat/Thin,Forged/Blade-like,8,S,players-cb
12.3,107.0,259,Straight,Distance,Consistent,No preference,9,S,players-cb
19.6,90.8,206,Draw,Accuracy,Left/Right,No preference,10.5,R,players-distance
8.2,96.7,228,Straight,Accuracy,Left/Right,No preference,9,R,players-distance
21.1,80.8,179,Straight,Forgiveness,Consistent,Confidence-inspiring,12,A,super-game-improvement
12.8,83.8,186,Straight,Accuracy,Inconsistent,Confidence-inspiring,10.5,A,game-improvement
18.1,86.2,205,Slice,Forgiveness,Left/Right,Forged/Blade-like,10.5,A,players-distance
29.5,73.4,171,Straight,Distance,Inconsistent,Forged/Blade-like,12,A,game-improvement
15.5,111.4,246,Fade,Accuracy,Consistent,No preference,8,X,players-cb
25.3,73.8,179,Slice,Accuracy,Left/Right,No preference,12,A,super-game-improvement
0.9,106.9,255,Straight,Forgiveness,Consistent,No preference,9,S,blade
12.8,101.7,231,Fade,Distance,Left/Right,Confidence-inspiring,9,S,game-improvement
17.2,97.9,229,Straight,Accuracy,Left/Right,No preference,9,S,players-distance
34.3,87.1,192,Slice,Distance,Fat/Thin,Confidence-inspiring,10.5,R,super-game-improvement
0.0,115.5,282,Straight,Accuracy,Consistent,No preference,9,X,blade
16.1,90.6,206,Slice,Accuracy,Inconsistent,Confidence-inspiring,10.5,R,super-game-improvement
30.1,86.4,199,Slice,Accuracy,Fat/Thin,Forged/Blade-like,10.5,R,game-improvement
9.9,96.3,222,Draw,Distance,Consistent,Forged/Blade-like,9,R,players-cb
15.1,108.8,251,Fade,Accuracy,Fat/Thin,No preference,8,S,players-distance
20.0,113.4,273,Straight,Forgiveness,Fat/Thin,Confidence-inspiring,9,X,super-game-improvement
18.7,81.3,173,Draw,Distance,Left/Right,No preference,12,A,game-improvement
31.1,65.0,137,Slice,Forgiveness,Consistent,Confidence-inspiring,12,L,super-game-improvement
21.0,97.4,229,Slice,Forgiveness,Inconsistent,Confidence-inspiring,10.5,S,super-game-improvement
28.9,97.1,217,Straight,Forgiveness,Left/Right,Confidence-inspiring,10.5,S,game-improvement
13.8,116.2,278,Slice,Distance,Fat/Thin,Forged/Blade-like,8,X,players-cb
10.3,106.4,239,Slice,Distance,Left/Right,Confidence-inspiring,9,S,players-distance
15.0,109.8,257,Hook,Forgiveness,Consistent,Forged/Blade-like,9,S,players-cb
6.6,118.1,280,Fade,Accuracy,Consistent,Forged/Blade-like,8,X,blade
21.4,106.1,260,Draw,Forgiveness,Inconsistent,Confidence-inspiring,9,S,game-improvement
13.5,105.6,253,Straight,Accuracy,Fat/Thin,Forged/Blade-like,9,S,players-cb
11.0,85.7,201,Fade,Forgiveness,Left/Right,No preference,10.5,R,game-improvement
21.5,91.3,209,Hook,Accuracy,Left/Right,No preference,10.5,R,super-game-improvement
6.7,104.4,250,Straight,Forgiveness,Consistent,Forged/Blade-like,9,S,blade
23.9,88.7,205,Straight,Distance,Left/Right,Forged/Blade-like,10.5,R,players-distance
12.7,97.0,219,Straight,Forgiveness,Fat/Thin,Confidence-inspiring,10.5,S,super-game-improvement
27.4,103.0,239,Fade,Accuracy,Fat/Thin,Forged/Blade-like,10.5,S,players-distance
13.5,89.3,196,Fade,Accuracy,Left/Right,No preference,10.5,R,players-distance
22.7,98.6,223,Fade,Distance,Fat/Thin,Confidence-inspiring,9,S,super-game-improvement
18.6,96.5,213,Straight,Accuracy,Fat/Thin,Confidence-inspiring,9,R,game-improvement
23.7,81.3,182,Slice,Forgiveness,Fat/Thin,No preference,12,A,super-game-improvement
18.0,83.0,199,Fade,Accuracy,Fat/Thin,Forged/Blade-like,10.5,A,players-distance
2.0,87.6,198,Straight,Accuracy,Consistent,Forged/Blade-like,10.5,R,blade
26.1,93.1,205,Slice,Accuracy,Consistent,Confidence-inspiring,10.5,R,game-improvement
16.2,94.4,205,Draw,Forgiveness,Fat/Thin,No preference,12,R,super-game-improvement
24.1,81.4,179,Straight,Distance,Inconsistent,Confidence-inspiring,12,A,super-game-improvement
23.2,71.5,147,Slice,Accuracy,Inconsistent,Confidence-inspiring,12,L,super-game-improvement
10.0,103.5,246,Hook,Forgiveness,Left/Right,Confidence-inspiring,9,X,super-game-improvement
8.8,98.3,229,Draw,Distance,Consistent,Confidence-inspiring,9,S,players-cb
22.9,83.3,194,Draw,Distance,Inconsistent,No preference,10.5,A,game-improvement
14.3,86.6,212,Straight,Distance,Fat/Thin,No preference,10.5,R,game-improvement
25.4,86.3,192,Slice,Forgiveness,Left/Right,Confidence-inspiring,10.5,R,super-game-improvement
15.4,100.2,240,Fade,Distance,Consistent,Confidence-inspiring,9,S,players-distance
26.2,84.9,200,Straight,Forgiveness,Fat/Thin,Forged/Blade-like,10.5,R,game-improvement
20.8,80.0,173,Fade,Accuracy,Fat/Thin,Confidence-inspiring,12,A,super-game-improvement
19.6,92.1,222,Straight,Distance,Inconsistent,Confidence-inspiring,10.5,R,game-improvement
13.6,107.2,249,Straight,Accuracy,Left/Right,No preference,9,S,players-distance
19.1,93.4,204,Straight,Distance,Fat/Thin,Forged/Blade-like,10.5,R,players-distance
27.7,87.8,196,Draw,Accuracy,Left/Right,Confidence-inspiring,10.5,S,game-improvement
16.5,91.5,210,Straight,Accuracy,Left/Right,Forged/Blade-like,10.5,R,players-cb
21.8,82.3,173,Slice,Forgiveness,Inconsistent,Confidence-inspiring,10.5,A,game-improvement
17.4,84.9,185,Slice,Forgiveness,Fat/Thin,Confidence-inspiring,10.5,R,game-improvement
18.1,77.1,191,Straight,Forgiveness,Inconsistent,No preference,12,A,game-improvement
32.5,95.7,209,Slice,Distance,Left/Right,Confidence-inspiring,10.5,R,super-game-improvement
27.8,91.7,215,Fade,Forgiveness,Fat/Thin,Confidence-inspiring,10.5,R,super-game-improvement
17.7,94.8,213,Slice,Forgiveness,Left/Right,Confidence-inspiring,10.5,R,game-improvement
18.9,96.1,212,Fade,Distance,Left/Right,Forged/Blade-like,9,A,players-cb
10.7,102.1,225,Fade,Distance,Left/Right,Confidence-inspiring,9,X,players-distance
15.4,88.2,213,Draw,Accuracy,Fat/Thin,Confidence-inspiring,10.5,R,game-improvement
19.8,89.3,207,Straight,Accuracy,Fat/Thin,Confidence-inspiring,10.5,R,game-improvement
24.7,84.5,185,Slice,Accuracy,Inconsistent,Forged/Blade-like,10.5,R,players-distance
23.7,115.0,250,Straight,Accuracy,Fat/Thin,Confidence-inspiring,8,X,super-game-improvement
7.0,111.4,276,Fade,Forgiveness,Fat/Thin,No preference,9,X,super-game-improvement
25.8,90.1,198,Draw,Accuracy,Inconsistent,Confidence-inspiring,10.5,R,super-game-improvement
16.2,108.6,249,Hook,Accuracy,Left/Right,No preference,8,S,players-distance
8.1,112.9,263,Straight,Accuracy,Inconsistent,Confidence-inspiring,8,X,players-distance
29.0,72.5,155,Hook,Forgiveness,Inconsistent,No preference,12,L,super-game-improvement
30.2,83.2,186,Straight,Forgiveness,Fat/Thin,Confidence-inspiring,10.5,A,super-game-improvement
19.4,92.6,198,Draw,Forgiveness,Left/Right,No preference,10.5,R,game-improvement
23.4,96.2,216,Slice,Distance,Fat/Thin,Confidence-inspiring,9,R,super-game-improvement
23.9,87.5,204,Slice,Distance,Left/Right,Confidence-inspiring,10.5,S,super-game-improvement
29.6,84.9,185,Fade,Accuracy,Left/Right,Confidence-inspiring,10.5,R,super-game-improvement
23.6,85.3,200,Straight,Distance,Inconsistent,Confidence-inspiring,10.5,R,super-game-improvement
5.1,113.0,284,Fade,Distance,Left/Right,Forged/Blade-like,8,X,blade
35.1,67.7,153,Hook,Distance,Left/Right,Confidence-inspiring,12,L,super-game-improvement
26.6,83.6,180,Straight,Forgiveness,Fat/Thin,Forged/Blade-like,10.5,A,game-improvement
12.4,79.1,185,Straight,Forgiveness,Inconsistent,Confidence-inspiring,12,A,super-game-improvement
7.7,90.5,219,Draw,Accuracy,Left/Right,No preference,10.5,R,players-cb
21.5,94.6,209,Slice,Forgiveness,Inconsistent,Confidence-inspiring,10.5,R,super-game-improvement
14.5,99.5,226,Draw,Forgiveness,Fat/Thin,Confidence-inspiring,10.5,S,super-game-improvement
20.0,89.3,198,Slice,Accuracy,Fat/Thin,Confidence-inspiring,9,R,super-game-improvement
23.7,101.1,249,Fade,Forgiveness,Fat/Thin,Confidence-inspiring,10.5,S,super-game-improvement
11.9,111.4,259,Straight,Forgiveness,Fat/Thin,Forged/Blade-like,9,X,players-cb
7.0,100.5,250,Straight,Forgiveness,Left/Right,No preference,10.5,S,players-distance
20.5,94.6,206,Hook,Forgiveness,Consistent,Confidence-inspiring,10.5,R,game-improvement
12.2,93.2,233,Straight,Forgiveness,Fat/Thin,No preference,10.5,R,super-game-improvement
18.3,99.8,225,Hook,Accuracy,Fat/Thin,Forged/Blade-like,9,S,players-cb
4.9,90.7,219,Fade,Distance,Consistent,Forged/Blade-like,10.5,S,players-cb
14.7,114.0,248,Hook,Forgiveness,Inconsistent,Confidence-inspiring,10.5,X,super-game-improvement
23.4,101.5,237,Slice,Forgiveness,Fat/Thin,Confidence-inspiring,10.5,S,super-game-improvement
22.5,78.7,189,Draw,Accuracy,Left/Right,Confidence-inspiring,12,A,game-improvement
9.9,91.4,205,Fade,Accuracy,Fat/Thin,No preference,10.5,R,players-distance
6.5,105.8,264,Slice,Accuracy,Inconsistent,Forged/Blade-like,9,S,players-cb
17.1,91.0,197,Draw,Accuracy,Fat/Thin,Confidence-inspiring,10.5,R,game-improvement
22.0,96.5,223,Fade,Forgiveness,Left/Right,Confidence-inspiring,10.5,R,super-game-improvement
20.6,88.4,198,Slice,Forgiveness,Fat/Thin,Confidence-inspiring,10.5,R,super-game-improvement
12.4,112.8,276,Hook,Forgiveness,Left/Right,Forged/Blade-like,9,X,blade
19.7,92.7,213,Fade,Distance,Left/Right,Confidence-inspiring,10.5,R,game-improvement
30.5,109.5,247,Straight,Forgiveness,Fat/Thin,Confidence-inspiring,12,S,super-game-improvement
18.8,99.2,237,Straight,Forgiveness,Left/Right,Forged/Blade-like,10.5,S,players-distance
2.3,90.9,218,Draw,Distance,Consistent,Forged/Blade-like,10.5,R,blade
18.8,114.1,260,Straight,Forgiveness,Left/Right,Confidence-inspiring,9,X,game-improvement
35.4,92.9,188,Straight,Forgiveness,Left/Right,Forged/Blade-like,12,R,game-improvement
5.4,106.1,252,Draw,Accuracy,Consistent,No preference,9,S,blade
17.3,100.7,248,Draw,Forgiveness,Consistent,No preference,10.5,S,players-distance
15.0,83.9,201,Fade,Distance,Left/Right,Forged/Blade-like,12,A,players-cb
17.9,75.8,164,Fade,Distance,Fat/Thin,Confidence-inspiring,12,A,super-game-improvement
18.7,92.9,227,Draw,Distance,Inconsistent,No preference,10.5,R,players-distance
27.3,101.2,227,Fade,Accuracy,Left/Right,Confidence-inspiring,10.5,S,super-game-improvement
17.8,97.9,232,Fade,Accuracy,Consistent,Confidence-inspiring,9,S,players-distance
28.5,103.7,232,Hook,Forgiveness,Fat/Thin,Confidence-inspiring,10.5,S,super-game-improvement
15.9,108.4,254,Draw,Distance,Fat/Thin,Confidence-inspiring,9,S,game-improvement
13.8,96.8,207,Hook,Forgiveness,Inconsistent,No preference,10.5,S,super-game-improvement
11.0,110.4,270,Slice,Accuracy,Inconsistent,Forged/Blade-like,8,X,blade
0.6,120.0,273,Fade,Accuracy,Consistent,No preference,8,X,blade
19.5,91.9,218,Fade,Accuracy,Inconsistent,Forged/Blade-like,10.5,R,players-cb
35.5,79.7,171,Fade,Forgiveness,Fat/Thin,No preference,12,A,super-game-improvement
21.1,93.1,218,Fade,Forgiveness,Left/Right,Confidence-inspiring,10.5,R,super-game-improvement
23.2,66.1,150,Slice,Forgiveness,Left/Right,Confidence-inspiring,10.5,L,super-game-improvement
13.3,99.8,242,Draw,Forgiveness,Consistent,Confidence-inspiring,10.5,S,game-improvement
14.8,103.1,239,Fade,Distance,Left/Right,Forged/Blade-like,9,S,blade
25.9,89.8,202,Draw,Forgiveness,Left/Right,Forged/Blade-like,12,S,game-improvement
35.1,85.6,186,Slice,Accuracy,Fat/Thin,Confidence-inspiring,12,R,super-game-improvement
30.4,84.9,202,Hook,Distance,Consistent,No preference,10.5,R,players-distance
24.2,69.6,161,Draw,Accuracy,Fat/Thin,Confidence-inspiring,12,L,super-game-improvement
17.3,110.9,243,Straight,Distance,Left/Right,No preference,8,X,players-distance
18.9,89.5,199,Slice,Distance,Fat/Thin,Confidence-inspiring,10.5,R,super-game-improvement
10.2,92.9,224,Straight,Distance,Left/Right,Forged/Blade-like,10.5,R,blade
4.0,116.9,294,Straight,Accuracy,Left/Right,No preference,8,X,players-cb
6.9,111.1,259,Straight,Accuracy,Inconsistent,No preference,8,X,players-distance
17.4,96.9,242,Straight,Accuracy,Fat/Thin,Confidence-inspiring,9,R,game-improvement
14.4,103.9,243,Draw,Accuracy,Consistent,Forged/Blade-like,9,S,players-cb
3.8,91.9,226,Straight,Accuracy,Left/Right,Confidence-inspiring,10.5,R,players-distance
16.7,93.8,204,Fade,Distance,Left/Right,Forged/Blade-like,10.5,R,blade
14.1,109.4,264,Straight,Forgiveness,Inconsistent,Forged/Blade-like,9,S,players-distance
6.4,94.9,223,Straight,Forgiveness,Consistent,No preference,10.5,R,game-improvement
13.7,86.7,195,Straight,Accuracy,Left/Right,No preference,10.5,R,players-distance
14.1,97.2,223,Slice,Distance,Left/Right,Confidence-inspiring,10.5,S,players-distance
11.5,99.2,245,Fade,Distance,Fat/Thin,No preference,10.5,S,players-cb
25.3,95.3,216,Straight,Accuracy,Fat/Thin,Confidence-inspiring,10.5,R,super-game-improvement
0.0,92.2,218,Straight,Distance,Left/Right,No preference,10.5,R,players-cb
0.0,80.5,192,Draw,Distance,Inconsistent,No preference,10.5,A,players-cb
17.0,103.7,251,Straight,Accuracy,Consistent,Confidence-inspiring,9,S,players-cb
17.9,83.0,188,Straight,Accuracy,Fat/Thin,Confidence-inspiring,10.5,A,game-improvement
20.6,85.9,200,Slice,Distance,Fat/Thin,No preference,10.5,S,super-game-improvement
12.1,75.9,185,Draw,Distance,Inconsistent,Confidence-inspiring,12,R,super-game-improvement
8.7,110.3,231,Straight,Distance,Consistent,Confidence-inspiring,8,X,players-cb
16.9,98.0,237,Straight,Forgiveness,Consistent,Forged/Blade-like,10.5,S,players-distance
13.0,100.3,226,Fade,Accuracy,Left/Right,No preference,8,S,players-distance
31.0,88.0,188,Fade,Forgiveness,Left/Right,Confidence-inspiring,10.5,S,super-game-improvement
14.1,75.8,190,Fade,Accuracy,Inconsistent,Forged/Blade-like,12,A,players-distance
16.5,84.9,208,Fade,Forgiveness,Fat/Thin,Confidence-inspiring,10.5,R,super-game-improvement
36.0,77.0,168,Fade,Distance,Fat/Thin,Confidence-inspiring,10.5,A,super-game-improvement
15.2,88.2,211,Straight,Forgiveness,Inconsistent,Confidence-inspiring,9,R,super-game-improvement
22.0,88.3,208,Fade,Accuracy,Fat/Thin,Forged/Blade-like,10.5,R,players-distance
22.8,93.0,222,Straight,Forgiveness,Fat/Thin,Confidence-inspiring,10.5,R,super-game-improvement
23.6,100.0,238,Hook,Distance,Inconsistent,Confidence-inspiring,9,S,game-improvement
19.6,77.9,178,Draw,Distance,Consistent,Confidence-inspiring,12,A,players-distance
18.7,93.2,206,Straight,Forgiveness,Inconsistent,Confidence-inspiring,10.5,R,super-game-improvement
17.9,100.9,229,Straight,Forgiveness,Inconsistent,No preference,12,S,super-game-improvement
11.8,88.7,209,Straight,Forgiveness,Consistent,Forged/Blade-like,10.5,R,players-cb
19.9,90.5,205,Hook,Forgiveness,Left/Right,Confidence-inspiring,10.5,R,super-game-improvement
35.3,86.7,176,Fade,Accuracy,Fat/Thin,No preference,9,R,super-game-improvement
27.9,87.1,195,Straight,Distance,Inconsistent,Confidence-inspiring,10.5,R,super-game-improvement
19.7,99.3,212,Straight,Distance,Inconsistent,No preference,9,S,game-improvement
24.7,90.2,202,Slice,Forgiveness,Fat/Thin,Confidence-inspiring,10.5,R,game-improvement
9.2,96.6,230,Straight,Accuracy,Inconsistent,No preference,8,R,players-distance
14.7,84.3,196,Draw,Forgiveness,Left/Right,Forged/Blade-like,10.5,R,players-distance
25.5,91.1,210,Straight,Forgiveness,Left/Right,No preference,10.5,R,super-game-improvement
30.4,86.3,194,Slice,Forgiveness,Inconsistent,Confidence-inspiring,10.5,R,super-game-improvement
10.1,89.2,230,Draw,Distance,Left/Right,Forged/Blade-like,10.5,R,players-cb
12.6,103.3,237,Fade,Distance,Fat/Thin,Forged/Blade-like,9,S,blade
36.0,94.2,203,Straight,Accuracy,Left/Right,Confidence-inspiring,10.5,R,super-game-improvement
17.9,87.2,202,Straight,Forgiveness,Inconsistent,Confidence-inspiring,10.5,R,super-game-improvement
33.4,76.0,165,Slice,Distance,Inconsistent,No preference,12,A,super-game-improvement
18.9,85.5,184,Straight,Forgiveness,Consistent,No preference,10.5,R,players-distance
19.2,76.2,163,Straight,Forgiveness,Inconsistent,Confidence-inspiring,12,A,super-game-improvement
14.3,116.3,270,Slice,Forgiveness,Left/Right,Forged/Blade-like,9,X,players-distance
25.5,84.2,173,Straight,Accuracy,Left/Right,No preference,10.5,R,super-game-improvement
29.2,77.6,167,Straight,Distance,Fat/Thin,Confidence-inspiring,12,A,super-game-improvement
7.7,89.5,207,Slice,Distance,Left/Right,Forged/Blade-like,10.5,R,players-cb
13.8,92.7,213,Draw,Accuracy,Left/Right,No preference,9,R,players-distance
25.2,81.9,192,Slice,Accuracy,Fat/Thin,No preference,12,A,super-game-improvement
15.8,109.6,243,Slice,Forgiveness,Inconsistent,Confidence-inspiring,9,X,super-game-improvement
12.6,84.9,206,Draw,Distance,Fat/Thin,Confidence-inspiring,9,R,game-improvement
26.1,72.9,156,Slice,Forgiveness,Left/Right,Confidence-inspiring,12,L,game-improvement
26.9,93.2,202,Slice,Forgiveness,Inconsistent,Confidence-inspiring,10.5,R,super-game-improvement
13.0,96.1,228,Slice,Forgiveness,Left/Right,No preference,10.5,R,super-game-improvement
18.9,90.9,205,Straight,Accuracy,Left/Right,No preference,12,R,players-distance
6.1,107.4,249,Straight,Accuracy,Left/Right,Forged/Blade-like,9,S,blade
8.9,101.3,237,Fade,Accuracy,Consistent,No preference,9,S,players-cb
18.1,93.2,197,Fade,Forgiveness,Fat/Thin,Forged/Blade-like,10.5,R,super-game-improvement
17.3,80.2,187,Slice,Accuracy,Left/Right,Forged/Blade-like,10.5,A,players-cb
8.3,83.7,171,Straight,Forgiveness,Consistent,Confidence-inspiring,10.5,A,game-improvement
10.6,91.8,224,Fade,Distance,Fat/Thin,Confidence-inspiring,9,R,game-improvement
7.4,90.1,220,Straight,Forgiveness,Left/Right,Forged/Blade-like,10.5,S,players-cb
21.1,94.3,228,Slice,Accuracy,Left/Right,Confidence-inspiring,10.5,R,super-game-improvement
0.0,88.0,235,Draw,Distance,Consistent,Forged/Blade-like,12,R,blade
7.9,96.2,237,Slice,Forgiveness,Consistent,Forged/Blade-like,10.5,R,players-cb
0.2,104.1,249,Draw,Accuracy,Consistent,Forged/Blade-like,9,S,blade
20.8,91.5,227,Slice,Forgiveness,Fat/Thin,No preference,10.5,R,super-game-improvement
0.8,109.4,256,Fade,Accuracy,Left/Right,No preference,8,S,players-distance
17.3,91.0,192,Slice,Distance,Fat/Thin,Confidence-inspiring,10.5,R,super-game-improvement
31.8,77.7,185,Slice,Accuracy,Inconsistent,Confidence-inspiring,12,A,super-game-improvement
32.1,96.6,214,Slice,Forgiveness,Fat/Thin,Confidence-inspiring,10.5,R,super-game-improvement
0.7,102.3,233,Straight,Forgiveness,Left/Right,Confidence-inspiring,9,S,players-distance
19.7,106.8,231,Draw,Accuracy,Fat/Thin,Forged/Blade-like,9,S,players-cb
8.1,97.2,236,Straight,Accuracy,Left/Right,No preference,9,R,players-distance
6.3,101.6,235,Fade,Forgiveness,Consistent,No preference,10.5,S,players-distance
16.0,93.7,210,Straight,Distance,Left/Right,No preference,10.5,R,players-distance
28.1,89.2,214,Hook,Distance,Inconsistent,Confidence-inspiring,10.5,R,super-game-improvement
22.4,86.6,214,Straight,Forgiveness,Fat/Thin,Confidence-inspiring,10.5,R,super-game-improvement
10.6,99.8,236,Straight,Accuracy,Left/Right,Confidence-inspiring,9,X,players-distance
23.3,105.5,235,Draw,Distance,Consistent,Confidence-inspiring,9,S,players-distance
0.0,116.5,294,Hook,Accuracy,Consistent,No preference,8,S,blade
10.2,109.6,253,Slice,Forgiveness,Left/Right,Confidence-inspiring,8,S,game-improvement
9.6,86.1,183,Straight,Accuracy,Consistent,No preference,10.5,R,players-distance
17.7,82.2,163,Fade,Accuracy,Consistent,No preference,10.5,A,players-cb
15.2,97.8,226,Straight,Distance,Inconsistent,Forged/Blade-like,9,S,players-cb
15.7,103.0,246,Draw,Accuracy,Inconsistent,Forged/Blade-like,9,R,players-cb
15.4,90.3,209,Slice,Distance,Left/Right,Confidence-inspiring,10.5,R,game-improvement
17.2,87.3,208,Straight,Forgiveness,Fat/Thin,No preference,10.5,R,game-improvement
21.9,105.0,245,Straight,Accuracy,Left/Right,Confidence-inspiring,9,S,game-improvement
18.3,100.4,242,Draw,Distance,Inconsistent,No preference,9,S,players-distance
14.4,106.8,249,Hook,Distance,Inconsistent,Confidence-inspiring,9,S,players-distance
20.6,87.6,201,Fade,Accuracy,Fat/Thin,Confidence-inspiring,12,R,super-game-improvement
24.4,84.2,187,Slice,Forgiveness,Inconsistent,Forged/Blade-like,10.5,R,game-improvement
12.0,107.3,249,Slice,Accuracy,Inconsistent,Confidence-inspiring,9,S,game-improvement
16.5,92.2,198,Slice,Accuracy,Fat/Thin,Forged/Blade-like,10.5,R,players-distance
27.5,81.2,189,Slice,Forgiveness,Inconsistent,Confidence-inspiring,12,L,game-improvement
7.1,92.0,216,Fade,Distance,Consistent,Forged/Blade-like,10.5,R,players-cb
33.2,78.3,164,Straight,Forgiveness,Inconsistent,Confidence-inspiring,12,A,super-game-improvement
4.9,111.4,263,Straight,Distance,Inconsistent,Forged/Blade-like,8,X,blade
13.9,81.5,177,Slice,Distance,Inconsistent,No preference,12,A,game-improvement
8.4,106.6,252,Hook,Accuracy,Consistent,Forged/Blade-like,9,S,players-cb
36.0,74.4,163,Draw,Accuracy,Left/Right,Confidence-inspiring,12,L,game-improvement
12.5,95.4,217,Straight,Accuracy,Inconsistent,Forged/Blade-like,10.5,R,players-cb
12.5,96.0,234,Draw,Accuracy,Fat/Thin,Confidence-inspiring,9,A,game-improvement
13.7,94.5,217,Slice,Forgiveness,Fat/Thin,No preference,10.5,R,game-improvement
17.9,91.0,194,Draw,Accuracy,Inconsistent,Confidence-inspiring,10.5,R,game-improvement
14.0,92.0,226,Slice,Accuracy,Left/Right,Confidence-inspiring,9,A,game-improvement
15.8,89.5,208,Straight,Accuracy,Consistent,No preference,12,R,players-cb
0.0,119.2,300,Draw,Forgiveness,Inconsistent,No preference,9,X,players-distance
17.5,94.4,224,Fade,Distance,Inconsistent,No preference,10.5,R,game-improvement
17.2,93.0,205,Fade,Accuracy,Consistent,Forged/Blade-like,10.5,S,players-distance
26.3,81.7,176,Straight,Accuracy,Inconsistent,Confidence-inspiring,12,A,game-improvement
28.8,82.3,190,Straight,Forgiveness,Fat/Thin,No preference,10.5,A,super-game-improvement
15.3,89.2,223,Fade,Distance,Inconsistent,Forged/Blade-like,10.5,R,players-cb
24.3,97.1,217,Hook,Forgiveness,Inconsistent,Confidence-inspiring,10.5,S,super-game-improvement
7.1,93.6,218,Hook,Accuracy,Left/Right,Forged/Blade-like,10.5,R,players-cb
23.9,67.3,166,Slice,Forgiveness,Consistent,Forged/Blade-like,12,L,game-improvement
11.8,98.6,225,Fade,Distance,Left/Right,Confidence-inspiring,9,S,players-distance
6.3,98.9,240,Hook,Accuracy,Consistent,No preference,9,S,players-cb
15.3,89.7,204,Slice,Forgiveness,Inconsistent,No preference,10.5,R,super-game-improvement
29.6,95.0,210,Hook,Forgiveness,Inconsistent,No preference,10.5,R,super-game-improvement
18.6,66.0,142,Draw,Accuracy,Fat/Thin,Confidence-inspiring,12,A,super-game-improvement
30.5,101.0,216,Draw,Distance,Inconsistent,Confidence-inspiring,10.5,S,super-game-improvement
10.3,109.5,252,Draw,Accuracy,Left/Right,No preference,9,S,players-cb
26.4,81.8,187,Straight,Forgiveness,Inconsistent,Confidence-inspiring,12,A,super-game-improvement
11.1,93.9,222,Slice,Distance,Inconsistent,No preference,12,R,players-distance
19.0,98.1,231,Straight,Accuracy,Inconsistent,Forged/Blade-like,9,S,players-cb
19.0,98.4,217,Straight,Forgiveness,Fat/Thin,Confidence-inspiring,10.5,S,super-game-improvement
23.0,84.0,187,Fade,Forgiveness,Inconsistent,No preference,10.5,R,super-game-improvement
19.3,76.7,180,Draw,Accuracy,Fat/Thin,No preference,12,A,game-improvement
10.3,120.0,291,Draw,Distance,Inconsistent,No preference,8,X,players-cb
24.9,98.6,206,Fade,Forgiveness,Inconsistent,Confidence-inspiring,10.5,S,super-game-improvement
32.6,85.4,187,Slice,Distance,Inconsistent,Confidence-inspiring,10.5,R,super-game-improvement
11.7,99.8,227,Straight,Distance,Left/Right,Confidence-inspiring,9,S,players-distance
0.5,111.9,282,Fade,Accuracy,Inconsistent,Confidence-inspiring,9,X,players-cb
21.5,98.8,240,Hook,Accuracy,Consistent,No preference,9,R,players-cb
14.0,75.6,152,Slice,Accuracy,Left/Right,No preference,12,A,players-distance
15.8,91.7,206,Fade,Distance,Inconsistent,No preference,10.5,R,game-improvement
22.0,86.5,197,Straight,Forgiveness,Inconsistent,Confidence-inspiring,10.5,R,super-game-improvement
12.9,95.6,223,Draw,Forgiveness,Inconsistent,Confidence-inspiring,10.5,R,game-improvement
14.6,103.8,249,Fade,Accuracy,Consistent,No preference,9,X,players-cb
16.1,77.2,179,Slice,Accuracy,Fat/Thin,No preference,12,A,super-game-improvement
30.2,72.0,152,Straight,Forgiveness,Fat/Thin,Confidence-inspiring,12,A,super-game-improvement
17.3,87.4,191,Straight,Accuracy,Inconsistent,No preference,9,R,game-improvement
5.9,103.5,237,Slice,Forgiveness,Consistent,No preference,9,S,players-cb
6.2,110.1,257,Fade,Distance,Fat/Thin,No preference,9,X,players-distance
18.3,109.9,246,Fade,Forgiveness,Inconsistent,Confidence-inspiring,9,S,game-improvement
6.8,98.5,239,Fade,Accuracy,Left/Right,Confidence-inspiring,9,S,players-distance
2.9,112.3,271,Slice,Accuracy,Consistent,Forged/Blade-like,8,X,blade
22.7,97.7,214,Slice,Forgiveness,Left/Right,Forged/Blade-like,10.5,S,game-improvement
23.2,95.6,205,Fade,Distance,Fat/Thin,Confidence-inspiring,10.5,R,super-game-improvement
13.7,96.4,218,Slice,Accuracy,Fat/Thin,No preference,9,R,players-distance
19.6,88.7,197,Fade,Accuracy,Fat/Thin,No preference,10.5,R,game-improvement
18.7,82.6,182,Draw,Forgiveness,Inconsistent,No preference,10.5,A,super-game-improvement
22.4,79.5,185,Fade,Forgiveness,Inconsistent,Confidence-inspiring,12,A,super-game-improvement
22.4,94.2,224,Slice,Forgiveness,Inconsistent,Confidence-inspiring,10.5,R,game-improvement
0.0,105.5,248,Draw,Distance,Left/Right,Forged/Blade-like,9,S,blade
14.8,91.8,223,Straight,Distance,Fat/Thin,No preference,10.5,R,game-improvement
21.7,97.9,227,Straight,Accuracy,Fat/Thin,Confidence-inspiring,9,S,super-game-improvement
13.3,95.0,223,Fade,Distance,Fat/Thin,No preference,12,R,game-improvement
17.3,85.1,209,Fade,Forgiveness,Consistent,Confidence-inspiring,10.5,S,game-improvement
23.8,87.2,193,Slice,Forgiveness,Inconsistent,Confidence-inspiring,10.5,R,super-game-improvement
17.7,102.2,238,Slice,Forgiveness,Left/Right,Confidence-inspiring,9,S,super-game-improvement
30.6,75.0,164,Slice,Forgiveness,Inconsistent,Confidence-inspiring,10.5,A,super-game-improvement
27.1,89.7,198,Hook,Distance,Fat/Thin,Confidence-inspiring,10.5,R,super-game-improvement
15.9,94.6,222,Slice,Accuracy,Left/Right,Confidence-inspiring,10.5,R,game-improvement
15.2,88.1,204,Straight,Distance,Left/Right,Confidence-inspiring,10.5,R,game-improvement
0.0,103.1,257,Draw,Forgiveness,Left/Right,Forged/Blade-like,9,S,players-cb
14.1,80.7,181,Fade,Accuracy,Left/Right,Confidence-inspiring,12,A,game-improvement
4.8,103.8,244,Straight,Distance,Fat/Thin,No preference,10.5,S,players-cb
19.0,79.4,175,Straight,Forgiveness,Fat/Thin,No preference,10.5,A,super-game-improvement
18.4,104.2,235,Draw,Forgiveness,Fat/Thin,Confidence-inspiring,9,S,super-game-improvement
23.3,89.2,209,Hook,Forgiveness,Inconsistent,Confidence-inspiring,12,R,super-game-improvement
29.6,80.2,171,Fade,Accuracy,Inconsistent,Confidence-inspiring,12,A,super-game-improvement
16.8,106.2,250,Straight,Forgiveness,Consistent,No preference,9,X,players-distance
36.0,71.2,154,Slice,Forgiveness,Fat/Thin,No preference,10.5,L,super-game-improvement
19.1,85.5,191,Straight,Forgiveness,Fat/Thin,No preference,10.5,R,super-game-improvement
5.2,84.2,214,Straight,Accuracy,Consistent,Forged/Blade-like,9,R,blade
11.9,111.0,267,Slice,Distance,Left/Right,Confidence-inspiring,9,X,players-distance
13.6,115.5,269,Hook,Forgiveness,Inconsistent,Confidence-inspiring,9,X,game-improvement
22.3,74.1,166,Fade,Accuracy,Inconsistent,Confidence-inspiring,10.5,A,super-game-improvement
8.5,92.1,219,Fade,Forgiveness,Consistent,No preference,10.5,R,game-improvement
14.3,97.0,211,Straight,Accuracy,Inconsistent,No preference,9,R,game-improvement
15.6,90.2,201,Straight,Accuracy,Fat/Thin,Confidence-inspiring,10.5,S,game-improvement
13.0,96.8,230,Straight,Accuracy,Fat/Thin,Confidence-inspiring,9,R,game-improvement
24.3,88.3,183,Draw,Forgiveness,Left/Right,No preference,12,R,super-game-improvement
22.8,94.6,206,Straight,Forgiveness,Fat/Thin,Confidence-inspiring,10.5,A,super-game-improvement
27.5,77.7,168,Hook,Forgiveness,Fat/Thin,No preference,12,A,game-improvement
14.0,98.4,255,Straight,Distance,Fat/Thin,Confidence-inspiring,9,S,game-improvement
27.8,75.9,173,Slice,Forgiveness,Inconsistent,Confidence-inspiring,12,A,super-game-improvement
4.7,98.7,248,Draw,Accuracy,Consistent,Confidence-inspiring,8,S,blade
4.5,85.6,199,Straight,Forgiveness,Left/Right,Forged/Blade-like,10.5,R,players-cb
6.1,97.8,237,Straight,Forgiveness,Inconsistent,Forged/Blade-like,10.5,S,players-distance
17.1,88.6,188,Hook,Distance,Left/Right,Confidence-inspiring,10.5,R,players-distance
27.8,96.5,209,Fade,Distance,Left/Right,Confidence-inspiring,10.5,R,super-game-improvement
11.6,97.5,233,Slice,Accuracy,Left/Right,Forged/Blade-like,9,S,players-cb
12.7,98.6,218,Draw,Accuracy,Left/Right,Confidence-inspiring,9,X,super-game-improvement
15.1,95.5,225,Slice,Accuracy,Fat/Thin,Confidence-inspiring,10.5,R,super-game-improvement
22.2,69.6,161,Slice,Forgiveness,Inconsistent,No preference,12,L,super-game-improvement
12.7,77.4,175,Draw,Forgiveness,Fat/Thin,Forged/Blade-like,12,A,game-improvement
12.2,94.5,214,Slice,Forgiveness,Inconsistent,Forged/Blade-like,10.5,A,game-improvement
4.9,105.5,247,Fade,Distance,Consistent,Forged/Blade-like,9,S,blade
11.9,95.6,221,Draw,Forgiveness,Inconsistent,Confidence-inspiring,10.5,R,game-improvement
27.6,78.6,170,Slice,Accuracy,Inconsistent,Confidence-inspiring,12,A,super-game-improvement
17.8,91.5,214,Straight,Accuracy,Left/Right,No preference,10.5,R,players-distance
10.3,95.7,221,Draw,Distance,Fat/Thin,Forged/Blade-like,10.5,R,players-cb
28.1,94.7,222,Draw,Forgiveness,Inconsistent,Forged/Blade-like,10.5,R,game-improvement
11.7,105.3,261,Fade,Distance,Inconsistent,Confidence-inspiring,9,S,players-cb
29.8,80.2,177,Hook,Forgiveness,Fat/Thin,Confidence-inspiring,12,R,super-game-improvement
29.6,85.4,183,Slice,Accuracy,Consistent,No preference,10.5,R,game-improvement
17.5,96.9,217,Fade,Distance,Left/Right,Confidence-inspiring,9,R,game-improvement
3.5,107.9,264,Straight,Accuracy,Fat/Thin,Forged/Blade-like,9,S,blade
36.0,98.0,213,Fade,Accuracy,Left/Right,Confidence-inspiring,10.5,S,super-game-improvement
20.5,91.8,206,Slice,Forgiveness,Left/Right,No preference,10.5,R,super-game-improvement
14.1,108.1,248,Fade,Distance,Left/Right,Forged/Blade-like,8,S,players-cb
25.6,77.0,174,Slice,Distance,Left/Right,Confidence-inspiring,12,A,super-game-improvement
23.3,83.8,188,Slice,Accuracy,Inconsistent,Confidence-inspiring,10.5,A,super-game-improvement
28.8,65.1,137,Fade,Forgiveness,Fat/Thin,Confidence-inspiring,12,L,game-improvement
11.0,100.0,236,Straight,Accuracy,Inconsistent,Confidence-inspiring,9,R,game-improvement
19.9,98.9,219,Straight,Distance,Left/Right,Forged/Blade-like,9,S,players-distance
6.3,76.2,176,Slice,Accuracy,Fat/Thin,Forged/Blade-like,12,A,players-distance
23.0,92.2,207,Hook,Forgiveness,Fat/Thin,Confidence-inspiring,10.5,R,super-game-improvement
16.8,100.6,226,Fade,Distance,Left/Right,No preference,9,S,players-distance
19.5,98.2,217,Fade,Forgiveness,Consistent,Forged/Blade-like,10.5,S,players-cb
15.7,83.4,202,Straight,Distance,Left/Right,Forged/Blade-like,10.5,A,players-cb
14.7,103.7,237,Straight,Accuracy,Consistent,Forged/Blade-like,9,S,players-distance
9.2,99.8,253,Fade,Distance,Left/Right,Confidence-inspiring,9,S,players-distance
24.1,95.5,219,Hook,Forgiveness,Left/Right,Confidence-inspiring,10.5,R,super-game-improvement
30.4,84.1,176,Slice,Forgiveness,Consistent,Confidence-inspiring,10.5,R,super-game-improvement
12.0,101.7,249,Fade,Accuracy,Consistent,Confidence-inspiring,9,S,players-cb
22.0,102.1,223,Slice,Accuracy,Left/Right,No preference,9,S,game-improvement
20.9,89.7,221,Straight,Forgiveness,Fat/Thin,Confidence-inspiring,10.5,R,game-improvement
17.1,97.2,225,Draw,Distance,Left/Right,No preference,10.5,S,players-distance
3.3,116.3,286,Straight,Accuracy,Left/Right,Forged/Blade-like,8,X,blade
5.3,101.1,243,Draw,Distance,Consistent,Confidence-inspiring,9,S,players-cb
10.0,87.9,210,Straight,Forgiveness,Fat/Thin,Confidence-inspiring,10.5,R,super-game-improvement
0.0,112.8,274,Draw,Distance,Consistent,Forged/Blade-like,8,X,blade
29.7,100.2,210,Straight,Distance,Left/Right,Confidence-inspiring,10.5,S,super-game-improvement
20.3,105.1,241,Slice,Forgiveness,Inconsistent,Confidence-inspiring,9,S,super-game-improvement
16.7,101.8,243,Hook,Distance,Fat/Thin,No preference,9,S,game-improvement
0.0,82.6,192,Slice,Accuracy,Consistent,Forged/Blade-like,10.5,A,blade
0.6,99.2,256,Straight,Accuracy,Left/Right,No preference,9,S,players-cb
17.0,88.6,209,Fade,Distance,Inconsistent,Confidence-inspiring,10.5,R,game-improvement
34.7,82.9,173,Slice,Forgiveness,Left/Right,Confidence-inspiring,10.5,A,super-game-improvement
10.7,115.6,268,Draw,Accuracy,Fat/Thin,Forged/Blade-like,8,X,players-cb
24.8,78.3,191,Draw,Distance,Inconsistent,Forged/Blade-like,12,A,players-distance
12.7,119.8,288,Draw,Forgiveness,Left/Right,Forged/Blade-like,9,X,players-cb
17.5,90.3,217,Slice,Forgiveness,Inconsistent,No preference,10.5,R,super-game-improvement
27.9,79.4,172,Fade,Forgiveness,Inconsistent,Confidence-inspiring,12,A,super-game-improvement
13.9,105.0,249,Slice,Distance,Left/Right,Confidence-inspiring,9,S,game-improvement
10.8,107.9,257,Hook,Forgiveness,Fat/Thin,No preference,9,S,players-distance
29.8,92.2,200,Draw,Accuracy,Inconsistent,Confidence-inspiring,10.5,R,super-game-improvement
17.4,86.5,199,Straight,Forgiveness,Fat/Thin,No preference,10.5,R,super-game-improvement
26.8,92.8,215,Fade,Forgiveness,Left/Right,Forged/Blade-like,10.5,R,game-improvement
10.8,88.3,222,Slice,Distance,Fat/Thin,Confidence-inspiring,12,S,game-improvement
29.7,77.8,168,Straight,Distance,Inconsistent,No preference,12,R,super-game-improvement
19.5,91.8,197,Slice,Distance,Left/Right,Confidence-inspiring,10.5,R,game-improvement
20.9,83.6,204,Slice,Accuracy,Consistent,Confidence-inspiring,12,A,game-improvement
18.2,104.2,253,Slice,Accuracy,Left/Right,No preference,9,S,players-distance
12.5,91.7,218,Hook,Distance,Consistent,No preference,10.5,R,players-cb
17.0,92.2,228,Slice,Forgiveness,Fat/Thin,Forged/Blade-like,10.5,R,game-improvement
13.0,88.4,209,Draw,Accuracy,Consistent,Confidence-inspiring,10.5,R,players-distance
25.6,99.0,212,Straight,Forgiveness,Inconsistent,Confidence-inspiring,10.5,X,super-game-improvement
15.2,89.0,194,Slice,Forgiveness,Left/Right,Confidence-inspiring,10.5,R,super-game-improvement
3.5,115.0,266,Slice,Accuracy,Left/Right,No preference,8,X,players-cb
1.9,115.4,281,Draw,Accuracy,Left/Right,Forged/Blade-like,8,X,blade
1.5,100.5,241,Slice,Distance,Inconsistent,Confidence-inspiring,9,S,players-distance
22.6,90.9,199,Hook,Forgiveness,Fat/Thin,No preference,10.5,R,super-game-improvement
6.6,96.8,230,Straight,Accuracy,Fat/Thin,No preference,9,R,players-distance
19.7,98.1,231,Slice,Distance,Left/Right,No preference,9,S,game-improvement
18.2,91.7,205,Draw,Accuracy,Consistent,Confidence-inspiring,10.5,R,players-distance
16.4,90.7,202,Straight,Forgiveness,Left/Right,Confidence-inspiring,10.5,R,super-game-improvement
20.9,92.2,204,Slice,Forgiveness,Fat/Thin,Confidence-inspiring,10.5,R,super-game-improvement
18.4,77.7,186,Draw,Accuracy,Inconsistent,No preference,12,A,players-distance
0.0,105.2,257,Draw,Distance,Left/Right,No preference,9,S,players-cb
14.1,102.9,242,Fade,Forgiveness,Left/Right,No preference,10.5,X,game-improvement
20.8,93.2,225,Slice,Forgiveness,Left/Right,Confidence-inspiring,9,R,super-game-improvement
31.8,93.9,229,Fade,Forgiveness,Fat/Thin,Confidence-inspiring,10.5,R,super-game-improvement
32.2,80.3,179,Draw,Forgiveness,Inconsistent,Confidence-inspiring,12,A,super-game-improvement
4.7,98.2,241,Straight,Distance,Left/Right,No preference,9,S,players-cb
13.9,85.4,188,Slice,Accuracy,Consistent,Confidence-inspiring,10.5,R,players-distance
2.9,100.0,246,Fade,Accuracy,Inconsistent,Confidence-inspiring,9,S,players-cb
30.7,104.8,228,Draw,Forgiveness,Inconsistent,Confidence-inspiring,10.5,S,super-game-improvement
26.1,91.0,210,Straight,Accuracy,Inconsistent,Confidence-inspiring,9,R,super-game-improvement
20.2,86.4,192,Slice,Accuracy,Inconsistent,Confidence-inspiring,12,R,super-game-improvement
18.5,83.4,192,Straight,Forgiveness,Fat/Thin,Confidence-inspiring,10.5,A,game-improvement
29.4,70.0,158,Slice,Accuracy,Left/Right,Confidence-inspiring,12,L,super-game-improvement
27.9,78.7,190,Slice,Accuracy,Left/Right,No preference,12,A,game-improvement
27.4,95.0,223,Straight,Forgiveness,Fat/Thin,Forged/Blade-like,10.5,R,game-improvement
21.1,87.4,209,Straight,Distance,Inconsistent,Confidence-inspiring,9,R,super-game-improvement
13.9,87.0,209,Straight,Accuracy,Fat/Thin,Confidence-inspiring,10.5,S,game-improvement
23.9,81.3,178,Slice,Distance,Fat/Thin,No preference,12,A,super-game-improvement
24.3,96.0,221,Fade,Forgiveness,Fat/Thin,Forged/Blade-like,10.5,R,game-improvement
15.3,94.8,212,Draw,Distance,Fat/Thin,No preference,10.5,R,players-distance
13.8,90.3,208,Slice,Accuracy,Fat/Thin,No preference,10.5,R,game-improvement
27.2,84.4,202,Straight,Accuracy,Fat/Thin,Confidence-inspiring,10.5,R,super-game-improvement
32.0,106.3,235,Slice,Forgiveness,Fat/Thin,Confidence-inspiring,10.5,S,super-game-improvement
10.3,111.2,264,Straight,Distance,Left/Right,Forged/Blade-like,8,X,players-cb
14.6,110.8,260,Slice,Forgiveness,Fat/Thin,Forged/Blade-like,9,X,players-distance
20.2,74.7,169,Straight,Forgiveness,Fat/Thin,Confidence-inspiring,12,A,super-game-improvement
21.4,89.9,184,Fade,Accuracy,Inconsistent,No preference,10.5,R,super-game-improvement
12.3,91.2,202,Fade,Distance,Left/Right,Forged/Blade-like,10.5,R,players-cb
34.0,88.3,195,Slice,Accuracy,Fat/Thin,Confidence-inspiring,10.5,R,super-game-improvement
20.8,102.5,224,Fade,Forgiveness,Left/Right,No preference,9,S,game-improvement
21.8,94.4,212,Slice,Distance,Left/Right,Confidence-inspiring,10.5,R,super-game-improvement
32.8,75.0,151,Slice,Accuracy,Fat/Thin,Confidence-inspiring,12,A,super-game-improvement
13.0,90.5,205,Straight,Forgiveness,Inconsistent,Forged/Blade-like,10.5,R,players-distance
16.2,101.2,233,Draw,Distance,Inconsistent,Confidence-inspiring,9,S,game-improvement
5.7,109.3,270,Fade,Distance,Left/Right,No preference,8,S,players-cb
15.4,96.9,234,Fade,Forgiveness,Inconsistent,Forged/Blade-like,10.5,R,players-distance
3.6,104.8,247,Straight,Distance,Consistent,No preference,9,S,blade
23.7,90.4,205,Straight,Accuracy,Fat/Thin,No preference,10.5,R,game-improvement
20.8,94.5,201,Slice,Forgiveness,Fat/Thin,Confidence-inspiring,10.5,R,game-improvement
14.5,103.3,240,Slice,Distance,Fat/Thin,Confidence-inspiring,9,S,super-game-improvement
16.1,101.4,242,Straight,Accuracy,Fat/Thin,No preference,9,S,game-improvement
23.9,90.0,201,Slice,Forgiveness,Fat/Thin,Confidence-inspiring,10.5,R,super-game-improvement
6.8,100.9,253,Straight,Accuracy,Consistent,Forged/Blade-like,9,S,blade
18.8,92.3,218,Straight,Distance,Fat/Thin,No preference,10.5,R,game-improvement
23.3,82.4,187,Straight,Accuracy,Inconsistent,No preference,10.5,A,super-game-improvement
1.0,97.4,236,Straight,Forgiveness,Left/Right,Forged/Blade-like,10.5,S,players-cb
23.2,95.7,210,Slice,Distance,Inconsistent,Confidence-inspiring,10.5,R,super-game-improvement
1.9,97.6,224,Fade,Accuracy,Left/Right,Forged/Blade-like,9,S,blade
15.9,103.3,227,Hook,Accuracy,Inconsistent,Forged/Blade-like,9,S,players-cb
6.5,101.1,251,Fade,Distance,Consistent,Forged/Blade-like,9,S,blade
29.9,93.9,218,Slice,Distance,Left/Right,Confidence-inspiring,10.5,R,game-improvement
6.6,107.9,248,Fade,Accuracy,Inconsistent,Forged/Blade-like,9,R,players-cb
2.1,113.0,275,Hook,Distance,Consistent,Confidence-inspiring,8,X,blade
18.2,88.9,189,Fade,Forgiveness,Fat/Thin,No preference,12,R,super-game-improvement
13.3,101.0,227,Draw,Forgiveness,Consistent,No preference,10.5,X,players-distance
3.5,111.0,271,Fade,Forgiveness,Consistent,Confidence-inspiring,10.5,X,players-cb
21.7,75.7,166,Fade,Forgiveness,Left/Right,Confidence-inspiring,12,A,game-improvement
0.0,120.0,277,Straight,Forgiveness,Consistent,No preference,9,X,players-cb
7.7,120.0,301,Hook,Forgiveness,Consistent,Forged/Blade-like,9,X,players-cb
11.8,107.4,251,Straight,Forgiveness,Fat/Thin,No preference,9,X,game-improvement
24.2,97.6,208,Hook,Forgiveness,Inconsistent,Confidence-inspiring,10.5,S,game-improvement
28.7,92.4,204,Hook,Forgiveness,Left/Right,Confidence-inspiring,10.5,S,super-game-improvement
26.9,84.5,186,Draw,Forgiveness,Left/Right,Confidence-inspiring,10.5,S,game-improvement
15.6,94.3,222,Slice,Forgiveness,Left/Right,Forged/Blade-like,12,S,players-distance
0.0,115.6,280,Straight,Accuracy,Consistent,No preference,8,S,blade
20.5,82.3,189,Slice,Distance,Left/Right,No preference,10.5,A,game-improvement
30.2,74.9,172,Slice,Forgiveness,Fat/Thin,Confidence-inspiring,12,A,game-improvement
28.1,82.9,170,Hook,Forgiveness,Left/Right,Confidence-inspiring,10.5,A,game-improvement
21.2,98.1,215,Draw,Forgiveness,Left/Right,No preference,10.5,S,game-improvement
6.3,93.1,230,Fade,Accuracy,Left/Right,Forged/Blade-like,10.5,R,blade
12.3,95.4,218,Straight,Accuracy,Left/Right,No preference,9,R,players-distance
34.4,81.5,174,Fade,Accuracy,Inconsistent,Confidence-inspiring,12,A,super-game-improvement
4.2,93.0,220,Straight,Accuracy,Consistent,No preference,10.5,R,blade
6.7,77.0,180,Straight,Accuracy,Consistent,No preference,12,A,players-cb
25.5,78.4,170,Hook,Forgiveness,Consistent,Confidence-inspiring,12,A,super-game-improvement
13.1,99.7,221,Draw,Accuracy,Left/Right,No preference,9,S,players-distance
6.4,106.5,259,Hook,Distance,Left/Right,No preference,9,S,players-cb
30.8,90.0,205,Slice,Distance,Fat/Thin,Confidence-inspiring,10.5,R,super-game-improvement
21.1,97.7,219,Straight,Distance,Left/Right,Forged/Blade-like,9,S,players-distance
13.6,90.5,219,Straight,Forgiveness,Left/Right,No preference,10.5,R,super-game-improvement
6.7,93.0,218,Draw,Accuracy,Left/Right,Forged/Blade-like,10.5,R,players-cb
35.4,85.7,178,Draw,Accuracy,Left/Right,Confidence-inspiring,12,R,super-game-improvement
16.8,92.5,216,Fade,Forgiveness,Consistent,Forged/Blade-like,10.5,R,blade
29.6,94.9,211,Straight,Forgiveness,Left/Right,Confidence-inspiring,10.5,R,super-game-improvement
25.0,92.8,205,Draw,Forgiveness,Left/Right,Confidence-inspiring,10.5,R,super-game-improvement
12.3,110.5,265,Draw,Forgiveness,Consistent,No preference,9,X,players-distance
12.4,92.9,206,Slice,Forgiveness,Fat/Thin,No preference,10.5,R,super-game-improvement
30.0,96.3,207,Slice,Accuracy,Fat/Thin,No preference,10.5,S,super-game-improvement
30.2,105.8,239,Hook,Forgiveness,Left/Right,Confidence-inspiring,10.5,S,super-game-improvement
0.1,106.5,269,Straight,Distance,Left/Right,No preference,9,S,players-cb
21.9,96.1,224,Slice,Forgiveness,Inconsistent,Confidence-inspiring,10.5,R,super-game-improvement
15.9,85.9,207,Straight,Distance,Left/Right,Forged/Blade-like,10.5,R,players-cb
7.7,109.7,258,Fade,Forgiveness,Consistent,No preference,9,S,players-cb
19.4,104.1,222,Straight,Distance,Left/Right,Forged/Blade-like,9,S,players-cb
4.9,97.7,233,Hook,Accuracy,Left/Right,Forged/Blade-like,9,X,blade
12.8,103.2,247,Slice,Distance,Left/Right,Forged/Blade-like,9,S,players-cb
9.8,102.1,248,Draw,Distance,Consistent,Forged/Blade-like,9,S,players-distance
12.5,101.4,232,Fade,Distance,Inconsistent,Confidence-inspiring,9,S,game-improvement
16.4,103.0,228,Straight,Accuracy,Consistent,Forged/Blade-like,9,S,players-cb
7.9,105.8,244,Draw,Accuracy,Consistent,No preference,9,S,players-cb
31.2,83.4,176,Straight,Forgiveness,Left/Right,No preference,10.5,A,super-game-improvement
21.4,99.8,208,Straight,Forgiveness,Fat/Thin,Forged/Blade-like,10.5,S,game-improvement
33.2,94.5,199,Slice,Forgiveness,Inconsistent,Confidence-inspiring,10.5,R,super-game-improvement
15.6,89.9,208,Straight,Accuracy,Inconsistent,Forged/Blade-like,10.5,S,players-cb
12.1,97.8,228,Fade,Forgiveness,Fat/Thin,Confidence-inspiring,10.5,S,super-game-improvement
32.8,66.0,139,Slice,Distance,Fat/Thin,Confidence-inspiring,12,A,super-game-improvement
11.8,103.8,237,Hook,Accuracy,Left/Right,No preference,9,S,players-cb
15.4,107.8,244,Fade,Accuracy,Inconsistent,No preference,9,S,players-distance
23.5,87.4,191,Slice,Forgiveness,Fat/Thin,Confidence-inspiring,10.5,A,super-game-improvement
5.9,103.3,254,Straight,Accuracy,Consistent,No preference,9,S,blade
23.4,87.9,197,Slice,Accuracy,Fat/Thin,Confidence-inspiring,10.5,R,super-game-improvement
22.3,87.0,224,Fade,Accuracy,Fat/Thin,Confidence-inspiring,10.5,R,super-game-improvement
28.4,89.0,192,Straight,Forgiveness,Inconsistent,Confidence-inspiring,10.5,R,super-game-improvement
25.0,81.2,185,Hook,Forgiveness,Inconsistent,No preference,12,A,super-game-improvement
28.7,84.1,182,Draw,Forgiveness,Left/Right,Confidence-inspiring,10.5,R,game-improvement
16.0,86.1,196,Draw,Distance,Left/Right,Forged/Blade-like,10.5,R,players-cb
9.2,105.6,264,Straight,Accuracy,Consistent,Forged/Blade-like,9,S,players-cb
36.0,83.9,187,Fade,Accuracy,Inconsistent,Confidence-inspiring,10.5,A,super-game-improvement
3.3,99.4,225,Fade,Distance,Consistent,Forged/Blade-like,9,S,blade
4.2,103.5,240,Draw,Forgiveness,Left/Right,Confidence-inspiring,9,S,players-distance
22.1,88.8,199,Draw,Forgiveness,Inconsistent,Confidence-inspiring,10.5,R,super-game-improvement
31.6,96.0,203,Fade,Forgiveness,Fat/Thin,Confidence-inspiring,10.5,R,super-game-improvement
18.7,88.9,189,Fade,Distance,Left/Right,Confidence-inspiring,10.5,R,game-improvement
26.0,94.7,211,Fade,Accuracy,Left/Right,Confidence-inspiring,10.5,R,super-game-improvement
0.0,98.9,225,Draw,Distance,Fat/Thin,No preference,9,S,players-cb
12.5,105.6,248,Fade,Accuracy,Fat/Thin,Confidence-inspiring,9,S,game-improvement
0.1,116.3,291,Draw,Distance,Inconsistent,No preference,8,X,players-cb
24.0,100.5,232,Slice,Forgiveness,Fat/Thin,Confidence-inspiring,10.5,S,super-game-improvement
3.1,118.6,286,Draw,Distance,Left/Right,No preference,8,S,players-cb
5.5,105.2,266,Fade,Distance,Consistent,No preference,9,R,blade
21.6,103.7,237,Straight,Accuracy,Left/Right,No preference,9,S,players-distance
26.6,104.2,238,Hook,Forgiveness,Left/Right,Confidence-inspiring,10.5,S,super-game-improvement
15.6,84.2,188,Draw,Distance,Left/Right,Forged/Blade-like,10.5,R,players-cb
22.1,84.9,205,Hook,Forgiveness,Fat/Thin,No preference,10.5,R,super-game-improvement
21.8,76.2,172,Straight,Forgiveness,Inconsistent,Confidence-inspiring,12,A,super-game-improvement
15.1,106.3,260,Fade,Accuracy,Inconsistent,Confidence-inspiring,9,R,game-improvement
7.1,86.1,218,Straight,Accuracy,Inconsistent,Forged/Blade-like,10.5,R,players-cb
22.1,73.2,167,Draw,Forgiveness,Inconsistent,Confidence-inspiring,12,A,super-game-improvement
22.5,79.7,183,Slice,Accuracy,Fat/Thin,Confidence-inspiring,12,A,super-game-improvement
25.0,71.6,158,Straight,Accuracy,Fat/Thin,Confidence-inspiring,12,L,super-game-improvement
19.8,95.3,209,Hook,Accuracy,Inconsistent,Forged/Blade-like,10.5,R,players-cb
6.5,90.7,222,Straight,Accuracy,Consistent,Confidence-inspiring,10.5,R,players-cb
23.2,73.3,169,Fade,Forgiveness,Fat/Thin,Confidence-inspiring,12,A,super-game-improvement
17.0,94.0,201,Fade,Forgiveness,Left/Right,Forged/Blade-like,10.5,S,players-distance
12.7,97.5,227,Slice,Distance,Inconsistent,Confidence-inspiring,10.5,S,super-game-improvement
14.3,77.6,188,Fade,Distance,Consistent,Confidence-inspiring,12,A,players-distance
10.8,91.5,228,Draw,Distance,Left/Right,Forged/Blade-like,10.5,A,players-cb
25.0,88.3,203,Slice,Accuracy,Fat/Thin,No preference,10.5,A,super-game-improvement
4.2,99.6,227,Straight,Distance,Inconsistent,No preference,9,S,players-cb
8.1,97.2,222,Hook,Distance,Consistent,Forged/Blade-like,9,S,players-cb
14.0,108.3,249,Straight,Forgiveness,Consistent,Confidence-inspiring,9,S,players-distance
31.5,106.0,242,Straight,Forgiveness,Fat/Thin,No preference,10.5,S,super-game-improvement
26.5,84.8,182,Draw,Forgiveness,Inconsistent,Confidence-inspiring,10.5,R,super-game-improvement
2.2,91.3,231,Draw,Accuracy,Consistent,Forged/Blade-like,9,R,blade
29.2,83.8,178,Slice,Accuracy,Inconsistent,Forged/Blade-like,10.5,A,super-game-improvement
29.1,88.2,198,Slice,Accuracy,Inconsistent,No preference,10.5,R,super-game-improvement
6.4,101.1,233,Fade,Accuracy,Consistent,Forged/Blade-like,8,S,blade
0.0,112.1,273,Straight,Distance,Left/Right,Forged/Blade-like,8,X,blade
16.4,117.0,259,Slice,Forgiveness,Left/Right,Forged/Blade-like,9,X,players-distance
27.1,70.4,168,Slice,Distance,Fat/Thin,Forged/Blade-like,12,L,game-improvement
31.3,79.6,166,Slice,Accuracy,Left/Right,No preference,12,A,super-game-improvement
9.2,115.2,259,Slice,Distance,Left/Right,Forged/Blade-like,8,X,players-cb
32.8,78.5,155,Slice,Accuracy,Inconsistent,Confidence-inspiring,12,A,super-game-improvement
0.0,113.9,278,Draw,Accuracy,Consistent,Forged/Blade-like,8,X,blade
13.7,103.0,236,Fade,Accuracy,Consistent,No preference,9,S,players-cb
13.2,109.4,261,Fade,Forgiveness,Left/Right,Confidence-inspiring,9,S,game-improvement
27.4,106.5,233,Slice,Forgiveness,Left/Right,No preference,10.5,S,super-game-improvement
28.7,89.8,207,Draw,Forgiveness,Fat/Thin,Confidence-inspiring,10.5,R,super-game-improvement
25.6,71.1,154,Fade,Distance,Left/Right,Confidence-inspiring,12,L,super-game-improvement
4.8,95.7,240,Fade,Distance,Consistent,Confidence-inspiring,10.5,R,players-cb
24.8,111.0,239,Slice,Accuracy,Fat/Thin,No preference,10.5,X,game-improvement
21.6,77.2,161,Slice,Distance,Fat/Thin,Confidence-inspiring,12,A,super-game-improvement
2.0,109.6,259,Straight,Forgiveness,Consistent,Forged/Blade-like,9,S,blade
0.0,80.9,188,Straight,Accuracy,Left/Right,Forged/Blade-like,12,A,blade
26.3,74.6,154,Slice,Distance,Fat/Thin,Confidence-inspiring,12,A,super-game-improvement
15.4,104.4,245,Draw,Forgiveness,Fat/Thin,Confidence-inspiring,9,S,super-game-improvement
5.4,102.7,244,Fade,Distance,Consistent,Forged/Blade-like,9,S,blade
15.1,92.0,214,Straight,Distance,Fat/Thin,Confidence-inspiring,10.5,R,game-improvement
20.3,84.1,195,Straight,Forgiveness,Fat/Thin,No preference,12,R,super-game-improvement
16.3,75.0,158,Fade,Forgiveness,Fat/Thin,No preference,12,A,super-game-improvement
3.0,110.9,274,Hook,Distance,Left/Right,No preference,8,X,players-cb
34.0,80.0,161,Slice,Accuracy,Consistent,Confidence-inspiring,12,A,super-game-improvement
26.0,73.1,157,Straight,Forgiveness,Left/Right,Confidence-inspiring,12,A,super-game-improvement
14.0,96.8,208,Straight,Accuracy,Fat/Thin,Confidence-inspiring,9,S,game-improvement
14.3,102.1,243,Draw,Distance,Fat/Thin,No preference,9,S,players-distance
20.2,90.3,190,Slice,Forgiveness,Inconsistent,Forged/Blade-like,10.5,R,game-improvement
6.8,102.5,234,Straight,Accuracy,Fat/Thin,Forged/Blade-like,9,S,players-cb
19.9,92.8,201,Straight,Accuracy,Fat/Thin,No preference,10.5,R,game-improvement
5.0,95.5,229,Draw,Forgiveness,Consistent,No preference,10.5,R,players-cb
16.4,95.4,218,Draw,Forgiveness,Inconsistent,Forged/Blade-like,10.5,R,players-distance
6.5,108.9,268,Fade,Accuracy,Consistent,No preference,8,S,players-cb
6.9,111.7,266,Slice,Accuracy,Inconsistent,No preference,8,S,players-distance
31.8,92.3,208,Fade,Forgiveness,Inconsistent,Confidence-inspiring,10.5,R,game-improvement
17.5,87.3,204,Fade,Accuracy,Fat/Thin,Confidence-inspiring,10.5,R,game-improvement
18.9,99.5,218,Slice,Distance,Left/Right,Confidence-inspiring,9,S,players-distance
0.0,110.7,265,Hook,Accuracy,Inconsistent,No preference,8,X,players-cb
11.6,91.0,227,Slice,Distance,Left/Right,Confidence-inspiring,10.5,R,game-improvement
21.2,86.9,207,Straight,Forgiveness,Left/Right,Confidence-inspiring,10.5,A,super-game-improvement
18.7,100.1,236,Draw,Distance,Inconsistent,Confidence-inspiring,9,S,game-improvement
0.0,119.8,302,Straight,Accuracy,Fat/Thin,Forged/Blade-like,8,X,players-cb
18.9,75.0,175,Hook,Distance,Consistent,Confidence-inspiring,12,R,players-distance
20.3,108.6,249,Draw,Distance,Inconsistent,Confidence-inspiring,9,S,game-improvement
28.6,98.2,216,Slice,Forgiveness,Inconsistent,Confidence-inspiring,12,S,super-game-improvement
11.1,100.4,251,Slice,Distance,Fat/Thin,Forged/Blade-like,9,S,players-cb
0.0,103.6,250,Straight,Accuracy,Consistent,No preference,10.5,S,blade
8.0,104.5,251,Straight,Distance,Inconsistent,No preference,9,S,players-cb
7.1,94.8,211,Slice,Forgiveness,Consistent,No preference,10.5,A,players-cb
23.6,88.2,184,Straight,Accuracy,Left/Right,Forged/Blade-like,10.5,A,players-distance
0.0,91.2,240,Slice,Distance,Inconsistent,Forged/Blade-like,10.5,R,players-cb
13.0,79.7,191,Fade,Accuracy,Left/Right,Confidence-inspiring,12,A,game-improvement
29.8,109.1,236,Hook,Forgiveness,Inconsistent,Confidence-inspiring,10.5,X,super-game-improvement
17.1,95.0,219,Fade,Distance,Fat/Thin,Forged/Blade-like,10.5,R,players-distance
25.1,91.0,190,Slice,Forgiveness,Fat/Thin,No preference,9,R,game-improvement
2.2,104.2,249,Straight,Accuracy,Left/Right,No preference,9,S,players-cb
2.6,96.0,220,Slice,Accuracy,Left/Right,No preference,9,R,players-cb
29.9,82.6,177,Straight,Forgiveness,Fat/Thin,Confidence-inspiring,10.5,L,super-game-improvement
17.9,94.7,223,Slice,Accuracy,Fat/Thin,No preference,10.5,R,game-improvement
17.9,91.9,214,Fade,Accuracy,Fat/Thin,No preference,12,R,game-improvement
6.9,93.8,238,Fade,Forgiveness,Left/Right,No preference,10.5,R,game-improvement
17.9,98.6,228,Hook,Forgiveness,Left/Right,No preference,10.5,S,game-improvement
6.7,103.3,225,Fade,Accuracy,Consistent,Forged/Blade-like,9,S,blade
27.7,91.1,218,Draw,Forgiveness,Inconsistent,Confidence-inspiring,10.5,A,super-game-improvement
36.0,88.6,181,Draw,Forgiveness,Left/Right,Confidence-inspiring,10.5,A,super-game-improvement
21.4,89.7,204,Slice,Accuracy,Fat/Thin,Confidence-inspiring,10.5,A,super-game-improvement
11.3,96.6,228,Straight,Distance,Consistent,Forged/Blade-like,9,R,players-cb
0.0,120.0,296,Straight,Accuracy,Inconsistent,Confidence-inspiring,8,S,blade
1.8,95.3,232,Slice,Accuracy,Consistent,Forged/Blade-like,10.5,R,blade
31.0,66.2,144,Draw,Forgiveness,Inconsistent,Confidence-inspiring,10.5,L,super-game-improvement
7.7,106.3,241,Straight,Distance,Inconsistent,No preference,9,S,players-distance
13.7,90.4,234,Slice,Forgiveness,Left/Right,Confidence-inspiring,10.5,R,game-improvement
22.9,79.7,185,Draw,Forgiveness,Inconsistent,Confidence-inspiring,12,A,super-game-improvement
30.3,94.2,206,Straight,Accuracy,Inconsistent,Confidence-inspiring,10.5,A,super-game-improvement
15.2,94.2,234,Fade,Forgiveness,Left/Right,No preference,10.5,R,game-improvement
13.4,84.3,187,Straight,Distance,Left/Right,Confidence-inspiring,10.5,R,game-improvement
17.6,113.4,268,Hook,Distance,Inconsistent,Confidence-inspiring,8,X,players-distance
11.4,82.1,188,Straight,Distance,Left/Right,Forged/Blade-like,10.5,A,players-cb
11.8,97.1,231,Fade,Accuracy,Fat/Thin,No preference,9,S,players-distance
20.7,73.0,169,Straight,Forgiveness,Inconsistent,Confidence-inspiring,12,A,super-game-improvement
18.7,96.0,198,Straight,Distance,Fat/Thin,Confidence-inspiring,9,R,game-improvement
36.0,75.1,147,Slice,Forgiveness,Fat/Thin,Forged/Blade-like,12,A,super-game-improvement
20.9,100.0,240,Straight,Forgiveness,Fat/Thin,Confidence-inspiring,10.5,S,super-game-improvement
27.4,87.2,190,Straight,Forgiveness,Fat/Thin,Confidence-inspiring,9,R,super-game-improvement
7.4,114.5,291,Straight,Accuracy,Fat/Thin,No preference,8,X,players-distance
21.7,86.9,208,Straight,Accuracy,Inconsistent,Confidence-inspiring,10.5,A,super-game-improvement
10.5,82.8,193,Slice,Forgiveness,Inconsistent,Forged/Blade-like,10.5,A,players-distance
20.6,94.4,211,Fade,Accuracy,Fat/Thin,Confidence-inspiring,10.5,R,super-game-improvement
23.2,87.7,211,Slice,Distance,Fat/Thin,Confidence-inspiring,10.5,R,super-game-improvement
17.4,76.0,193,Draw,Accuracy,Fat/Thin,Forged/Blade-like,12,A,players-distance
36.0,71.0,148,Straight,Accuracy,Left/Right,Forged/Blade-like,12,A,game-improvement
29.9,78.3,185,Straight,Forgiveness,Inconsistent,Confidence-inspiring,12,A,super-game-improvement
27.6,102.8,236,Slice,Accuracy,Fat/Thin,Confidence-inspiring,10.5,S,super-game-improvement
23.9,96.8,227,Straight,Distance,Inconsistent,Confidence-inspiring,9,R,super-game-improvement
32.9,80.2,174,Hook,Forgiveness,Fat/Thin,No preference,12,A,super-game-improvement
4.1,107.9,254,Fade,Accuracy,Consistent,Forged/Blade-like,9,S,blade
29.3,65.7,134,Straight,Forgiveness,Left/Right,Confidence-inspiring,12,L,super-game-improvement
8.1,94.8,214,Straight,Distance,Left/Right,Forged/Blade-like,10.5,R,players-cb
11.9,101.9,256,Draw,Distance,Left/Right,Confidence-inspiring,9,S,players-distance
22.1,92.6,209,Draw,Forgiveness,Fat/Thin,Confidence-inspiring,10.5,R,super-game-improvement
28.1,81.5,169,Slice,Forgiveness,Left/Right,Forged/Blade-like,12,A,super-game-improvement
6.6,101.1,251,Slice,Forgiveness,Inconsistent,No preference,10.5,S,game-improvement
12.4,100.9,232,Straight,Accuracy,Inconsistent,No preference,9,S,game-improvement
17.9,93.7,209,Straight,Distance,Inconsistent,No preference,10.5,A,game-improvement
15.3,104.2,260,Draw,Distance,Consistent,Confidence-inspiring,9,S,players-cb
24.7,92.4,194,Slice,Forgiveness,Inconsistent,Forged/Blade-like,10.5,R,game-improvement
36.0,86.6,186,Slice,Forgiveness,Inconsistent,Forged/Blade-like,10.5,R,super-game-improvement
20.8,109.0,241,Straight,Forgiveness,Inconsistent,Confidence-inspiring,9,S,super-game-improvement
10.4,107.2,246,Straight,Accuracy,Inconsistent,Confidence-inspiring,9,S,players-distance
5.3,119.8,275,Draw,Accuracy,Consistent,No preference,8,X,blade
14.1,89.7,209,Hook,Distance,Inconsistent,No preference,10.5,R,players-distance
8.5,84.3,192,Draw,Forgiveness,Consistent,Forged/Blade-like,10.5,S,players-cb
21.2,90.2,209,Slice,Accuracy,Left/Right,No preference,10.5,R,game-improvement
21.1,89.4,202,Fade,Forgiveness,Left/Right,Confidence-inspiring,10.5,R,super-game-improvement
12.8,111.9,258,Fade,Accuracy,Inconsistent,Confidence-inspiring,8,S,game-improvement
34.9,71.0,144,Fade,Forgiveness,Fat/Thin,Confidence-inspiring,12,L,super-game-improvement
10.4,98.1,244,Slice,Accuracy,Inconsistent,Confidence-inspiring,9,S,game-improvement
15.9,99.2,235,Straight,Accuracy,Fat/Thin,No preference,9,S,game-improvement
22.8,91.5,199,Straight,Forgiveness,Inconsistent,Confidence-inspiring,10.5,R,super-game-improvement
25.0,87.3,182,Slice,Forgiveness,Left/Right,Confidence-inspiring,10.5,R,super-game-improvement
28.5,90.2,181,Straight,Forgiveness,Left/Right,Confidence-inspiring,10.5,R,super-game-improvement
20.9,102.6,242,Straight,Distance,Fat/Thin,Confidence-inspiring,9,S,super-game-improvement
26.5,103.3,237,Fade,Forgiveness,Fat/Thin,Confidence-inspiring,10.5,S,super-game-improvement
11.0,98.8,242,Slice,Distance,Consistent,Forged/Blade-like,9,X,players-cb
25.3,80.6,178,Draw,Forgiveness,Fat/Thin,Forged/Blade-like,12,A,super-game-improvement
25.1,104.3,239,Slice,Forgiveness,Fat/Thin,No preference,10.5,S,super-game-improvement
30.6,74.4,171,Slice,Accuracy,Fat/Thin,Confidence-inspiring,12,A,super-game-improvement
2.0,120.0,291,Slice,Accuracy,Consistent,No preference,8,X,blade
8.8,113.5,266,Fade,Accuracy,Left/Right,Forged/Blade-like,8,X,players-cb
24.4,104.3,224,Draw,Forgiveness,Fat/Thin,Confidence-inspiring,10.5,S,super-game-improvement
0.0,112.9,280,Draw,Distance,Left/Right,No preference,9,X,players-cb
21.4,70.3,164,Fade,Accuracy,Fat/Thin,No preference,12,L,super-game-improvement
26.5,77.6,168,Fade,Forgiveness,Fat/Thin,Forged/Blade-like,12,A,super-game-improvement
11.8,101.0,234,Fade,Distance,Fat/Thin,Forged/Blade-like,9,S,players-cb
13.1,90.3,209,Straight,Distance,Consistent,No preference,10.5,R,players-cb
7.3,97.9,241,Straight,Accuracy,Left/Right,Confidence-inspiring,9,S,players-distance
12.3,103.8,230,Fade,Forgiveness,Left/Right,Forged/Blade-like,9,S,players-cb
12.6,95.7,214,Straight,Accuracy,Left/Right,No preference,10.5,R,players-distance
10.9,86.4,193,Straight,Distance,Fat/Thin,Confidence-inspiring,10.5,R,game-improvement
10.4,107.8,253,Straight,Distance,Left/Right,Forged/Blade-like,9,S,players-cb
14.6,101.2,237,Hook,Accuracy,Left/Right,Forged/Blade-like,9,S,players-cb
14.5,93.7,208,Straight,Forgiveness,Consistent,Confidence-inspiring,10.5,R,game-improvement
33.9,90.1,201,Draw,Accuracy,Left/Right,Confidence-inspiring,10.5,R,super-game-improvement
13.5,97.8,241,Straight,Forgiveness,Fat/Thin,No preference,10.5,S,super-game-improvement
20.1,105.6,243,Slice,Forgiveness,Inconsistent,Confidence-inspiring,9,S,super-game-improvement
11.8,99.5,243,Hook,Forgiveness,Inconsistent,Forged/Blade-like,9,S,players-distance
11.7,111.3,253,Straight,Accuracy,Consistent,Confidence-inspiring,8,X,players-cb
1.7,86.1,202,Straight,Accuracy,Consistent,No preference,10.5,R,blade
2.9,108.6,268,Straight,Accuracy,Left/Right,No preference,9,S,players-cb
6.1,97.9,234,Straight,Distance,Fat/Thin,Confidence-inspiring,9,S,players-distance
18.7,84.7,185,Draw,Accuracy,Consistent,Confidence-inspiring,10.5,R,players-distance
26.7,99.4,232,Draw,Distance,Left/Right,No preference,10.5,S,super-game-improvement
0.9,114.3,282,Straight,Accuracy,Consistent,Forged/Blade-like,8,S,blade
12.1,77.7,188,Draw,Accuracy,Left/Right,Confidence-inspiring,12,A,game-improvement
4.7,110.0,259,Fade,Forgiveness,Fat/Thin,No preference,9,X,players-distance
14.6,102.0,252,Straight,Forgiveness,Consistent,No preference,9,R,game-improvement
26.7,80.6,177,Draw,Forgiveness,Left/Right,Confidence-inspiring,12,A,super-game-improvement
13.0,88.8,216,Straight,Accuracy,Fat/Thin,Confidence-inspiring,12,R,game-improvement
16.6,78.8,176,Straight,Forgiveness,Inconsistent,No preference,12,A,super-game-improvement
30.1,82.2,181,Fade,Forgiveness,Left/Right,Confidence-inspiring,10.5,A,super-game-improvement
21.1,89.9,208,Straight,Accuracy,Inconsistent,No preference,10.5,A,game-improvement
10.2,107.0,270,Fade,Accuracy,Consistent,Confidence-inspiring,9,S,players-cb
18.4,96.2,216,Fade,Forgiveness,Left/Right,Confidence-inspiring,10.5,R,super-game-improvement
9.6,88.9,212,Hook,Accuracy,Consistent,No preference,10.5,R,players-cb
20.8,94.2,218,Fade,Forgiveness,Fat/Thin,No preference,10.5,R,super-game-improvement
21.6,88.8,188,Straight,Forgiveness,Left/Right,No preference,9,R,super-game-improvement
4.7,93.5,206,Draw,Accuracy,Consistent,Confidence-inspiring,10.5,R,players-cb
18.6,77.5,168,Straight,Accuracy,Fat/Thin,Forged/Blade-like,10.5,A,players-distance
15.9,101.4,243,Straight,Distance,Consistent,Confidence-inspiring,9,R,players-distance
21.9,95.6,231,Slice,Forgiveness,Inconsistent,Confidence-inspiring,10.5,R,super-game-improvement
24.5,94.9,203,Draw,Forgiveness,Inconsistent,Confidence-inspiring,10.5,R,super-game-improvement
21.3,84.2,179,Straight,Accuracy,Left/Right,Confidence-inspiring,9,R,super-game-improvement
14.3,98.0,241,Draw,Distance,Left/Right,Forged/Blade-like,9,S,players-cb
25.4,75.0,162,Fade,Accuracy,Fat/Thin,Confidence-inspiring,12,A,super-game-improvement
9.1,89.9,210,Fade,Forgiveness,Inconsistent,Forged/Blade-like,10.5,R,players-distance
5.1,102.9,261,Straight,Accuracy,Consistent,No preference,9,S,blade
0.0,108.6,278,Straight,Accuracy,Consistent,Forged/Blade-like,8,S,blade
16.4,78.6,189,Draw,Forgiveness,Consistent,No preference,12,A,players-distance
9.6,88.9,195,Fade,Accuracy,Left/Right,Forged/Blade-like,12,R,players-cb
20.6,88.3,189,Straight,Forgiveness,Left/Right,Confidence-inspiring,10.5,R,super-game-improvement
0.0,115.6,293,Fade,Accuracy,Fat/Thin,No preference,8,X,players-cb
11.2,90.3,215,Fade,Distance,Left/Right,Confidence-inspiring,10.5,R,players-distance
21.2,93.0,203,Straight,Accuracy,Fat/Thin,Forged/Blade-like,12,R,players-distance
7.7,103.2,243,Draw,Distance,Left/Right,Forged/Blade-like,9,S,players-cb
20.7,89.4,212,Hook,Forgiveness,Fat/Thin,Confidence-inspiring,10.5,R,super-game-improvement
12.0,100.5,249,Draw,Forgiveness,Left/Right,Confidence-inspiring,10.5,S,game-improvement
16.7,81.2,187,Straight,Distance,Fat/Thin,No preference,12,A,players-distance
22.4,84.2,183,Straight,Distance,Left/Right,No preference,9,R,game-improvement
25.6,102.9,226,Straight,Forgiveness,Left/Right,Confidence-inspiring,10.5,S,super-game-improvement
17.8,108.9,261,Draw,Accuracy,Inconsistent,Confidence-inspiring,8,S,game-improvement
9.7,107.8,267,Fade,Distance,Consistent,Forged/Blade-like,9,R,players-distance
12.9,108.2,254,Fade,Accuracy,Left/Right,Forged/Blade-like,8,S,players-cb
22.7,72.3,158,Fade,Forgiveness,Inconsistent,Confidence-inspiring,12,R,super-game-improvement
7.8,91.2,227,Straight,Accuracy,Consistent,No preference,10.5,S,players-cb
15.4,92.4,228,Slice,Accuracy,Fat/Thin,Forged/Blade-like,10.5,R,players-distance
13.5,120.0,266,Fade,Accuracy,Inconsistent,No preference,8,X,players-distance
16.1,91.9,210,Fade,Distance,Left/Right,Confidence-inspiring,10.5,R,game-improvement
7.9,108.1,268,Straight,Forgiveness,Inconsistent,Forged/Blade-like,9,S,players-cb
0.3,109.6,269,Straight,Accuracy,Left/Right,Forged/Blade-like,8,S,players-cb
21.7,94.8,209,Hook,Forgiveness,Left/Right,Confidence-inspiring,10.5,R,super-game-improvement
25.7,88.3,198,Hook,Forgiveness,Fat/Thin,Confidence-inspiring,10.5,R,super-game-improvement
0.9,93.4,231,Straight,Distance,Inconsistent,Forged/Blade-like,10.5,R,blade
20.3,65.2,138,Fade,Forgiveness,Fat/Thin,Forged/Blade-like,12,L,super-game-improvement
26.7,100.7,223,Hook,Distance,Fat/Thin,Confidence-inspiring,10.5,S,super-game-improvement
22.4,84.6,194,Draw,Forgiveness,Fat/Thin,Confidence-inspiring,10.5,R,super-game-improvement
13.2,78.4,178,Fade,Forgiveness,Left/Right,Forged/Blade-like,12,A,game-improvement
8.5,104.6,241,Straight,Distance,Consistent,Forged/Blade-like,9,S,players-cb
17.7,98.2,220,Draw,Accuracy,Fat/Thin,Confidence-inspiring,9,S,players-distance
19.2,100.6,220,Draw,Distance,Inconsistent,No preference,9,X,players-distance
17.9,105.0,248,Straight,Accuracy,Inconsistent,Confidence-inspiring,9,S,game-improvement
15.4,86.3,191,Fade,Distance,Left/Right,No preference,10.5,R,players-distance
7.3,92.3,222,Slice,Distance,Left/Right,Forged/Blade-like,10.5,R,players-cb
20.8,88.7,197,Fade,Forgiveness,Fat/Thin,Confidence-inspiring,10.5,R,super-game-improvement
21.2,99.8,219,Straight,Forgiveness,Fat/Thin,Forged/Blade-like,10.5,S,game-improvement
18.8,72.2,177,Slice,Accuracy,Left/Right,Confidence-inspiring,12,A,super-game-improvement
18.0,95.0,216,Straight,Forgiveness,Fat/Thin,No preference,9,S,game-improvement
32.1,93.5,196,Slice,Forgiveness,Inconsistent,Confidence-inspiring,10.5,R,super-game-improvement
11.4,107.2,245,Draw,Forgiveness,Fat/Thin,Confidence-inspiring,10.5,S,game-improvement
28.5,93.7,209,Slice,Forgiveness,Consistent,Confidence-inspiring,10.5,R,super-game-improvement
10.4,109.6,266,Straight,Distance,Inconsistent,Forged/Blade-like,8,S,players-cb
27.0,65.0,155,Straight,Distance,Inconsistent,Confidence-inspiring,12,L,super-game-improvement
28.1,103.0,225,Straight,Distance,Inconsistent,Confidence-inspiring,10.5,S,super-game-improvement
14.4,99.5,229,Fade,Accuracy,Left/Right,Confidence-inspiring,9,S,game-improvement
31.9,97.7,212,Slice,Forgiveness,Inconsistent,Confidence-inspiring,10.5,S,super-game-improvement
21.2,79.8,182,Slice,Forgiveness,Left/Right,Confidence-inspiring,12,A,super-game-improvement
9.1,82.3,188,Straight,Distance,Consistent,Confidence-inspiring,10.5,A,players-cb
13.6,114.6,280,Fade,Accuracy,Consistent,No preference,9,X,players-cb
27.2,78.2,173,Straight,Accuracy,Fat/Thin,No preference,12,A,super-game-improvement
25.3,85.7,195,Straight,Forgiveness,Inconsistent,Confidence-inspiring,10.5,R,super-game-improvement
7.5,106.2,257,Straight,Accuracy,Left/Right,Confidence-inspiring,9,S,players-distance
15.7,103.1,242,Hook,Forgiveness,Left/Right,Forged/Blade-like,9,S,players-cb
18.8,104.0,228,Draw,Forgiveness,Left/Right,Confidence-inspiring,9,S,game-improvement
12.4,99.8,233,Slice,Accuracy,Fat/Thin,Confidence-inspiring,9,S,super-game-improvement
36.0,71.0,171,Slice,Forgiveness,Fat/Thin,No preference,10.5,L,super-game-improvement
19.1,100.1,242,Slice,Accuracy,Fat/Thin,Confidence-inspiring,9,S,super-game-improvement
16.4,102.1,236,Fade,Distance,Inconsistent,Confidence-inspiring,9,S,game-improvement
27.7,69.0,149,Slice,Forgiveness,Inconsistent,Confidence-inspiring,12,L,super-game-improvement
13.7,110.9,238,Hook,Forgiveness,Left/Right,No preference,9,X,game-improvement
26.1,65.0,140,Straight,Distance,Fat/Thin,Forged/Blade-like,12,L,game-improvement
2.0,115.0,279,Straight,Distance,Consistent,Confidence-inspiring,8,X,players-cb
12.9,90.9,209,Fade,Accuracy,Left/Right,No preference,10.5,R,players-distance
26.4,95.1,208,Fade,Forgiveness,Inconsistent,Confidence-inspiring,10.5,R,super-game-improvement
31.1,90.0,201,Slice,Forgiveness,Fat/Thin,Forged/Blade-like,9,R,super-game-improvement
10.0,98.8,224,Draw,Forgiveness,Fat/Thin,Forged/Blade-like,10.5,S,players-distance
9.0,104.4,250,Draw,Distance,Consistent,Confidence-inspiring,9,S,players-cb
22.1,90.1,202,Draw,Forgiveness,Consistent,No preference,10.5,R,game-improvement
11.4,105.4,239,Fade,Accuracy,Consistent,Forged/Blade-like,9,S,players-cb
14.6,117.9,288,Fade,Accuracy,Left/Right,Forged/Blade-like,8,X,players-cb
24.9,75.7,175,Slice,Accuracy,Inconsistent,Confidence-inspiring,12,A,super-game-improvement
12.1,65.9,147,Fade,Distance,Inconsistent,Forged/Blade-like,12,L,players-distance
0.0,101.8,254,Slice,Distance,Consistent,No preference,9,S,blade
5.3,97.6,222,Straight,Distance,Left/Right,Forged/Blade-like,9,S,blade
17.1,90.6,202,Fade,Accuracy,Consistent,Forged/Blade-like,10.5,R,players-distance
0.2,96.6,248,Straight,Accuracy,Inconsistent,Forged/Blade-like,9,S,blade
14.3,105.0,247,Slice,Accuracy,Inconsistent,Confidence-inspiring,9,S,game-improvement
4.5,89.1,217,Draw,Distance,Inconsistent,Confidence-inspiring,10.5,R,players-distance
31.8,88.9,201,Slice,Forgiveness,Fat/Thin,Confidence-inspiring,12,R,super-game-improvement
36.0,87.9,192,Fade,Accuracy,Fat/Thin,Confidence-inspiring,10.5,R,super-game-improvement
7.5,104.1,246,Fade,Accuracy,Consistent,No preference,9,S,players-cb
19.3,97.7,231,Slice,Forgiveness,Left/Right,Confidence-inspiring,10.5,S,super-game-improvement
8.4,109.8,246,Hook,Accuracy,Consistent,Forged/Blade-like,8,S,blade
14.2,96.9,219,Draw,Forgiveness,Fat/Thin,Confidence-inspiring,10.5,R,super-game-improvement
33.2,80.0,171,Draw,Accuracy,Left/Right,Confidence-inspiring,12,A,super-game-improvement
12.8,102.2,244,Fade,Forgiveness,Left/Right,Confidence-inspiring,9,S,game-improvement
14.4,102.2,234,Straight,Forgiveness,Fat/Thin,Confidence-inspiring,9,S,super-game-improvement
8.5,109.1,243,Straight,Forgiveness,Consistent,Forged/Blade-like,9,S,players-cb
27.3,70.3,138,Draw,Forgiveness,Fat/Thin,Forged/Blade-like,12,A,super-game-improvement
0.0,104.2,255,Fade,Accuracy,Inconsistent,Forged/Blade-like,9,S,blade
13.0,86.5,198,Draw,Accuracy,Consistent,Forged/Blade-like,10.5,R,players-cb
16.6,100.3,223,Slice,Forgiveness,Inconsistent,Forged/Blade-like,10.5,S,super-game-improvement
11.1,105.7,239,Fade,Accuracy,Inconsistent,Forged/Blade-like,9,S,players-cb
24.8,86.4,194,Slice,Forgiveness,Fat/Thin,Confidence-inspiring,10.5,R,super-game-improvement
27.8,79.8,187,Slice,Accuracy,Fat/Thin,Confidence-inspiring,12,A,game-improvement
4.3,109.0,264,Straight,Accuracy,Inconsistent,Forged/Blade-like,8,S,blade
35.8,80.3,183,Hook,Forgiveness,Left/Right,No preference,12,A,super-game-improvement
4.2,117.4,280,Slice,Accuracy,Consistent,Forged/Blade-like,8,X,blade
28.6,104.3,233,Slice,Distance,Inconsistent,Confidence-inspiring,10.5,S,super-game-improvement
18.3,103.6,249,Fade,Distance,Fat/Thin,Confidence-inspiring,9,S,game-improvement
12.5,99.8,232,Fade,Forgiveness,Fat/Thin,Confidence-inspiring,10.5,S,super-game-improvement
13.3,115.2,269,Draw,Accuracy,Inconsistent,Confidence-inspiring,8,X,game-improvement
16.7,97.1,220,Straight,Accuracy,Left/Right,Forged/Blade-like,9,S,players-cb
18.9,88.4,207,Slice,Distance,Inconsistent,No preference,10.5,R,game-improvement
8.7,93.3,229,Fade,Distance,Inconsistent,Forged/Blade-like,10.5,A,players-cb
14.9,88.8,209,Straight,Accuracy,Inconsistent,Forged/Blade-like,12,R,players-cb
10.1,99.1,232,Draw,Forgiveness,Consistent,Confidence-inspiring,10.5,R,players-distance
6.1,106.5,242,Straight,Accuracy,Fat/Thin,Forged/Blade-like,9,X,players-cb
9.6,85.3,201,Draw,Forgiveness,Consistent,No preference,10.5,R,players-cb
6.7,97.0,230,Fade,Forgiveness,Consistent,Forged/Blade-like,10.5,S,players-cb
13.2,99.2,233,Slice,Accuracy,Inconsistent,Confidence-inspiring,9,S,super-game-improvement
20.9,98.2,223,Hook,Distance,Fat/Thin,Confidence-inspiring,9,S,super-game-improvement
18.1,93.4,228,Straight,Accuracy,Inconsistent,Forged/Blade-like,10.5,R,players-cb
34.8,84.8,175,Fade,Forgiveness,Inconsistent,No preference,10.5,R,super-game-improvement
0.0,93.6,215,Draw,Forgiveness,Left/Right,Confidence-inspiring,9,R,players-distance
21.2,82.5,176,Draw,Forgiveness,Inconsistent,Forged/Blade-like,10.5,A,super-game-improvement
17.1,93.8,210,Fade,Distance,Fat/Thin,Confidence-inspiring,10.5,R,game-improvement
24.3,94.6,221,Hook,Forgiveness,Left/Right,No preference,10.5,R,super-game-improvement
23.4,92.4,195,Straight,Distance,Left/Right,Forged/Blade-like,10.5,R,players-distance
15.5,87.0,191,Fade,Accuracy,Consistent,Forged/Blade-like,10.5,R,players-cb
18.6,91.0,211,Draw,Accuracy,Left/Right,No preference,10.5,R,players-distance
10.3,114.1,277,Fade,Forgiveness,Consistent,Forged/Blade-like,9,X,players-cb
22.5,96.1,202,Slice,Forgiveness,Fat/Thin,Confidence-inspiring,10.5,R,super-game-improvement
0.1,104.3,239,Draw,Forgiveness,Inconsistent,Forged/Blade-like,9,S,players-cb
24.0,79.4,170,Straight,Forgiveness,Inconsistent,No preference,12,A,super-game-improvement
16.8,87.4,207,Fade,Forgiveness,Left/Right,Forged/Blade-like,10.5,R,players-distance
12.6,97.5,229,Straight,Distance,Fat/Thin,Confidence-inspiring,9,S,game-improvement
14.9,98.6,222,Fade,Distance,Left/Right,Confidence-inspiring,9,S,super-game-improvement
15.6,101.0,240,Straight,Accuracy,Fat/Thin,Confidence-inspiring,9,S,players-distance
28.7,90.4,199,Draw,Forgiveness,Fat/Thin,Confidence-inspiring,10.5,R,game-improvement
36.0,77.8,164,Slice,Accuracy,Inconsistent,Confidence-inspiring,12,A,super-game-improvement
28.0,81.8,165,Hook,Accuracy,Left/Right,Confidence-inspiring,12,A,super-game-improvement
11.9,118.4,270,Straight,Accuracy,Fat/Thin,Forged/Blade-like,8,X,players-cb
22.7,85.0,208,Straight,Forgiveness,Left/Right,No preference,10.5,A,super-game-improvement
23.1,77.4,171,Slice,Forgiveness,Left/Right,No preference,12,L,super-game-improvement
8.7,83.7,190,Straight,Accuracy,Consistent,No preference,10.5,A,players-cb
5.7,98.6,233,Slice,Accuracy,Inconsistent,Forged/Blade-like,9,S,players-cb
16.4,104.2,241,Straight,Accuracy,Left/Right,No preference,9,S,players-distance
24.3,83.7,195,Draw,Forgiveness,Left/Right,Confidence-inspiring,10.5,A,super-game-improvement
2.5,119.1,295,Straight,Forgiveness,Left/Right,Forged/Blade-like,9,X,players-cb
10.5,98.8,227,Straight,Accuracy,Fat/Thin,Forged/Blade-like,9,R,players-cb
22.2,102.0,241,Straight,Accuracy,Left/Right,Confidence-inspiring,10.5,S,super-game-improvement
17.4,86.6,206,Fade,Accuracy,Left/Right,No preference,10.5,R,players-distance
29.7,78.4,167,Hook,Forgiveness,Fat/Thin,No preference,12,A,super-game-improvement
4.3,104.0,250,Straight,Accuracy,Consistent,No preference,9,S,blade
36.0,86.3,189,Fade,Distance,Inconsistent,Forged/Blade-like,10.5,R,players-distance
3.2,102.0,257,Slice,Distance,Consistent,No preference,9,S,blade
0.0,108.9,253,Slice,Accuracy,Consistent,No preference,8,S,blade
16.5,100.7,232,Straight,Forgiveness,Inconsistent,Forged/Blade-like,10.5,S,players-distance
6.8,87.2,208,Fade,Forgiveness,Fat/Thin,No preference,10.5,R,game-improvement
16.7,91.2,205,Straight,Accuracy,Left/Right,Forged/Blade-like,10.5,R,players-cb
16.3,89.7,201,Draw,Accuracy,Left/Right,No preference,10.5,R,players-distance
15.2,91.0,220,Straight,Accuracy,Left/Right,No preference,10.5,R,players-distance
9.4,103.7,250,Fade,Forgiveness,Consistent,No preference,9,S,players-distance
20.9,86.7,215,Hook,Distance,Fat/Thin,Confidence-inspiring,12,R,super-game-improvement
14.1,76.4,172,Slice,Accuracy,Left/Right,No preference,12,A,game-improvement
26.9,85.3,190,Slice,Distance,Left/Right,Confidence-inspiring,10.5,R,super-game-improvement
15.4,84.9,199,Draw,Distance,Inconsistent,Confidence-inspiring,10.5,R,game-improvement
8.3,105.3,258,Hook,Forgiveness,Consistent,Confidence-inspiring,9,S,players-distance
1.8,112.8,287,Straight,Distance,Consistent,No preference,8,X,blade
15.5,73.7,171,Slice,Accuracy,Left/Right,Confidence-inspiring,12,A,super-game-improvement
5.6,94.4,217,Straight,Accuracy,Consistent,Forged/Blade-like,10.5,R,blade
4.9,106.2,249,Slice,Distance,Left/Right,No preference,9,S,players-cb
21.7,77.2,175,Fade,Distance,Fat/Thin,No preference,12,A,super-game-improvement
1.0,113.1,286,Draw,Accuracy,Fat/Thin,No preference,8,X,players-cb
29.7,96.3,197,Slice,Forgiveness,Left/Right,Confidence-inspiring,9,R,super-game-improvement
18.4,91.9,199,Slice,Forgiveness,Fat/Thin,Confidence-inspiring,10.5,A,super-game-improvement
16.6,87.0,207,Slice,Forgiveness,Inconsistent,Forged/Blade-like,10.5,A,game-improvement
7.7,77.7,173,Straight,Accuracy,Fat/Thin,Confidence-inspiring,10.5,A,game-improvement
23.9,97.9,209,Slice,Accuracy,Inconsistent,Confidence-inspiring,9,S,super-game-improvement
17.0,114.5,273,Straight,Forgiveness,Fat/Thin,Forged/Blade-like,9,X,players-distance
10.8,116.6,272,Straight,Accuracy,Inconsistent,Confidence-inspiring,8,X,players-distance
18.8,91.3,206,Draw,Distance,Left/Right,No preference,9,R,game-improvement
1.9,93.8,241,Fade,Accuracy,Inconsistent,Confidence-inspiring,10.5,R,players-distance
2.3,112.8,264,Fade,Accuracy,Consistent,Confidence-inspiring,8,X,players-cb
6.9,100.0,227,Fade,Accuracy,Inconsistent,No preference,9,S,players-distance
20.1,97.1,235,Hook,Distance,Inconsistent,No preference,9,S,game-improvement
17.0,97.5,226,Fade,Accuracy,Left/Right,Confidence-inspiring,9,S,game-improvement
26.4,89.0,203,Draw,Distance,Inconsistent,Confidence-inspiring,10.5,R,super-game-improvement
8.7,110.4,259,Straight,Accuracy,Left/Right,Forged/Blade-like,8,X,players-cb
22.2,101.6,228,Fade,Accuracy,Left/Right,Forged/Blade-like,8,S,players-distance
16.0,89.9,201,Straight,Accuracy,Consistent,Confidence-inspiring,10.5,R,players-distance
8.5,91.0,219,Slice,Accuracy,Consistent,No preference,10.5,R,players-cb
20.5,67.1,159,Fade,Forgiveness,Inconsistent,Forged/Blade-like,10.5,L,super-game-improvement
16.4,91.4,212,Slice,Forgiveness,Fat/Thin,No preference,10.5,R,super-game-improvement
11.3,87.4,215,Draw,Distance,Consistent,No preference,10.5,R,players-cb
17.4,98.4,232,Straight,Accuracy,Fat/Thin,Confidence-inspiring,9,S,game-improvement
15.8,91.9,203,Slice,Accuracy,Inconsistent,No preference,10.5,R,game-improvement
15.6,93.1,214,Slice,Distance,Fat/Thin,No preference,10.5,R,game-improvement
13.3,105.1,241,Fade,Distance,Inconsistent,Forged/Blade-like,9,S,players-cb
5.3,106.4,262,Straight,Accuracy,Consistent,Confidence-inspiring,9,S,players-cb
17.7,92.8,217,Straight,Distance,Left/Right,Confidence-inspiring,10.5,R,players-distance
9.8,116.2,276,Fade,Forgiveness,Consistent,Confidence-inspiring,9,X,players-distance
7.8,108.1,266,Fade,Accuracy,Inconsistent,No preference,8,X,players-distance
14.8,91.8,196,Straight,Forgiveness,Left/Right,No preference,10.5,R,game-improvement
23.6,86.2,187,Slice,Forgiveness,Fat/Thin,No preference,10.5,R,super-game-improvement
18.7,101.2,226,Fade,Distance,Consistent,Confidence-inspiring,9,S,players-distance
12.2,99.7,236,Draw,Forgiveness,Left/Right,Forged/Blade-like,10.5,S,players-distance
11.9,86.7,208,Slice,Distance,Consistent,Forged/Blade-like,10.5,R,players-cb
22.7,99.5,223,Slice,Distance,Left/Right,Confidence-inspiring,10.5,S,super-game-improvement
0.0,118.6,279,Draw,Forgiveness,Left/Right,Forged/Blade-like,9,X,players-cb
24.2,101.4,230,Straight,Distance,Fat/Thin,Confidence-inspiring,10.5,S,super-game-improvement
0.1,120.0,295,Slice,Forgiveness,Consistent,Forged/Blade-like,9,X,players-cb
4.3,120.0,276,Straight,Distance,Fat/Thin,No preference,8,X,players-cb
12.4,114.9,266,Draw,Distance,Left/Right,Confidence-inspiring,8,X,players-distance
36.0,84.9,184,Slice,Accuracy,Fat/Thin,No preference,10.5,R,super-game-improvement
32.1,82.1,192,Slice,Accuracy,Left/Right,Confidence-inspiring,10.5,A,game-improvement
23.4,71.8,151,Slice,Forgiveness,Inconsistent,Confidence-inspiring,12,L,super-game-improvement
20.2,92.4,217,Slice,Forgiveness,Fat/Thin,Confidence-inspiring,10.5,R,super-game-improvement
0.2,111.1,262,Fade,Accuracy,Left/Right,Confidence-inspiring,8,X,players-cb
18.4,93.9,203,Draw,Accuracy,Inconsistent,Confidence-inspiring,10.5,R,game-improvement
12.1,78.9,174,Fade,Forgiveness,Consistent,Confidence-inspiring,12,A,game-improvement
9.6,96.6,234,Hook,Forgiveness,Left/Right,Confidence-inspiring,10.5,S,game-improvement
18.4,99.9,229,Slice,Distance,Fat/Thin,Forged/Blade-like,9,S,players-distance
12.8,87.0,200,Draw,Accuracy,Inconsistent,No preference,10.5,S,players-distance
24.8,90.8,206,Fade,Forgiveness,Left/Right,Confidence-inspiring,10.5,R,super-game-improvement
0.0,110.3,271,Draw,Accuracy,Consistent,Forged/Blade-like,8,X,blade
17.7,105.1,242,Straight,Accuracy,Consistent,No preference,9,S,players-cb
9.1,116.9,274,Fade,Accuracy,Left/Right,No preference,8,X,players-cb
13.3,93.2,208,Fade,Accuracy,Left/Right,No preference,10.5,R,players-distance
19.7,94.4,230,Fade,Forgiveness,Fat/Thin,Forged/Blade-like,10.5,R,game-improvement
6.9,103.5,260,Fade,Distance,Consistent,Forged/Blade-like,10.5,S,blade
18.5,99.9,242,Straight,Forgiveness,Inconsistent,Confidence-inspiring,10.5,S,super-game-improvement
15.1,101.1,229,Draw,Distance,Left/Right,No preference,9,S,players-distance
11.1,112.7,259,Hook,Forgiveness,Inconsistent,No preference,9,X,players-cb
12.8,74.0,169,Slice,Accuracy,Left/Right,Confidence-inspiring,12,A,super-game-improvement
15.6,99.6,240,Fade,Accuracy,Left/Right,No preference,9,R,players-distance
10.1,104.0,245,Straight,Accuracy,Consistent,No preference,9,S,players-cb
17.1,92.0,206,Draw,Accuracy,Left/Right,Confidence-inspiring,10.5,R,game-improvement
14.5,73.5,174,Draw,Forgiveness,Left/Right,Confidence-inspiring,12,A,super-game-improvement
11.5,97.6,222,Straight,Distance,Fat/Thin,No preference,9,S,players-distance
31.3,77.6,156,Hook,Distance,Inconsistent,No preference,12,A,super-game-improvement
20.7,108.7,247,Slice,Distance,Left/Right,Confidence-inspiring,8,S,game-improvement
13.6,100.5,229,Straight,Forgiveness,Fat/Thin,Forged/Blade-like,10.5,S,game-improvement
18.3,85.6,195,Straight,Accuracy,Left/Right,No preference,10.5,S,players-distance
7.8,80.2,167,Fade,Accuracy,Consistent,No preference,12,A,players-cb
13.1,103.0,232,Fade,Accuracy,Fat/Thin,Forged/Blade-like,9,S,players-cb
14.1,103.4,240,Slice,Accuracy,Consistent,Forged/Blade-like,8,S,players-distance
5.8,99.9,226,Hook,Accuracy,Fat/Thin,Forged/Blade-like,9,S,players-cb
20.5,98.1,209,Fade,Accuracy,Left/Right,Confidence-inspiring,9,S,super-game-improvement
12.4,94.1,220,Draw,Distance,Left/Right,Confidence-inspiring,10.5,R,game-improvement
13.8,107.3,256,Draw,Accuracy,Left/Right,No preference,9,S,players-distance
11.9,107.8,245,Draw,Forgiveness,Fat/Thin,No preference,9,S,players-distance
36.0,65.1,136,Straight,Forgiveness,Left/Right,Confidence-inspiring,12,L,super-game-improvement
11.0,84.6,197,Fade,Accuracy,Left/Right,Confidence-inspiring,10.5,R,players-distance
0.0,120.0,280,Draw,Forgiveness,Consistent,Confidence-inspiring,9,X,players-distance
2.6,113.6,286,Draw,Forgiveness,Consistent,No preference,9,X,players-cb
23.8,77.2,171,Slice,Accuracy,Left/Right,No preference,12,A,super-game-improvement
29.0,70.6,153,Straight,Accuracy,Inconsistent,Confidence-inspiring,12,L,super-game-improvement
10.9,100.7,240,Fade,Accuracy,Inconsistent,No preference,9,S,players-distance
28.5,75.2,151,Slice,Accuracy,Left/Right,No preference,12,A,super-game-improvement
23.7,86.7,202,Slice,Forgiveness,Fat/Thin,Confidence-inspiring,10.5,R,super-game-improvement
15.3,95.1,229,Fade,Accuracy,Left/Right,Confidence-inspiring,10.5,S,game-improvement
14.7,95.1,222,Straight,Distance,Inconsistent,Forged/Blade-like,10.5,S,players-cb
18.6,104.6,243,Draw,Distance,Inconsistent,Confidence-inspiring,9,S,players-distance
24.9,107.4,236,Slice,Forgiveness,Fat/Thin,Confidence-inspiring,10.5,S,super-game-improvement
20.6,87.2,205,Slice,Distance,Inconsistent,Confidence-inspiring,10.5,R,super-game-improvement
10.9,87.3,198,Slice,Accuracy,Inconsistent,No preference,12,R,game-improvement
15.4,99.4,229,Straight,Distance,Fat/Thin,No preference,9,S,game-improvement
34.8,98.7,211,Straight,Distance,Inconsistent,Forged/Blade-like,10.5,S,game-improvement
19.3,88.8,202,Fade,Distance,Consistent,Confidence-inspiring,10.5,S,players-distance
24.8,97.6,227,Slice,Forgiveness,Left/Right,Confidence-inspiring,10.5,S,super-game-improvement
21.9,82.7,206,Draw,Accuracy,Left/Right,Confidence-inspiring,10.5,A,game-improvement
19.5,93.0,211,Draw,Accuracy,Left/Right,No preference,10.5,R,players-distance
18.0,82.1,192,Draw,Accuracy,Fat/Thin,Confidence-inspiring,10.5,A,game-improvement
25.1,89.0,191,Slice,Accuracy,Left/Right,Confidence-inspiring,10.5,R,super-game-improvement
23.5,88.9,208,Fade,Forgiveness,Fat/Thin,Confidence-inspiring,10.5,R,super-game-improvement
19.4,98.9,220,Fade,Accuracy,Left/Right,Forged/Blade-like,9,S,players-cb
10.8,116.4,302,Straight,Distance,Left/Right,Confidence-inspiring,8,X,players-distance
20.5,88.2,185,Draw,Forgiveness,Left/Right,Confidence-inspiring,10.5,R,super-game-improvement
16.4,74.9,192,Fade,Distance,Left/Right,Forged/Blade-like,12,A,players-distance
14.2,94.3,228,Slice,Accuracy,Inconsistent,Confidence-inspiring,10.5,R,super-game-improvement
36.0,84.5,170,Slice,Forgiveness,Left/Right,No preference,10.5,R,super-game-improvement
3.1,105.9,277,Fade,Accuracy,Consistent,No preference,9,S,blade
25.6,87.0,185,Draw,Accuracy,Inconsistent,Confidence-inspiring,10.5,R,super-game-improvement
9.2,114.6,268,Draw,Accuracy,Fat/Thin,Forged/Blade-like,8,X,players-cb
18.2,95.0,206,Draw,Accuracy,Inconsistent,No preference,10.5,R,players-distance
36.0,80.5,170,Slice,Distance,Inconsistent,Confidence-inspiring,12,A,super-game-improvement
8.3,92.6,219,Draw,Accuracy,Left/Right,Forged/Blade-like,12,R,players-cb
10.5,81.4,199,Slice,Distance,Consistent,No preference,12,A,players-cb
16.8,97.9,247,Draw,Distance,Left/Right,Forged/Blade-like,9,S,players-cb
9.4,102.1,237,Slice,Distance,Consistent,Forged/Blade-like,9,X,players-distance
25.0,78.4,150,Straight,Forgiveness,Left/Right,Confidence-inspiring,12,A,super-game-improvement
12.2,97.3,234,Hook,Accuracy,Fat/Thin,Confidence-inspiring,9,S,game-improvement
22.9,89.0,195,Fade,Forgiveness,Inconsistent,Confidence-inspiring,10.5,R,super-game-improvement
5.0,96.4,248,Draw,Accuracy,Consistent,Forged/Blade-like,9,R,blade
0.7,97.6,238,Fade,Distance,Consistent,Forged/Blade-like,9,S,blade
14.9,99.9,225,Straight,Forgiveness,Consistent,No preference,10.5,S,players-distance
2.9,101.8,238,Draw,Accuracy,Left/Right,Forged/Blade-like,9,S,blade
30.7,79.2,178,Slice,Accuracy,Left/Right,Confidence-inspiring,12,A,super-game-improvement
3.2,95.2,228,Hook,Accuracy,Consistent,No preference,10.5,R,blade
7.7,99.5,250,Draw,Distance,Consistent,Confidence-inspiring,9,S,players-cb
20.7,101.2,227,Straight,Forgiveness,Consistent,Confidence-inspiring,10.5,S,super-game-improvement
11.7,100.1,247,Slice,Forgiveness,Consistent,Forged/Blade-like,10.5,S,players-cb
3.3,101.4,233,Slice,Accuracy,Consistent,Confidence-inspiring,9,S,players-cb
35.4,85.0,166,Slice,Forgiveness,Fat/Thin,Confidence-inspiring,10.5,R,super-game-improvement
8.0,114.2,279,Straight,Distance,Consistent,No preference,8,X,players-cb
15.2,100.6,229,Hook,Forgiveness,Left/Right,Confidence-inspiring,9,S,super-game-improvement
15.1,98.3,225,Straight,Forgiveness,Fat/Thin,No preference,10.5,S,super-game-improvement
23.4,96.5,207,Straight,Forgiveness,Left/Right,No preference,10.5,R,super-game-improvement
21.2,90.0,194,Draw,Accuracy,Inconsistent,No preference,10.5,R,game-improvement
9.6,101.3,245,Hook,Forgiveness,Consistent,No preference,10.5,S,players-cb
14.1,91.5,212,Straight,Distance,Left/Right,Forged/Blade-like,10.5,R,players-cb
15.0,80.3,176,Slice,Distance,Left/Right,Forged/Blade-like,12,A,players-distance
23.7,93.3,216,Draw,Forgiveness,Left/Right,Confidence-inspiring,10.5,R,super-game-improvement
6.5,105.0,262,Hook,Distance,Consistent,No preference,9,X,blade
35.2,79.2,168,Straight,Forgiveness,Fat/Thin,No preference,12,A,super-game-improvement
10.2,109.4,267,Slice,Accuracy,Fat/Thin,Confidence-inspiring,8,S,game-improvement
16.9,87.3,192,Straight,Forgiveness,Left/Right,No preference,10.5,R,game-improvement
6.6,83.8,206,Straight,Distance,Left/Right,No preference,10.5,A,players-distance
5.3,95.4,231,Hook,Accuracy,Consistent,No preference,10.5,R,blade
9.1,84.4,193,Straight,Forgiveness,Inconsistent,No preference,10.5,S,game-improvement
8.3,103.7,265,Straight,Accuracy,Inconsistent,Forged/Blade-like,9,S,players-cb
13.3,89.4,210,Hook,Distance,Left/Right,No preference,10.5,R,players-distance
8.2,110.3,257,Straight,Accuracy,Consistent,Confidence-inspiring,8,X,players-cb
23.3,99.8,224,Fade,Forgiveness,Fat/Thin,Confidence-inspiring,10.5,S,super-game-improvement
10.0,90.0,205,Straight,Forgiveness,Inconsistent,Confidence-inspiring,10.5,R,super-game-improvement
9.0,91.8,207,Draw,Distance,Inconsistent,Confidence-inspiring,9,R,players-distance
13.5,102.2,234,Draw,Distance,Inconsistent,Forged/Blade-like,9,S,players-cb
25.9,98.2,214,Slice,Accuracy,Fat/Thin,Confidence-inspiring,12,S,super-game-improvement
18.9,73.0,159,Straight,Accuracy,Consistent,Confidence-inspiring,12,A,game-improvement
16.1,97.9,237,Fade,Forgiveness,Left/Right,Confidence-inspiring,10.5,S,super-game-improvement
4.1,81.2,189,Straight,Forgiveness,Inconsistent,Forged/Blade-like,12,A,players-cb
6.7,96.0,221,Fade,Distance,Inconsistent,No preference,9,R,players-distance
5.5,113.2,261,Draw,Distance,Fat/Thin,Forged/Blade-like,8,X,blade
28.8,116.5,244,Fade,Forgiveness,Left/Right,No preference,10.5,X,super-game-improvement
21.8,88.8,209,Fade,Forgiveness,Consistent,Confidence-inspiring,10.5,R,super-game-improvement
9.2,87.3,209,Straight,Accuracy,Consistent,No preference,10.5,R,players-cb
11.9,92.8,224,Straight,Forgiveness,Left/Right,Forged/Blade-like,10.5,R,players-cb
9.6,100.1,246,Draw,Distance,Consistent,No preference,9,S,players-cb
9.0,93.2,218,Straight,Forgiveness,Consistent,Forged/Blade-like,10.5,R,players-cb
21.1,82.4,199,Draw,Forgiveness,Fat/Thin,Confidence-inspiring,10.5,R,super-game-improvement
14.4,91.9,208,Draw,Accuracy,Inconsistent,No preference,10.5,R,players-distance
35.7,85.7,173,Straight,Accuracy,Inconsistent,Confidence-inspiring,10.5,R,super-game-improvement
28.3,85.1,190,Hook,Forgiveness,Fat/Thin,Forged/Blade-like,10.5,R,game-improvement
28.8,77.6,171,Straight,Forgiveness,Inconsistent,No preference,12,L,super-game-improvement
23.0,83.7,189,Slice,Forgiveness,Inconsistent,Forged/Blade-like,10.5,A,game-improvement
13.2,92.9,226,Fade,Forgiveness,Fat/Thin,Forged/Blade-like,10.5,R,game-improvement
22.4,80.8,183,Fade,Forgiveness,Inconsistent,Forged/Blade-like,10.5,A,game-improvement
13.9,89.5,211,Draw,Distance,Consistent,Confidence-inspiring,10.5,R,players-distance
31.7,90.9,209,Slice,Forgiveness,Fat/Thin,Confidence-inspiring,10.5,R,super-game-improvement
20.6,89.7,206,Slice,Accuracy,Fat/Thin,No preference,10.5,R,super-game-improvement
19.4,75.3,176,Straight,Forgiveness,Left/Right,Forged/Blade-like,12,A,game-improvement
18.1,103.9,225,Straight,Forgiveness,Inconsistent,Confidence-inspiring,9,S,super-game-improvement
32.7,87.9,223,Slice,Forgiveness,Left/Right,Forged/Blade-like,10.5,R,super-game-improvement
4.1,89.4,201,Straight,Forgiveness,Left/Right,Forged/Blade-like,10.5,R,players-cb
33.5,79.6,166,Fade,Forgiveness,Left/Right,Confidence-inspiring,12,A,super-game-improvement
15.3,87.7,198,Straight,Accuracy,Inconsistent,Forged/Blade-like,10.5,R,players-cb
4.3,109.8,284,Hook,Distance,Consistent,Forged/Blade-like,8,S,players-cb
10.2,95.3,219,Fade,Distance,Inconsistent,Confidence-inspiring,10.5,R,game-improvement
2.1,103.8,256,Straight,Forgiveness,Left/Right,Forged/Blade-like,9,S,players-cb
22.9,88.5,194,Slice,Accuracy,Fat/Thin,Confidence-inspiring,10.5,R,super-game-improvement
7.7,86.0,195,Fade,Accuracy,Left/Right,Forged/Blade-like,10.5,R,players-cb
18.5,107.5,251,Straight,Distance,Fat/Thin,Confidence-inspiring,9,R,game-improvement
27.2,94.1,201,Hook,Forgiveness,Inconsistent,Confidence-inspiring,10.5,R,super-game-improvement
11.0,91.0,216,Fade,Accuracy,Inconsistent,Forged/Blade-like,10.5,R,players-cb
14.6,98.0,233,Hook,Forgiveness,Left/Right,Confidence-inspiring,10.5,S,super-game-improvement
5.3,112.1,286,Draw,Forgiveness,Left/Right,Forged/Blade-like,8,X,players-cb
13.5,97.4,215,Straight,Accuracy,Left/Right,Confidence-inspiring,9,S,game-improvement
36.0,97.1,205,Straight,Distance,Left/Right,Confidence-inspiring,10.5,X,super-game-improvement
24.0,118.9,265,Slice,Distance,Fat/Thin,Forged/Blade-like,9,X,players-distance
14.6,94.8,220,Slice,Accuracy,Consistent,Confidence-inspiring,10.5,R,players-distance
11.5,92.4,240,Draw,Accuracy,Inconsistent,Confidence-inspiring,10.5,R,players-cb
16.6,84.8,194,Hook,Accuracy,Left/Right,Confidence-inspiring,10.5,R,game-improvement
18.2,71.5,141,Draw,Forgiveness,Left/Right,Forged/Blade-like,12,A,players-distance
13.2,109.5,253,Hook,Forgiveness,Fat/Thin,Forged/Blade-like,9,R,players-distance
21.8,87.6,196,Straight,Forgiveness,Fat/Thin,Confidence-inspiring,10.5,R,super-game-improvement
8.4,109.0,257,Fade,Forgiveness,Consistent,No preference,9,S,players-cb
8.4,111.1,257,Straight,Accuracy,Consistent,No preference,8,X,players-cb
20.3,81.4,173,Straight,Forgiveness,Consistent,Confidence-inspiring,10.5,A,super-game-improvement
6.5,92.3,240,Draw,Forgiveness,Left/Right,Forged/Blade-like,10.5,R,players-cb
23.6,107.4,243,Slice,Forgiveness,Left/Right,Confidence-inspiring,9,S,super-game-improvement
16.9,93.8,214,Straight,Accuracy,Fat/Thin,Forged/Blade-like,10.5,R,players-distance
0.5,99.1,261,Fade,Forgiveness,Consistent,Forged/Blade-like,10.5,S,blade
18.0,83.3,183,Fade,Accuracy,Inconsistent,Forged/Blade-like,10.5,A,players-distance
1.8,103.4,257,Slice,Accuracy,Consistent,Confidence-inspiring,10.5,S,players-cb
23.2,105.3,225,Slice,Forgiveness,Left/Right,Confidence-inspiring,9,S,super-game-improvement
14.8,102.8,245,Slice,Accuracy,Inconsistent,Forged/Blade-like,10.5,S,players-cb
33.7,84.9,172,Slice,Accuracy,Inconsistent,No preference,10.5,R,game-improvement
26.6,103.8,234,Fade,Accuracy,Left/Right,No preference,10.5,S,players-distance
7.5,114.9,291,Draw,Distance,Inconsistent,Forged/Blade-like,8,X,blade
0.0,109.3,269,Fade,Accuracy,Consistent,Confidence-inspiring,8,S,players-cb
10.2,120.0,263,Straight,Accuracy,Consistent,Forged/Blade-like,8,X,players-cb
6.0,99.4,238,Fade,Forgiveness,Consistent,Forged/Blade-like,10.5,S,players-cb
33.4,94.3,207,Straight,Forgiveness,Inconsistent,Confidence-inspiring,10.5,S,super-game-improvement
16.9,90.6,216,Draw,Forgiveness,Inconsistent,No preference,10.5,R,game-improvement
25.4,97.8,231,Slice,Distance,Fat/Thin,Confidence-inspiring,10.5,S,super-game-improvement
14.4,93.7,231,Straight,Distance,Inconsistent,No preference,10.5,R,game-improvement
15.4,100.1,230,Fade,Accuracy,Consistent,Forged/Blade-like,8,R,players-cb
16.7,118.5,267,Fade,Forgiveness,Fat/Thin,No preference,10.5,X,players-distance
27.0,97.2,204,Fade,Forgiveness,Inconsistent,No preference,10.5,S,super-game-improvement
19.8,97.3,216,Slice,Accuracy,Left/Right,Confidence-inspiring,9,S,game-improvement
7.5,93.2,226,Fade,Distance,Consistent,No preference,10.5,R,players-cb
31.6,86.4,175,Hook,Accuracy,Consistent,Confidence-inspiring,10.5,R,super-game-improvement
14.4,86.1,191,Hook,Forgiveness,Left/Right,No preference,10.5,R,game-improvement
12.9,106.1,253,Slice,Forgiveness,Inconsistent,Forged/Blade-like,9,S,players-distance
0.0,114.6,275,Fade,Accuracy,Left/Right,No preference,8,X,players-cb
22.7,88.8,203,Slice,Forgiveness,Left/Right,Confidence-inspiring,10.5,R,super-game-improvement
17.9,110.5,246,Slice,Accuracy,Consistent,Forged/Blade-like,8,X,players-cb
17.9,109.1,252,Slice,Forgiveness,Consistent,Confidence-inspiring,9,S,players-distance
13.4,98.4,222,Draw,Forgiveness,Fat/Thin,Forged/Blade-like,10.5,S,players-distance
11.8,103.6,226,Straight,Forgiveness,Inconsistent,Confidence-inspiring,9,S,game-improvement
13.7,90.8,220,Slice,Distance,Inconsistent,Confidence-inspiring,10.5,A,super-game-improvement
21.2,88.9,195,Slice,Forgiveness,Left/Right,Confidence-inspiring,10.5,A,super-game-improvement
22.8,79.7,177,Draw,Accuracy,Inconsistent,Confidence-inspiring,10.5,A,super-game-improvement
14.9,91.1,205,Straight,Forgiveness,Inconsistent,Confidence-inspiring,10.5,R,super-game-improvement
25.5,87.6,199,Straight,Forgiveness,Inconsistent,Confidence-inspiring,10.5,R,super-game-improvement
16.3,78.3,183,Draw,Accuracy,Fat/Thin,Confidence-inspiring,12,A,super-game-improvement
12.5,103.3,246,Straight,Forgiveness,Left/Right,Confidence-inspiring,9,X,game-improvement
18.8,103.4,231,Straight,Distance,Left/Right,Confidence-inspiring,9,S,players-distance
4.8,102.7,247,Straight,Forgiveness,Consistent,Confidence-inspiring,9,R,players-cb
19.1,66.0,154,Straight,Forgiveness,Inconsistent,Forged/Blade-like,12,L,game-improvement
3.1,101.4,260,Straight,Distance,Fat/Thin,No preference,9,S,blade
7.8,86.8,209,Straight,Distance,Inconsistent,Forged/Blade-like,9,R,players-cb
0.0,99.9,236,Slice,Accuracy,Left/Right,Forged/Blade-like,9,S,players-cb
15.4,110.0,257,Straight,Forgiveness,Fat/Thin,Confidence-inspiring,9,X,super-game-improvement
31.5,65.0,139,Slice,Distance,Fat/Thin,No preference,12,L,game-improvement
15.9,87.0,183,Fade,Distance,Inconsistent,No preference,10.5,R,game-improvement
22.8,98.8,205,Slice,Accuracy,Fat/Thin,No preference,9,S,super-game-improvement
36.0,74.5,158,Hook,Forgiveness,Fat/Thin,Confidence-inspiring,12,A,game-improvement
20.6,84.2,191,Slice,Distance,Left/Right,Confidence-inspiring,10.5,R,super-game-improvement
10.1,119.5,279,Hook,Forgiveness,Fat/Thin,Forged/Blade-like,9,X,blade
11.4,102.0,247,Hook,Forgiveness,Fat/Thin,No preference,9,S,players-distance
17.0,103.8,230,Straight,Forgiveness,Left/Right,Confidence-inspiring,9,S,game-improvement
11.3,103.3,230,Fade,Accuracy,Fat/Thin,Confidence-inspiring,9,S,players-distance
12.0,99.5,226,Slice,Forgiveness,Fat/Thin,Forged/Blade-like,10.5,S,game-improvement
25.9,101.0,218,Slice,Forgiveness,Left/Right,Confidence-inspiring,10.5,S,super-game-improvement
26.2,107.2,237,Fade,Distance,Inconsistent,Confidence-inspiring,10.5,S,game-improvement
2.2,87.7,206,Straight,Forgiveness,Left/Right,No preference,10.5,S,players-distance
9.6,99.1,215,Slice,Forgiveness,Left/Right,Forged/Blade-like,10.5,S,players-distance
12.8,96.9,203,Fade,Forgiveness,Left/Right,No preference,10.5,R,game-improvement
22.4,86.5,196,Draw,Forgiveness,Fat/Thin,Confidence-inspiring,10.5,A,game-improvement
27.3,97.2,204,Slice,Forgiveness,Fat/Thin,No preference,10.5,S,super-game-improvement
36.0,84.1,161,Slice,Forgiveness,Fat/Thin,Confidence-inspiring,10.5,R,super-game-improvement
12.8,116.6,278,Draw,Distance,Left/Right,Forged/Blade-like,8,X,players-cb
13.3,108.0,266,Slice,Accuracy,Inconsistent,No preference,8,R,game-improvement
22.3,104.5,234,Draw,Forgiveness,Fat/Thin,No preference,9,S,super-game-improvement
10.9,86.6,206,Hook,Accuracy,Consistent,No preference,10.5,R,players-cb
15.7,87.3,204,Draw,Forgiveness,Fat/Thin,Forged/Blade-like,10.5,R,players-distance
13.3,89.7,188,Slice,Distance,Inconsistent,Forged/Blade-like,10.5,R,players-distance
0.0,119.2,300,Straight,Accuracy,Fat/Thin,No preference,8,X,players-cb
18.1,84.0,203,Draw,Distance,Left/Right,Confidence-inspiring,10.5,R,super-game-improvement
15.4,86.1,216,Straight,Distance,Fat/Thin,Forged/Blade-like,9,R,players-distance
28.4,75.5,162,Straight,Forgiveness,Left/Right,Confidence-inspiring,12,A,super-game-improvement
17.0,120.0,265,Straight,Forgiveness,Fat/Thin,Confidence-inspiring,9,X,super-game-improvement
5.7,100.7,254,Fade,Distance,Consistent,No preference,9,S,blade
14.7,101.3,239,Draw,Accuracy,Inconsistent,Forged/Blade-like,9,S,players-cb
0.0,94.6,240,Fade,Accuracy,Consistent,Forged/Blade-like,10.5,R,blade
6.1,111.4,261,Slice,Distance,Inconsistent,Forged/Blade-like,8,X,players-cb
22.7,72.8,166,Straight,Distance,Left/Right,Confidence-inspiring,12,A,super-game-improvement
14.8,86.1,190,Slice,Distance,Fat/Thin,No preference,10.5,R,game-improvement
25.3,81.5,181,Slice,Forgiveness,Fat/Thin,Forged/Blade-like,12,A,super-game-improvement
0.0,108.2,262,Slice,Accuracy,Consistent,Confidence-inspiring,8,S,players-cb
14.8,88.0,225,Straight,Accuracy,Left/Right,Confidence-inspiring,10.5,R,game-improvement
12.7,112.6,268,Straight,Distance,Left/Right,Confidence-inspiring,8,X,players-distance
25.6,93.6,188,Slice,Accuracy,Inconsistent,Confidence-inspiring,10.5,R,super-game-improvement
23.1,83.4,187,Slice,Forgiveness,Consistent,Confidence-inspiring,10.5,A,super-game-improvement
22.8,100.5,229,Slice,Distance,Left/Right,Confidence-inspiring,9,S,super-game-improvement
30.9,81.1,172,Draw,Forgiveness,Fat/Thin,No preference,12,L,game-improvement
13.7,90.8,201,Slice,Accuracy,Consistent,Confidence-inspiring,12,R,players-distance
29.0,95.2,214,Slice,Distance,Fat/Thin,No preference,10.5,R,game-improvement
7.6,76.3,173,Slice,Distance,Consistent,Forged/Blade-like,12,A,players-distance
7.3,108.4,264,Draw,Accuracy,Consistent,No preference,8,S,players-cb
23.8,82.7,175,Hook,Distance,Left/Right,Confidence-inspiring,10.5,A,super-game-improvement
3.5,96.5,229,Fade,Distance,Consistent,Forged/Blade-like,9,R,players-cb
22.2,110.5,257,Hook,Accuracy,Left/Right,Confidence-inspiring,8,X,game-improvement
17.9,88.5,207,Straight,Accuracy,Inconsistent,Forged/Blade-like,10.5,A,players-cb
26.6,97.5,216,Fade,Forgiveness,Inconsistent,Confidence-inspiring,10.5,S,super-game-improvement
16.5,97.6,224,Draw,Forgiveness,Left/Right,No preference,10.5,S,game-improvement
17.5,97.9,225,Straight,Forgiveness,Left/Right,Forged/Blade-like,10.5,S,players-distance
21.6,88.8,193,Slice,Forgiveness,Fat/Thin,Confidence-inspiring,10.5,R,super-game-improvement
11.0,95.5,211,Fade,Distance,Inconsistent,Confidence-inspiring,10.5,R,game-improvement
10.6,114.1,274,Slice,Distance,Inconsistent,Forged/Blade-like,8,X,players-cb
21.3,100.8,241,Slice,Forgiveness,Fat/Thin,No preference,10.5,S,super-game-improvement
16.7,89.6,211,Fade,Forgiveness,Left/Right,No preference,12,R,game-improvement
13.3,86.5,204,Hook,Distance,Fat/Thin,Confidence-inspiring,10.5,R,game-improvement
16.3,89.1,194,Draw,Accuracy,Inconsistent,Forged/Blade-like,10.5,A,players-cb
31.4,94.5,213,Slice,Accuracy,Fat/Thin,Confidence-inspiring,10.5,R,super-game-improvement
13.0,108.9,258,Fade,Distance,Fat/Thin,Confidence-inspiring,8,X,game-improvement
12.8,102.8,247,Straight,Forgiveness,Left/Right,Confidence-inspiring,9,S,game-improvement
1.6,88.7,225,Straight,Forgiveness,Consistent,Forged/Blade-like,9,R,blade
16.6,102.2,249,Fade,Accuracy,Inconsistent,Forged/Blade-like,9,S,players-cb
22.9,103.5,222,Straight,Distance,Inconsistent,No preference,10.5,X,game-improvement
24.5,91.1,192,Draw,Forgiveness,Consistent,Confidence-inspiring,10.5,S,game-improvement
18.0,113.6,261,Straight,Distance,Left/Right,Forged/Blade-like,8,X,players-cb
25.6,75.4,159,Straight,Distance,Inconsistent,No preference,12,A,super-game-improvement
23.6,96.8,207,Hook,Distance,Inconsistent,Confidence-inspiring,9,R,super-game-improvement
27.0,77.4,182,Slice,Forgiveness,Fat/Thin,No preference,12,A,super-game-improvement
25.9,99.0,210,Draw,Forgiveness,Left/Right,No preference,10.5,S,super-game-improvement
31.1,91.0,197,Straight,Distance,Left/Right,Confidence-inspiring,10.5,R,super-game-improvement
15.5,113.5,248,Draw,Forgiveness,Left/Right,Forged/Blade-like,9,X,players-cb
5.1,107.5,259,Straight,Accuracy,Inconsistent,No preference,9,S,players-cb
23.0,86.3,204,Hook,Accuracy,Inconsistent,Confidence-inspiring,10.5,S,super-game-improvement
24.0,84.8,200,Slice,Forgiveness,Left/Right,Confidence-inspiring,10.5,R,super-game-improvement
31.1,82.4,188,Slice,Forgiveness,Left/Right,Confidence-inspiring,10.5,A,super-game-improvement
28.5,81.5,178,Slice,Forgiveness,Left/Right,Confidence-inspiring,10.5,A,super-game-improvement
34.5,96.0,215,Straight,Accuracy,Fat/Thin,Forged/Blade-like,9,R,game-improvement
22.6,103.4,236,Slice,Forgiveness,Inconsistent,Confidence-inspiring,9,S,super-game-improvement
19.1,78.0,174,Straight,Accuracy,Consistent,No preference,12,A,players-distance
4.5,103.3,252,Hook,Distance,Consistent,No preference,8,S,blade
19.8,93.2,220,Slice,Accuracy,Fat/Thin,Confidence-inspiring,10.5,R,super-game-improvement
12.0,90.0,199,Straight,Distance,Left/Right,Forged/Blade-like,10.5,R,players-cb
18.9,97.5,213,Hook,Distance,Left/Right,Confidence-inspiring,9,S,game-improvement
17.5,108.7,248,Fade,Accuracy,Consistent,Confidence-inspiring,8,S,players-cb
21.2,100.5,216,Slice,Forgiveness,Left/Right,Confidence-inspiring,10.5,S,super-game-improvement
16.1,108.5,239,Straight,Distance,Left/Right,Confidence-inspiring,8,S,players-cb
25.4,81.5,177,Slice,Forgiveness,Fat/Thin,Confidence-inspiring,12,A,super-game-improvement
0.0,106.4,270,Draw,Distance,Left/Right,Forged/Blade-like,9,R,blade
18.7,85.6,204,Straight,Forgiveness,Fat/Thin,Forged/Blade-like,10.5,R,game-improvement
27.8,89.5,200,Straight,Forgiveness,Fat/Thin,Confidence-inspiring,10.5,R,game-improvement
33.8,86.3,187,Slice,Distance,Left/Right,Confidence-inspiring,10.5,R,super-game-improvement
23.6,99.6,242,Slice,Forgiveness,Fat/Thin,Confidence-inspiring,10.5,S,game-improvement
32.2,97.2,205,Fade,Accuracy,Consistent,Confidence-inspiring,10.5,S,game-improvement
18.5,100.3,231,Slice,Forgiveness,Left/Right,No preference,10.5,R,super-game-improvement
17.0,85.8,192,Slice,Distance,Consistent,Confidence-inspiring,9,R,players-distance
21.8,77.7,164,Fade,Forgiveness,Left/Right,Confidence-inspiring,12,A,super-game-improvement
17.0,99.6,239,Fade,Forgiveness,Fat/Thin,Confidence-inspiring,10.5,S,super-game-improvement
10.0,114.2,267,Hook,Forgiveness,Left/Right,No preference,9,X,players-distance
12.4,97.3,234,Slice,Accuracy,Consistent,Confidence-inspiring,9,S,players-distance
7.0,86.0,203,Straight,Forgiveness,Consistent,No preference,10.5,R,players-distance
21.8,112.0,264,Straight,Distance,Consistent,No preference,8,X,players-cb
17.1,99.3,219,Straight,Distance,Consistent,Confidence-inspiring,9,S,players-distance
13.8,98.3,239,Slice,Accuracy,Consistent,Confidence-inspiring,10.5,X,players-distance
11.9,86.2,210,Straight,Forgiveness,Left/Right,Confidence-inspiring,10.5,R,game-improvement
21.5,91.5,190,Slice,Accuracy,Inconsistent,Confidence-inspiring,10.5,R,super-game-improvement
24.0,96.5,211,Fade,Distance,Inconsistent,Confidence-inspiring,10.5,R,game-improvement
6.8,106.4,263,Straight,Accuracy,Left/Right,Forged/Blade-like,9,S,blade
5.4,95.5,244,Hook,Distance,Inconsistent,Forged/Blade-like,10.5,R,blade
25.6,88.0,202,Straight,Distance,Left/Right,Confidence-inspiring,10.5,R,super-game-improvement
4.6,96.7,229,Straight,Distance,Consistent,Forged/Blade-like,10.5,R,blade
21.9,107.7,234,Draw,Forgiveness,Fat/Thin,Confidence-inspiring,9,S,game-improvement
31.6,93.5,208,Hook,Accuracy,Fat/Thin,Confidence-inspiring,12,R,super-game-improvement
31.6,79.3,168,Slice,Forgiveness,Inconsistent,Confidence-inspiring,12,A,super-game-improvement
23.6,78.3,172,Hook,Distance,Inconsistent,Confidence-inspiring,12,A,super-game-improvement
23.4,92.9,206,Draw,Forgiveness,Fat/Thin,Forged/Blade-like,10.5,R,game-improvement
36.0,76.6,171,Slice,Accuracy,Consistent,Confidence-inspiring,12,A,super-game-improvement
0.0,101.8,266,Straight,Accuracy,Inconsistent,No preference,9,S,players-cb
12.8,85.9,210,Fade,Forgiveness,Inconsistent,No preference,10.5,A,super-game-improvement
24.6,79.2,177,Slice,Forgiveness,Fat/Thin,Confidence-inspiring,10.5,L,super-game-improvement
14.0,98.1,220,Draw,Accuracy,Fat/Thin,No preference,9,S,game-improvement
28.2,84.2,191,Slice,Forgiveness,Left/Right,Confidence-inspiring,10.5,R,super-game-improvement
16.6,119.7,290,Slice,Distance,Fat/Thin,Forged/Blade-like,8,X,players-cb
18.2,99.6,237,Slice,Forgiveness,Fat/Thin,Confidence-inspiring,10.5,S,super-game-improvement
14.5,84.6,198,Straight,Distance,Left/Right,Confidence-inspiring,10.5,R,game-improvement
12.3,82.3,188,Draw,Distance,Fat/Thin,Forged/Blade-like,10.5,A,players-cb
12.1,101.8,241,Straight,Distance,Inconsistent,No preference,9,R,game-improvement
19.4,88.8,212,Straight,Accuracy,Left/Right,Forged/Blade-like,10.5,R,players-cb
10.0,112.5,268,Draw,Accuracy,Consistent,No preference,9,S,players-cb
25.6,91.4,202,Slice,Forgiveness,Inconsistent,Confidence-inspiring,10.5,R,super-game-improvement
22.9,70.6,152,Draw,Accuracy,Left/Right,Confidence-inspiring,12,L,super-game-improvement
26.9,77.5,194,Hook,Forgiveness,Fat/Thin,Confidence-inspiring,12,A,super-game-improvement
6.8,94.6,218,Draw,Forgiveness,Fat/Thin,No preference,10.5,R,game-improvement
1.7,109.3,257,Straight,Accuracy,Consistent,Forged/Blade-like,8,S,blade
17.0,83.9,194,Slice,Accuracy,Inconsistent,Forged/Blade-like,10.5,A,players-distance
36.0,83.0,175,Hook,Accuracy,Fat/Thin,No preference,10.5,A,super-game-improvement
28.4,73.3,170,Slice,Distance,Fat/Thin,Confidence-inspiring,12,A,super-game-improvement
12.0,97.9,239,Fade,Forgiveness,Left/Right,Forged/Blade-like,10.5,S,players-distance
20.8,95.6,205,Straight,Forgiveness,Inconsistent,Confidence-inspiring,10.5,R,super-game-improvement
23.5,104.6,227,Draw,Accuracy,Fat/Thin,Confidence-inspiring,9,S,game-improvement
4.7,105.3,246,Draw,Accuracy,Consistent,Forged/Blade-like,9,S,blade
29.3,77.9,177,Slice,Forgiveness,Left/Right,Confidence-inspiring,12,A,super-game-improvement
15.5,110.4,259,Slice,Distance,Fat/Thin,No preference,8,S,game-improvement
16.2,93.2,211,Slice,Accuracy,Left/Right,Forged/Blade-like,10.5,R,players-cb
17.2,102.0,236,Straight,Accuracy,Consistent,No preference,9,S,players-cb
27.3,81.3,169,Slice,Distance,Left/Right,Confidence-inspiring,12,A,super-game-improvement
10.2,100.0,229,Slice,Accuracy,Inconsistent,Forged/Blade-like,9,X,players-cb
1.6,96.9,224,Draw,Distance,Consistent,Forged/Blade-like,9,R,blade
19.9,95.7,219,Straight,Accuracy,Fat/Thin,Forged/Blade-like,10.5,R,players-distance
0.0,114.0,281,Draw,Forgiveness,Inconsistent,No preference,9,S,players-distance
14.3,91.3,203,Draw,Distance,Left/Right,Confidence-inspiring,10.5,R,game-improvement
27.7,81.7,184,Slice,Accuracy,Inconsistent,Confidence-inspiring,12,A,super-game-improvement
22.2,94.5,222,Straight,Forgiveness,Left/Right,Confidence-inspiring,10.5,R,super-game-improvement
26.4,79.8,167,Straight,Accuracy,Fat/Thin,Forged/Blade-like,10.5,A,game-improvement
22.6,75.5,167,Straight,Forgiveness,Left/Right,Confidence-inspiring,12,A,game-improvement
36.0,85.1,186,Straight,Accuracy,Inconsistent,Confidence-inspiring,10.5,R,super-game-improvement
11.7,97.0,227,Hook,Distance,Inconsistent,No preference,9,S,players-distance
20.6,90.7,193,Slice,Forgiveness,Fat/Thin,Confidence-inspiring,10.5,R,super-game-improvement
13.1,102.3,235,Straight,Forgiveness,Consistent,No preference,9,S,players-distance
25.6,95.2,207,Straight,Forgiveness,Left/Right,Confidence-inspiring,10.5,R,super-game-improvement
16.4,93.2,213,Draw,Distance,Inconsistent,Forged/Blade-like,10.5,R,players-cb
32.5,72.7,156,Slice,Forgiveness,Left/Right,Confidence-inspiring,12,A,super-game-improvement
12.2,91.3,228,Fade,Distance,Left/Right,Forged/Blade-like,10.5,A,players-cb
29.7,91.7,198,Straight,Forgiveness,Left/Right,Forged/Blade-like,9,S,game-improvement
22.3,92.2,192,Slice,Accuracy,Left/Right,No preference,10.5,R,game-improvement
16.7,89.1,206,Straight,Forgiveness,Inconsistent,Forged/Blade-like,10.5,R,game-improvement
21.9,83.3,203,Fade,Forgiveness,Left/Right,No preference,10.5,A,super-game-improvement
19.4,99.0,224,Straight,Accuracy,Fat/Thin,Forged/Blade-like,9,S,players-distance
20.2,90.0,200,Slice,Distance,Left/Right,Confidence-inspiring,10.5,R,super-game-improvement
15.1,103.3,236,Slice,Accuracy,Consistent,Forged/Blade-like,9,S,players-cb
10.7,107.5,258,Straight,Distance,Consistent,Confidence-inspiring,9,S,players-cb
14.0,93.4,214,Straight,Accuracy,Inconsistent,Confidence-inspiring,10.5,R,game-improvement
1.9,114.2,264,Hook,Accuracy,Consistent,Forged/Blade-like,8,X,blade
24.6,90.7,196,Slice,Forgiveness,Fat/Thin,Forged/Blade-like,10.5,R,super-game-improvement
5.9,104.7,250,Fade,Distance,Consistent,Forged/Blade-like,9,S,blade
15.0,73.9,176,Hook,Distance,Consistent,Confidence-inspiring,12,L,players-distance
22.8,80.8,176,Straight,Forgiveness,Fat/Thin,Confidence-inspiring,12,A,super-game-improvement
24.6,80.1,176,Slice,Forgiveness,Inconsistent,Confidence-inspiring,12,R,super-game-improvement
1.0,102.1,250,Straight,Distance,Left/Right,Forged/Blade-like,9,S,blade
16.2,96.1,214,Straight,Forgiveness,Left/Right,Confidence-inspiring,10.5,R,super-game-improvement
21.1,93.2,210,Slice,Forgiveness,Fat/Thin,Confidence-inspiring,10.5,R,game-improvement
17.5,97.0,227,Slice,Accuracy,Inconsistent,Forged/Blade-like,9,S,players-distance
29.1,79.4,163,Slice,Forgiveness,Left/Right,Confidence-inspiring,12,A,super-game-improvement
9.6,106.4,254,Draw,Accuracy,Consistent,No preference,9,S,players-cb
0.0,120.0,284,Straight,Distance,Consistent,Confidence-inspiring,8,S,blade
24.3,85.9,182,Slice,Distance,Fat/Thin,Confidence-inspiring,10.5,R,super-game-improvement
12.2,91.1,207,Straight,Forgiveness,Inconsistent,Forged/Blade-like,10.5,R,players-distance
1.2,98.3,252,Draw,Forgiveness,Inconsistent,No preference,10.5,S,players-cb
15.6,96.2,207,Draw,Accuracy,Fat/Thin,Confidence-inspiring,9,R,super-game-improvement
28.1,81.6,175,Hook,Distance,Inconsistent,Confidence-inspiring,12,A,super-game-improvement
5.6,84.9,203,Straight,Accuracy,Left/Right,Forged/Blade-like,10.5,R,blade
36.0,67.0,153,Slice,Accuracy,Fat/Thin,Confidence-inspiring,12,L,super-game-improvement
9.5,109.7,277,Straight,Accuracy,Left/Right,No preference,8,S,players-cb
17.8,106.7,241,Draw,Forgiveness,Left/Right,Forged/Blade-like,9,S,players-distance
6.0,117.9,287,Draw,Accuracy,Fat/Thin,No preference,8,X,players-cb
17.4,96.4,220,Fade,Distance,Inconsistent,Forged/Blade-like,9,R,players-distance
15.8,85.3,196,Fade,Forgiveness,Left/Right,Forged/Blade-like,10.5,R,players-distance
3.6,99.2,242,Fade,Accuracy,Consistent,Confidence-inspiring,9,S,players-cb
36.0,66.6,127,Hook,Forgiveness,Inconsistent,Confidence-inspiring,12,L,super-game-improvement
12.5,82.2,192,Straight,Accuracy,Fat/Thin,Forged/Blade-like,10.5,A,players-distance
12.5,100.1,238,Hook,Accuracy,Inconsistent,Forged/Blade-like,9,S,players-cb
25.7,93.9,201,Slice,Distance,Inconsistent,Confidence-inspiring,10.5,R,super-game-improvement
33.3,102.9,225,Straight,Forgiveness,Fat/Thin,Confidence-inspiring,10.5,S,super-game-improvement
27.1,86.7,176,Fade,Forgiveness,Inconsistent,Confidence-inspiring,12,S,super-game-improvement
6.2,88.2,212,Draw,Forgiveness,Inconsistent,Forged/Blade-like,10.5,R,players-distance
18.9,91.9,222,Slice,Accuracy,Fat/Thin,No preference,10.5,R,game-improvement
0.1,103.1,251,Straight,Accuracy,Consistent,Forged/Blade-like,9,S,blade
25.1,84.0,178,Draw,Forgiveness,Fat/Thin,Confidence-inspiring,9,R,super-game-improvement
2.3,107.9,249,Slice,Forgiveness,Consistent,Forged/Blade-like,9,S,blade
9.8,87.2,209,Straight,Distance,Consistent,Forged/Blade-like,10.5,R,players-cb
17.0,95.7,228,Slice,Forgiveness,Left/Right,Confidence-inspiring,10.5,R,super-game-improvement
21.0,98.2,222,Fade,Distance,Inconsistent,No preference,9,S,game-improvement
14.7,110.2,251,Straight,Distance,Inconsistent,Forged/Blade-like,8,X,players-cb
30.7,88.2,174,Draw,Forgiveness,Inconsistent,Confidence-inspiring,10.5,R,super-game-improvement
23.5,100.5,226,Hook,Forgiveness,Inconsistent,Confidence-inspiring,10.5,S,super-game-improvement
22.8,86.1,187,Slice,Forgiveness,Fat/Thin,Confidence-inspiring,10.5,R,super-game-improvement
5.9,98.9,231,Draw,Accuracy,Left/Right,Forged/Blade-like,9,S,blade
32.3,97.5,225,Slice,Forgiveness,Left/Right,Confidence-inspiring,10.5,S,super-game-improvement
9.8,85.6,186,Fade,Distance,Consistent,Forged/Blade-like,10.5,R,players-cb
32.6,79.8,157,Slice,Forgiveness,Left/Right,Confidence-inspiring,12,A,super-game-improvement
35.2,93.3,201,Straight,Distance,Fat/Thin,Confidence-inspiring,10.5,R,super-game-improvement
21.6,89.2,198,Straight,Distance,Left/Right,Confidence-inspiring,10.5,R,super-game-improvement
26.3,85.3,184,Slice,Forgiveness,Left/Right,No preference,10.5,R,game-improvement
0.0,103.3,256,Straight,Distance,Consistent,Confidence-inspiring,9,S,blade
15.2,96.8,226,Slice,Distance,Left/Right,Forged/Blade-like,9,A,players-cb
26.9,98.6,209,Draw,Distance,Fat/Thin,Confidence-inspiring,9,S,super-game-improvement
25.3,98.0,212,Hook,Distance,Left/Right,Confidence-inspiring,10.5,S,game-improvement
6.0,102.0,245,Straight,Distance,Fat/Thin,No preference,9,S,players-distance
14.4,107.1,250,Draw,Distance,Left/Right,Confidence-inspiring,9,S,players-distance
0.0,109.4,272,Fade,Accuracy,Fat/Thin,Confidence-inspiring,8,S,players-distance
20.7,100.5,222,Slice,Accuracy,Fat/Thin,Forged/Blade-like,9,S,game-improvement
0.1,95.6,237,Straight,Accuracy,Consistent,No preference,10.5,R,players-cb
27.2,104.9,240,Slice,Forgiveness,Inconsistent,Confidence-inspiring,10.5,S,super-game-improvement
27.6,89.4,197,Fade,Forgiveness,Fat/Thin,Confidence-inspiring,10.5,R,super-game-improvement
12.7,69.9,162,Fade,Distance,Inconsistent,No preference,12,L,game-improvement
21.7,107.8,241,Draw,Forgiveness,Fat/Thin,Confidence-inspiring,9,S,game-improvement
15.0,95.9,216,Hook,Forgiveness,Inconsistent,Confidence-inspiring,10.5,R,super-game-improvement
19.2,89.0,194,Straight,Accuracy,Left/Right,Confidence-inspiring,10.5,R,game-improvement
6.7,95.4,225,Straight,Accuracy,Consistent,Forged/Blade-like,9,R,blade
22.6,95.0,217,Slice,Distance,Left/Right,No preference,12,R,game-improvement
2.2,95.6,224,Draw,Accuracy,Consistent,Forged/Blade-like,10.5,R,players-cb
0.5,99.9,244,Straight,Accuracy,Consistent,No preference,8,S,blade
15.9,89.7,205,Draw,Accuracy,Fat/Thin,Confidence-inspiring,10.5,R,game-improvement
15.1,92.8,231,Hook,Forgiveness,Consistent,Confidence-inspiring,10.5,R,game-improvement
19.5,87.6,206,Hook,Accuracy,Left/Right,Confidence-inspiring,10.5,R,game-improvement
11.2,106.9,257,Straight,Forgiveness,Left/Right,No preference,10.5,S,players-distance
34.0,85.6,192,Hook,Forgiveness,Fat/Thin,Confidence-inspiring,10.5,R,super-game-improvement
18.4,97.4,218,Hook,Forgiveness,Left/Right,Confidence-inspiring,10.5,R,super-game-improvement
19.1,99.1,238,Slice,Forgiveness,Left/Right,Confidence-inspiring,10.5,S,super-game-improvement
18.8,92.3,212,Slice,Distance,Consistent,No preference,10.5,R,players-distance
26.0,78.1,173,Slice,Distance,Left/Right,No preference,12,A,super-game-improvement
22.2,109.0,234,Fade,Forgiveness,Consistent,Confidence-inspiring,9,S,game-improvement
21.0,101.0,225,Draw,Accuracy,Fat/Thin,No preference,9,S,game-improvement
23.6,106.1,222,Hook,Distance,Left/Right,Confidence-inspiring,8,S,game-improvement
0.6,115.9,281,Draw,Accuracy,Consistent,No preference,8,X,blade
0.9,100.8,241,Straight,Distance,Consistent,No preference,9,S,blade
16.3,71.4,161,Slice,Forgiveness,Fat/Thin,No preference,12,L,super-game-improvement
15.2,83.4,180,Slice,Forgiveness,Inconsistent,No preference,10.5,A,super-game-improvement
22.2,97.3,225,Slice,Accuracy,Left/Right,Confidence-inspiring,9,S,super-game-improvement
17.2,93.3,219,Fade,Forgiveness,Left/Right,Confidence-inspiring,10.5,R,super-game-improvement
22.2,86.7,210,Draw,Forgiveness,Left/Right,Confidence-inspiring,10.5,R,super-game-improvement
5.8,77.1,200,Fade,Distance,Left/Right,Forged/Blade-like,12,A,players-cb
16.9,94.4,218,Draw,Forgiveness,Fat/Thin,No preference,10.5,R,super-game-improvement
4.9,91.9,230,Draw,Distance,Inconsistent,Confidence-inspiring,10.5,R,players-distance
20.5,84.8,194,Slice,Accuracy,Fat/Thin,Confidence-inspiring,10.5,R,super-game-improvement
0.1,114.4,276,Straight,Accuracy,Inconsistent,Confidence-inspiring,8,X,players-cb
20.1,82.0,184,Slice,Distance,Left/Right,Confidence-inspiring,9,A,super-game-improvement
3.8,94.1,233,Slice,Accuracy,Consistent,No preference,10.5,R,players-cb
13.5,98.7,267,Straight,Forgiveness,Inconsistent,Confidence-inspiring,10.5,S,super-game-improvement
25.1,97.7,228,Draw,Accuracy,Fat/Thin,Confidence-inspiring,10.5,R,super-game-improvement
19.0,89.1,205,Fade,Forgiveness,Fat/Thin,Confidence-inspiring,10.5,R,super-game-improvement
2.2,119.2,294,Straight,Forgiveness,Inconsistent,Confidence-inspiring,9,X,players-distance
10.9,85.8,206,Straight,Distance,Left/Right,Forged/Blade-like,10.5,R,players-cb
3.5,89.1,215,Slice,Accuracy,Consistent,Forged/Blade-like,10.5,R,blade
1.7,89.5,225,Straight,Accuracy,Inconsistent,No preference,10.5,R,players-cb
18.1,77.2,175,Hook,Accuracy,Inconsistent,Confidence-inspiring,12,A,super-game-improvement
22.0,94.4,203,Slice,Distance,Left/Right,Confidence-inspiring,10.5,R,game-improvement
21.0,81.9,190,Straight,Forgiveness,Fat/Thin,Confidence-inspiring,12,A,super-game-improvement
22.4,76.7,178,Fade,Accuracy,Left/Right,Confidence-inspiring,10.5,A,game-improvement
16.9,98.3,225,Draw,Accuracy,Inconsistent,No preference,9,S,players-distance
14.5,104.4,245,Draw,Distance,Inconsistent,Forged/Blade-like,9,S,players-cb
7.3,111.5,274,Fade,Forgiveness,Left/Right,No preference,9,X,players-distance
13.0,105.9,247,Straight,Forgiveness,Left/Right,No preference,9,S,game-improvement
5.1,93.4,221,Hook,Accuracy,Left/Right,No preference,10.5,R,players-cb
9.4,102.4,236,Straight,Distance,Consistent,Forged/Blade-like,9,S,players-cb
17.8,98.9,224,Fade,Accuracy,Consistent,No preference,10.5,S,players-cb
15.9,90.4,222,Fade,Forgiveness,Left/Right,Confidence-inspiring,10.5,R,super-game-improvement
36.0,83.2,175,Slice,Accuracy,Consistent,Confidence-inspiring,10.5,L,super-game-improvement
4.9,90.2,220,Draw,Accuracy,Fat/Thin,No preference,10.5,R,players-cb
15.9,88.9,202,Fade,Distance,Fat/Thin,Confidence-inspiring,10.5,S,game-improvement
4.2,106.9,254,Draw,Accuracy,Consistent,Forged/Blade-like,9,S,blade
13.5,111.9,253,Straight,Forgiveness,Left/Right,Confidence-inspiring,8,X,super-game-improvement
13.9,108.1,252,Slice,Forgiveness,Left/Right,Forged/Blade-like,9,S,players-distance
24.6,95.9,209,Straight,Forgiveness,Fat/Thin,Confidence-inspiring,10.5,R,super-game-improvement
13.0,98.0,240,Straight,Accuracy,Consistent,No preference,9,S,players-cb
15.3,94.8,218,Draw,Accuracy,Inconsistent,Forged/Blade-like,10.5,R,players-cb
13.1,82.6,192,Fade,Accuracy,Left/Right,Forged/Blade-like,10.5,A,players-cb
4.4,94.7,227,Straight,Distance,Left/Right,Forged/Blade-like,10.5,R,blade
11.1,90.4,216,Draw,Distance,Left/Right,Confidence-inspiring,10.5,R,players-distance
13.6,102.5,252,Slice,Distance,Fat/Thin,No preference,9,S,game-improvement
17.7,103.4,228,Slice,Forgiveness,Fat/Thin,No preference,9,S,super-game-improvement
22.0,98.4,224,Straight,Forgiveness,Inconsistent,No preference,10.5,S,super-game-improvement
14.9,107.7,235,Slice,Accuracy,Inconsistent,Forged/Blade-like,8,S,players-cb
14.7,96.7,235,Slice,Accuracy,Inconsistent,No preference,9,R,game-improvement
1.5,95.2,231,Draw,Distance,Consistent,Forged/Blade-like,10.5,R,blade
21.9,90.6,191,Hook,Forgiveness,Inconsistent,No preference,10.5,R,super-game-improvement
10.7,91.5,204,Fade,Accuracy,Left/Right,Forged/Blade-like,10.5,S,players-cb
23.7,96.5,223,Straight,Forgiveness,Inconsistent,No preference,10.5,R,super-game-improvement
28.8,82.8,166,Slice,Distance,Fat/Thin,Confidence-inspiring,10.5,A,super-game-improvement
15.3,94.6,221,Straight,Forgiveness,Fat/Thin,Confidence-inspiring,10.5,R,super-game-improvement
7.8,107.6,252,Fade,Distance,Consistent,No preference,9,S,players-cb
16.8,87.2,199,Straight,Distance,Left/Right,No preference,12,R,players-distance
20.1,102.0,225,Straight,Forgiveness,Left/Right,Confidence-inspiring,9,S,super-game-improvement
14.2,82.9,184,Straight,Forgiveness,Consistent,Confidence-inspiring,10.5,A,game-improvement
11.9,101.0,232,Hook,Forgiveness,Inconsistent,No preference,10.5,S,super-game-improvement
22.1,90.1,208,Slice,Distance,Fat/Thin,Confidence-inspiring,10.5,R,super-game-improvement
21.5,99.7,222,Draw,Distance,Left/Right,Confidence-inspiring,10.5,S,game-improvement
13.9,82.8,196,Straight,Distance,Fat/Thin,Forged/Blade-like,9,A,players-distance
2.1,89.3,215,Fade,Distance,Inconsistent,No preference,10.5,R,blade
21.1,99.2,230,Straight,Forgiveness,Fat/Thin,Confidence-inspiring,10.5,S,super-game-improvement
10.1,95.2,228,Slice,Accuracy,Inconsistent,Confidence-inspiring,10.5,R,game-improvement
18.9,92.2,205,Fade,Accuracy,Left/Right,No preference,10.5,R,players-distance
18.4,86.9,190,Straight,Distance,Inconsistent,Forged/Blade-like,10.5,R,blade
0.0,115.1,291,Straight,Accuracy,Consistent,No preference,8,X,players-cb
17.7,97.0,215,Fade,Accuracy,Left/Right,Confidence-inspiring,9,S,game-improvement
21.6,93.7,216,Slice,Forgiveness,Inconsistent,Confidence-inspiring,9,R,super-game-improvement
22.7,78.9,177,Straight,Forgiveness,Consistent,Confidence-inspiring,12,A,super-game-improvement
18.1,98.7,222,Draw,Distance,Left/Right,Confidence-inspiring,8,S,super-game-improvement
0.0,96.1,239,Draw,Distance,Left/Right,No preference,9,R,players-cb
28.5,80.0,188,Straight,Forgiveness,Fat/Thin,No preference,12,L,super-game-improvement
20.7,78.3,183,Straight,Forgiveness,Fat/Thin,Confidence-inspiring,12,A,super-game-improvement
6.2,100.2,241,Draw,Accuracy,Consistent,Forged/Blade-like,10.5,S,blade
9.9,109.9,274,Straight,Distance,Inconsistent,No preference,8,S,players-cb
19.1,95.3,202,Draw,Distance,Inconsistent,Confidence-inspiring,9,R,game-improvement
23.1,85.9,183,Fade,Distance,Left/Right,Confidence-inspiring,10.5,R,super-game-improvement
12.6,98.5,226,Slice,Distance,Left/Right,Confidence-inspiring,9,S,game-improvement
24.4,90.4,214,Slice,Forgiveness,Inconsistent,Confidence-inspiring,12,A,super-game-improvement
0.9,106.0,267,Draw,Accuracy,Left/Right,No preference,9,S,players-cb
7.6,102.6,229,Straight,Accuracy,Fat/Thin,No preference,9,S,players-distance
0.0,95.6,230,Fade,Distance,Consistent,Forged/Blade-like,10.5,R,blade
8.9,101.0,227,Hook,Distance,Left/Right,No preference,9,S,players-cb
30.6,67.6,147,Slice,Accuracy,Fat/Thin,Confidence-inspiring,12,A,super-game-improvement
35.5,87.6,195,Hook,Distance,Inconsistent,Confidence-inspiring,10.5,A,super-game-improvement
19.1,82.0,196,Straight,Forgiveness,Fat/Thin,No preference,10.5,A,super-game-improvement
11.3,110.1,261,Draw,Forgiveness,Left/Right,Confidence-inspiring,9,X,super-game-improvement
15.0,71.3,161,Straight,Distance,Fat/Thin,No preference,12,L,game-improvement
21.3,108.3,244,Fade,Distance,Inconsistent,Confidence-inspiring,8,X,game-improvement
2.9,87.6,218,Hook,Accuracy,Consistent,Confidence-inspiring,10.5,R,players-cb
11.8,86.0,223,Straight,Distance,Consistent,Confidence-inspiring,10.5,R,players-distance
29.9,88.7,183,Straight,Distance,Fat/Thin,No preference,10.5,R,super-game-improvement
7.6,107.0,269,Straight,Accuracy,Left/Right,No preference,9,S,players-cb
10.3,96.2,229,Straight,Accuracy,Consistent,Confidence-inspiring,9,R,players-cb
17.1,103.3,245,Hook,Distance,Left/Right,Confidence-inspiring,9,S,players-distance
19.5,84.8,195,Slice,Accuracy,Inconsistent,Forged/Blade-like,10.5,R,players-distance
11.4,94.3,234,Fade,Forgiveness,Left/Right,Confidence-inspiring,10.5,R,game-improvement
17.7,90.9,211,Draw,Distance,Inconsistent,No preference,10.5,R,players-distance
22.5,85.3,186,Hook,Distance,Fat/Thin,Forged/Blade-like,10.5,R,players-distance
34.7,65.0,143,Fade,Accuracy,Left/Right,Confidence-inspiring,10.5,L,super-game-improvement
15.9,94.9,229,Straight,Forgiveness,Fat/Thin,Forged/Blade-like,10.5,R,game-improvement
16.6,93.6,215,Slice,Forgiveness,Left/Right,Confidence-inspiring,10.5,R,super-game-improvement
30.7,95.9,190,Fade,Forgiveness,Inconsistent,Confidence-inspiring,10.5,R,super-game-improvement
12.1,84.9,198,Fade,Forgiveness,Inconsistent,Forged/Blade-like,10.5,R,players-distance
5.1,96.1,232,Straight,Distance,Consistent,No preference,9,R,blade
19.3,104.9,238,Slice,Accuracy,Left/Right,Forged/Blade-like,9,S,players-cb
26.7,90.8,196,Slice,Accuracy,Fat/Thin,Confidence-inspiring,10.5,R,super-game-improvement
20.2,97.8,234,Hook,Forgiveness,Left/Right,Forged/Blade-like,10.5,S,game-improvement
16.1,99.6,208,Slice,Forgiveness,Inconsistent,Forged/Blade-like,10.5,S,game-improvement
4.0,107.9,261,Draw,Accuracy,Left/Right,No preference,9,S,players-distance
16.5,113.0,261,Straight,Forgiveness,Consistent,Forged/Blade-like,9,S,players-cb
28.1,87.8,212,Fade,Distance,Fat/Thin,Confidence-inspiring,9,R,super-game-improvement
5.9,91.9,220,Straight,Forgiveness,Left/Right,Confidence-inspiring,10.5,A,game-improvement
14.8,102.3,241,Draw,Accuracy,Left/Right,Confidence-inspiring,9,S,players-distance
13.5,91.2,213,Slice,Accuracy,Left/Right,Forged/Blade-like,10.5,A,players-cb
10.7,97.6,231,Fade,Distance,Consistent,Forged/Blade-like,8,X,players-cb
19.2,96.6,236,Draw,Forgiveness,Left/Right,No preference,10.5,R,game-improvement
21.0,83.5,179,Fade,Distance,Fat/Thin,No preference,10.5,L,super-game-improvement
20.9,86.7,190,Draw,Forgiveness,Left/Right,Confidence-inspiring,10.5,R,game-improvement
8.2,105.2,257,Fade,Forgiveness,Left/Right,No preference,9,S,players-distance
2.2,99.0,243,Draw,Accuracy,Inconsistent,Forged/Blade-like,9,S,blade
19.4,102.5,231,Straight,Accuracy,Left/Right,Forged/Blade-like,9,R,players-cb
12.4,87.7,204,Fade,Distance,Fat/Thin,No preference,10.5,R,game-improvement
33.5,73.3,166,Straight,Forgiveness,Inconsistent,Confidence-inspiring,12,A,super-game-improvement
34.0,101.9,223,Fade,Forgiveness,Fat/Thin,Confidence-inspiring,9,S,super-game-improvement
34.9,67.0,137,Straight,Forgiveness,Left/Right,No preference,10.5,L,super-game-improvement
8.5,100.0,239,Straight,Distance,Left/Right,No preference,9,S,players-distance
22.1,109.5,246,Hook,Forgiveness,Left/Right,No preference,9,S,game-improvement
24.8,88.9,202,Straight,Accuracy,Fat/Thin,No preference,10.5,R,game-improvement
23.8,103.3,228,Draw,Accuracy,Fat/Thin,No preference,9,S,game-improvement
13.8,103.1,229,Straight,Forgiveness,Fat/Thin,Confidence-inspiring,8,S,super-game-improvement
28.5,86.5,196,Fade,Accuracy,Fat/Thin,No preference,10.5,R,super-game-improvement
17.0,93.1,219,Slice,Forgiveness,Left/Right,Confidence-inspiring,10.5,R,super-game-improvement
18.2,72.4,178,Draw,Forgiveness,Inconsistent,Confidence-inspiring,12,A,game-improvement
3.2,100.6,232,Draw,Forgiveness,Consistent,Confidence-inspiring,10.5,R,players-cb
22.8,92.8,208,Hook,Distance,Inconsistent,Confidence-inspiring,10.5,R,super-game-improvement
14.7,98.3,226,Straight,Distance,Left/Right,Forged/Blade-like,9,S,players-cb
21.2,116.2,259,Slice,Forgiveness,Consistent,Confidence-inspiring,9,X,game-improvement
19.1,95.8,204,Fade,Distance,Left/Right,Forged/Blade-like,9,R,players-distance
18.6,99.7,218,Slice,Forgiveness,Fat/Thin,Confidence-inspiring,10.5,S,super-game-improvement
16.6,106.4,247,Slice,Forgiveness,Fat/Thin,Confidence-inspiring,9,X,super-game-improvement
24.1,95.0,208,Slice,Forgiveness,Fat/Thin,Confidence-inspiring,12,R,super-game-improvement
15.2,94.8,212,Straight,Accuracy,Left/Right,Confidence-inspiring,10.5,R,game-improvement
3.9,102.5,260,Straight,Distance,Consistent,No preference,8,S,blade
22.1,87.5,218,Fade,Accuracy,Left/Right,Confidence-inspiring,10.5,S,super-game-improvement
9.7,103.8,245,Slice,Accuracy,Left/Right,No preference,9,R,players-distance
5.1,100.8,229,Hook,Distance,Inconsistent,Forged/Blade-like,9,S,blade
7.8,106.9,258,Straight,Accuracy,Consistent,Confidence-inspiring,9,S,blade
19.5,82.6,169,Straight,Distance,Fat/Thin,No preference,10.5,A,super-game-improvement
16.1,96.5,210,Draw,Distance,Consistent,No preference,9,S,players-cb
0.0,120.0,298,Draw,Accuracy,Left/Right,No preference,8,X,players-cb
13.5,94.6,208,Fade,Distance,Left/Right,No preference,12,R,players-distance
27.5,105.7,230,Draw,Forgiveness,Fat/Thin,Confidence-inspiring,10.5,S,super-game-improvement
12.9,98.9,217,Draw,Forgiveness,Inconsistent,Confidence-inspiring,10.5,S,game-improvement
15.5,94.9,220,Draw,Accuracy,Fat/Thin,Confidence-inspiring,10.5,R,game-improvement
26.4,89.2,207,Draw,Distance,Left/Right,No preference,10.5,S,game-improvement
24.2,86.4,187,Fade,Accuracy,Inconsistent,Confidence-inspiring,10.5,R,super-game-improvement
26.2,68.4,151,Straight,Accuracy,Inconsistent,Forged/Blade-like,12,L,game-improvement
0.0,114.8,274,Draw,Accuracy,Left/Right,Forged/Blade-like,8,X,players-cb
32.6,105.8,221,Slice,Distance,Consistent,No preference,10.5,S,players-distance
22.7,95.4,207,Hook,Forgiveness,Fat/Thin,Confidence-inspiring,10.5,R,super-game-improvement
36.0,86.9,192,Fade,Distance,Left/Right,Forged/Blade-like,10.5,R,players-distance
10.0,97.4,217,Hook,Forgiveness,Inconsistent,Forged/Blade-like,10.5,S,players-distance
1.1,116.8,282,Slice,Distance,Consistent,Confidence-inspiring,8,X,players-cb
17.1,94.0,220,Straight,Distance,Left/Right,Confidence-inspiring,10.5,R,players-distance
14.5,98.8,237,Hook,Forgiveness,Fat/Thin,Confidence-inspiring,10.5,S,super-game-improvement
22.9,74.8,172,Straight,Forgiveness,Left/Right,No preference,12,A,super-game-improvement
26.7,82.6,182,Fade,Distance,Inconsistent,No preference,10.5,A,super-game-improvement
16.2,98.7,222,Fade,Forgiveness,Left/Right,Confidence-inspiring,10.5,S,super-game-improvement
14.8,105.0,252,Draw,Forgiveness,Fat/Thin,No preference,9,S,game-improvement
21.7,100.6,219,Slice,Forgiveness,Inconsistent,Confidence-inspiring,10.5,S,super-game-improvement
14.7,80.2,178,Fade,Forgiveness,Left/Right,Forged/Blade-like,12,A,game-improvement
13.9,81.8,202,Fade,Accuracy,Inconsistent,Confidence-inspiring,12,A,game-improvement
26.3,94.0,211,Slice,Forgiveness,Fat/Thin,Forged/Blade-like,10.5,R,super-game-improvement
28.3,79.3,178,Draw,Forgiveness,Consistent,Confidence-inspiring,12,A,super-game-improvement
26.8,96.7,219,Slice,Forgiveness,Fat/Thin,Confidence-inspiring,10.5,R,super-game-improvement
15.5,79.2,182,Draw,Forgiveness,Left/Right,No preference,12,A,super-game-improvement
0.0,105.0,244,Slice,Distance,Consistent,No preference,9,S,blade
15.7,95.0,222,Slice,Accuracy,Consistent,No preference,10.5,R,players-distance
10.2,103.9,245,Fade,Forgiveness,Left/Right,Confidence-inspiring,9,S,game-improvement
15.8,84.9,188,Straight,Distance,Inconsistent,Forged/Blade-like,10.5,R,players-cb
11.0,78.9,176,Straight,Forgiveness,Consistent,Forged/Blade-like,12,A,players-cb
16.8,96.3,221,Straight,Forgiveness,Inconsistent,Forged/Blade-like,10.5,R,game-improvement
7.6,106.1,240,Draw,Accuracy,Left/Right,No preference,9,S,players-cb
5.5,112.3,268,Fade,Forgiveness,Inconsistent,Forged/Blade-like,8,X,players-cb
28.0,83.4,181,Straight,Forgiveness,Inconsistent,Confidence-inspiring,10.5,A,super-game-improvement
8.3,108.1,256,Slice,Distance,Inconsistent,Forged/Blade-like,8,S,players-cb
17.0,99.3,232,Straight,Accuracy,Fat/Thin,No preference,9,S,game-improvement
25.6,101.8,232,Straight,Forgiveness,Inconsistent,Confidence-inspiring,9,S,super-game-improvement
25.2,88.3,190,Slice,Forgiveness,Fat/Thin,Confidence-inspiring,9,R,super-game-improvement
24.2,72.2,169,Straight,Forgiveness,Left/Right,Confidence-inspiring,12,A,super-game-improvement
19.7,91.9,207,Straight,Forgiveness,Left/Right,Confidence-inspiring,10.5,R,super-game-improvement
23.5,90.9,219,Hook,Forgiveness,Fat/Thin,Confidence-inspiring,12,R,super-game-improvement
29.4,91.2,194,Draw,Forgiveness,Fat/Thin,Confidence-inspiring,10.5,R,super-game-improvement
20.8,76.5,159,Slice,Forgiveness,Fat/Thin,Confidence-inspiring,10.5,A,game-improvement
0.5,102.5,258,Slice,Forgiveness,Left/Right,Confidence-inspiring,9,S,players-distance
12.2,106.4,253,Slice,Distance,Fat/Thin,Forged/Blade-like,9,S,players-cb
23.3,89.1,210,Fade,Forgiveness,Fat/Thin,No preference,10.5,R,super-game-improvement
11.4,95.2,226,Straight,Forgiveness,Left/Right,Forged/Blade-like,10.5,R,players-cb
31.6,103.6,245,Slice,Distance,Left/Right,Confidence-inspiring,10.5,S,super-game-improvement
16.4,84.1,192,Slice,Forgiveness,Consistent,Forged/Blade-like,10.5,R,players-cb
17.8,106.2,253,Fade,Forgiveness,Consistent,Confidence-inspiring,9,S,players-distance
27.1,97.8,211,Draw,Forgiveness,Inconsistent,Confidence-inspiring,10.5,S,super-game-improvement
15.4,93.3,220,Fade,Accuracy,Inconsistent,Forged/Blade-like,10.5,R,players-cb
18.6,93.0,218,Straight,Accuracy,Left/Right,No preference,10.5,R,players-distance
25.1,88.6,205,Hook,Accuracy,Inconsistent,Confidence-inspiring,10.5,R,game-improvement
3.7,105.3,261,Fade,Accuracy,Consistent,No preference,9,S,blade
14.4,90.3,180,Fade,Forgiveness,Fat/Thin,Confidence-inspiring,10.5,R,super-game-improvement
24.5,85.1,189,Straight,Forgiveness,Fat/Thin,Confidence-inspiring,10.5,R,super-game-improvement
17.6,90.5,202,Fade,Forgiveness,Consistent,Confidence-inspiring,10.5,R,game-improvement
30.2,82.2,176,Straight,Forgiveness,Fat/Thin,Confidence-inspiring,10.5,R,super-game-improvement
2.8,101.0,242,Hook,Accuracy,Left/Right,No preference,10.5,R,players-cb
1.8,82.4,209,Draw,Distance,Fat/Thin,No preference,10.5,A,players-cb
23.9,90.7,205,Straight,Accuracy,Left/Right,Confidence-inspiring,10.5,R,super-game-improvement
24.8,83.9,182,Fade,Accuracy,Inconsistent,Confidence-inspiring,10.5,A,super-game-improvement
15.3,76.9,165,Fade,Forgiveness,Fat/Thin,No preference,12,A,super-game-improvement
20.6,88.5,214,Slice,Distance,Left/Right,No preference,10.5,R,game-improvement
23.7,86.1,187,Slice,Accuracy,Left/Right,No preference,12,R,game-improvement
9.7,112.2,264,Straight,Accuracy,Left/Right,Forged/Blade-like,8,X,players-cb
10.6,93.4,239,Slice,Distance,Inconsistent,Confidence-inspiring,10.5,R,game-improvement
18.7,100.0,223,Draw,Accuracy,Fat/Thin,Confidence-inspiring,9,S,game-improvement
25.1,102.8,226,Fade,Distance,Consistent,Confidence-inspiring,10.5,S,players-distance
6.5,95.3,230,Draw,Accuracy,Consistent,Forged/Blade-like,10.5,R,blade
15.2,95.2,206,Draw,Forgiveness,Fat/Thin,Confidence-inspiring,10.5,R,super-game-improvement
14.8,113.2,247,Slice,Accuracy,Consistent,Forged/Blade-like,8,X,players-cb
20.8,94.1,209,Fade,Distance,Left/Right,Confidence-inspiring,10.5,R,super-game-improvement
16.9,98.2,222,Hook,Accuracy,Fat/Thin,No preference,9,S,game-improvement
12.1,93.7,221,Straight,Accuracy,Inconsistent,No preference,10.5,R,game-improvement
28.2,93.7,197,Draw,Accuracy,Fat/Thin,Confidence-inspiring,10.5,S,super-game-improvement
12.1,97.4,232,Straight,Accuracy,Fat/Thin,Confidence-inspiring,9,S,game-improvement
14.4,77.9,161,Draw,Distance,Left/Right,Forged/Blade-like,12,A,players-cb
2.7,100.6,243,Straight,Forgiveness,Left/Right,No preference,10.5,S,players-distance
10.6,87.0,208,Straight,Forgiveness,Fat/Thin,No preference,10.5,R,super-game-improvement
21.6,92.4,211,Draw,Forgiveness,Inconsistent,Confidence-inspiring,10.5,R,super-game-improvement
19.9,83.3,188,Fade,Distance,Fat/Thin,No preference,10.5,A,game-improvement
22.4,95.5,209,Draw,Distance,Left/Right,Confidence-inspiring,10.5,R,game-improvement
22.0,91.5,204,Slice,Forgiveness,Consistent,Confidence-inspiring,10.5,R,super-game-improvement
35.8,69.2,158,Draw,Distance,Inconsistent,Forged/Blade-like,12,L,game-improvement
10.3,94.1,216,Fade,Accuracy,Fat/Thin,Forged/Blade-like,10.5,R,players-cb
2.4,110.6,277,Fade,Accuracy,Left/Right,Forged/Blade-like,8,X,blade
7.5,112.4,278,Fade,Distance,Inconsistent,Forged/Blade-like,8,S,players-cb
10.7,89.7,196,Straight,Distance,Fat/Thin,Confidence-inspiring,10.5,R,game-improvement
8.2,89.4,211,Fade,Distance,Consistent,Forged/Blade-like,10.5,R,players-cb
17.8,113.4,251,Straight,Accuracy,Left/Right,Forged/Blade-like,8,X,players-cb
28.3,86.7,177,Slice,Forgiveness,Left/Right,Confidence-inspiring,10.5,R,super-game-improvement
30.9,85.9,194,Slice,Accuracy,Fat/Thin,Confidence-inspiring,10.5,R,super-game-improvement
21.5,84.0,194,Draw,Forgiveness,Fat/Thin,Confidence-inspiring,10.5,S,super-game-improvement
36.0,83.7,180,Fade,Forgiveness,Fat/Thin,Forged/Blade-like,10.5,A,super-game-improvement
13.8,113.8,255,Straight,Accuracy,Consistent,Confidence-inspiring,9,X,players-distance
2.3,107.0,262,Slice,Accuracy,Left/Right,No preference,9,S,players-cb
26.5,98.6,206,Fade,Forgiveness,Fat/Thin,Confidence-inspiring,10.5,S,game-improvement
0.5,105.9,260,Draw,Distance,Inconsistent,No preference,9,X,players-cb
10.2,88.8,203,Straight,Distance,Fat/Thin,Forged/Blade-like,12,R,players-cb
21.7,84.4,200,Slice,Forgiveness,Fat/Thin,Confidence-inspiring,10.5,R,super-game-improvement
16.1,83.9,190,Fade,Forgiveness,Left/Right,No preference,10.5,A,game-improvement
15.3,97.8,228,Draw,Forgiveness,Fat/Thin,No preference,10.5,S,super-game-improvement
6.4,113.9,275,Draw,Accuracy,Consistent,No preference,8,X,blade
16.9,96.1,220,Straight,Accuracy,Left/Right,Confidence-inspiring,9,R,game-improvement
26.0,85.2,190,Straight,Forgiveness,Fat/Thin,Confidence-inspiring,10.5,R,super-game-improvement
17.2,86.4,201,Straight,Distance,Inconsistent,Confidence-inspiring,10.5,R,game-improvement
9.5,103.1,236,Fade,Distance,Left/Right,Confidence-inspiring,9,S,players-distance
5.8,89.7,219,Straight,Accuracy,Consistent,No preference,10.5,R,blade
9.7,88.1,216,Straight,Accuracy,Consistent,Confidence-inspiring,9,R,players-cb
20.5,101.1,233,Slice,Accuracy,Fat/Thin,No preference,10.5,S,super-game-improvement
20.1,89.6,200,Straight,Accuracy,Fat/Thin,No preference,10.5,R,game-improvement
9.8,96.4,229,Draw,Distance,Inconsistent,Forged/Blade-like,10.5,R,blade
0.0,104.3,252,Hook,Accuracy,Fat/Thin,Forged/Blade-like,8,S,blade
20.8,99.1,223,Fade,Forgiveness,Fat/Thin,Confidence-inspiring,10.5,S,super-game-improvement
8.9,101.6,230,Fade,Forgiveness,Consistent,Confidence-inspiring,10.5,R,players-distance
23.2,82.8,198,Slice,Distance,Fat/Thin,Confidence-inspiring,10.5,A,super-game-improvement
10.2,92.0,234,Draw,Accuracy,Consistent,No preference,10.5,R,players-cb
8.1,98.5,228,Straight,Distance,Consistent,Forged/Blade-like,10.5,S,players-cb
18.4,96.5,228,Hook,Distance,Left/Right,Forged/Blade-like,9,R,players-cb
36.0,81.2,186,Slice,Forgiveness,Fat/Thin,Confidence-inspiring,12,A,super-game-improvement
23.7,88.6,190,Slice,Forgiveness,Left/Right,No preference,10.5,R,super-game-improvement
18.2,94.1,196,Draw,Distance,Left/Right,Forged/Blade-like,10.5,R,players-cb
20.2,91.9,222,Slice,Accuracy,Consistent,Confidence-inspiring,10.5,R,game-improvement
1.2,97.4,237,Draw,Distance,Consistent,No preference,9,S,blade
6.9,112.4,264,Fade,Distance,Consistent,Forged/Blade-like,8,X,blade
0.0,101.2,248,Fade,Forgiveness,Inconsistent,Forged/Blade-like,10.5,S,players-cb
32.6,85.1,180,Slice,Forgiveness,Left/Right,No preference,10.5,R,super-game-improvement
30.7,65.0,168,Straight,Forgiveness,Left/Right,Confidence-inspiring,12,L,super-game-improvement
20.5,89.9,199,Straight,Accuracy,Left/Right,Confidence-inspiring,10.5,R,super-game-improvement
18.2,82.6,192,Slice,Accuracy,Inconsistent,No preference,10.5,A,game-improvement
3.0,94.2,240,Straight,Accuracy,Consistent,Forged/Blade-like,10.5,R,blade
15.0,120.0,289,Slice,Accuracy,Fat/Thin,Confidence-inspiring,8,X,game-improvement
33.1,86.0,195,Slice,Distance,Fat/Thin,Confidence-inspiring,10.5,R,super-game-improvement
18.2,105.9,238,Straight,Distance,Inconsistent,No preference,9,S,players-distance
11.9,106.5,248,Straight,Accuracy,Left/Right,Confidence-inspiring,9,S,players-distance
1.2,115.0,261,Fade,Distance,Consistent,No preference,8,X,blade
29.4,84.0,183,Fade,Accuracy,Fat/Thin,Forged/Blade-like,10.5,S,game-improvement
16.4,110.9,256,Hook,Accuracy,Consistent,No preference,8,X,players-cb
1.2,113.7,284,Straight,Accuracy,Left/Right,No preference,8,X,players-cb
8.7,100.5,255,Fade,Distance,Left/Right,Forged/Blade-like,9,S,players-cb
5.5,104.9,258,Slice,Accuracy,Fat/Thin,No preference,9,S,players-cb
15.8,93.9,226,Fade,Forgiveness,Fat/Thin,Confidence-inspiring,10.5,R,super-game-improvement
18.9,93.7,213,Slice,Accuracy,Left/Right,Confidence-inspiring,10.5,S,game-improvement
12.5,97.1,239,Slice,Forgiveness,Left/Right,Confidence-inspiring,10.5,S,super-game-improvement
24.0,93.5,209,Slice,Forgiveness,Inconsistent,No preference,10.5,R,super-game-improvement
17.7,111.4,265,Draw,Accuracy,Fat/Thin,Forged/Blade-like,8,X,players-cb
26.6,75.9,175,Straight,Accuracy,Fat/Thin,Confidence-inspiring,12,A,super-game-improvement
13.8,108.0,255,Fade,Accuracy,Inconsistent,Confidence-inspiring,9,S,game-improvement
36.0,77.8,152,Fade,Forgiveness,Fat/Thin,Confidence-inspiring,12,A,super-game-improvement
11.9,110.6,269,Straight,Accuracy,Consistent,Forged/Blade-like,8,X,players-cb
8.9,96.6,232,Draw,Accuracy,Consistent,Confidence-inspiring,9,R,players-cb
7.8,104.8,256,Fade,Accuracy,Consistent,Forged/Blade-like,9,S,players-cb
15.1,94.1,221,Draw,Accuracy,Inconsistent,No preference,10.5,R,players-distance
1.5,87.7,218,Fade,Accuracy,Consistent,No preference,10.5,R,blade
19.7,110.0,262,Fade,Forgiveness,Fat/Thin,Confidence-inspiring,9,X,game-improvement
0.0,96.6,232,Straight,Accuracy,Fat/Thin,Confidence-inspiring,9,R,players-distance
18.5,94.3,220,Slice,Accuracy,Left/Right,No preference,10.5,A,players-distance
4.8,92.2,215,Slice,Accuracy,Consistent,No preference,10.5,R,players-cb
13.6,83.4,199,Slice,Forgiveness,Left/Right,Confidence-inspiring,10.5,A,super-game-improvement
22.4,88.7,202,Straight,Distance,Left/Right,Confidence-inspiring,10.5,R,super-game-improvement
36.0,75.6,155,Straight,Forgiveness,Fat/Thin,Confidence-inspiring,12,A,super-game-improvement
7.3,89.3,214,Fade,Distance,Inconsistent,Forged/Blade-like,10.5,S,players-cb
15.6,95.0,214,Hook,Distance,Inconsistent,Confidence-inspiring,10.5,R,game-improvement
10.5,84.0,194,Straight,Accuracy,Consistent,Forged/Blade-like,10.5,R,players-cb
9.2,101.0,242,Fade,Forgiveness,Inconsistent,Forged/Blade-like,10.5,S,players-distance
10.6,97.5,232,Fade,Distance,Left/Right,Confidence-inspiring,9,S,players-distance
24.4,65.0,128,Slice,Distance,Left/Right,Confidence-inspiring,12,L,super-game-improvement
12.6,92.2,219,Straight,Distance,Inconsistent,No preference,10.5,R,game-improvement
36.0,86.2,181,Hook,Forgiveness,Fat/Thin,No preference,10.5,S,super-game-improvement
20.7,81.3,180,Slice,Distance,Fat/Thin,Confidence-inspiring,12,A,super-game-improvement
7.9,105.7,241,Straight,Forgiveness,Consistent,No preference,10.5,S,players-cb
13.7,101.0,235,Slice,Forgiveness,Left/Right,Forged/Blade-like,10.5,S,players-distance
9.8,89.2,206,Straight,Forgiveness,Left/Right,No preference,10.5,R,game-improvement
24.2,89.4,211,Fade,Distance,Left/Right,Confidence-inspiring,10.5,S,super-game-improvement
2.3,112.7,258,Hook,Distance,Fat/Thin,Confidence-inspiring,8,S,players-cb
4.9,93.9,217,Fade,Accuracy,Consistent,Forged/Blade-like,10.5,A,blade
11.7,96.0,216,Hook,Distance,Fat/Thin,Confidence-inspiring,9,R,players-distance
23.1,101.8,231,Fade,Forgiveness,Inconsistent,Forged/Blade-like,10.5,S,game-improvement
28.1,78.3,183,Hook,Distance,Left/Right,Confidence-inspiring,12,A,super-game-improvement
29.4,90.6,203,Slice,Accuracy,Left/Right,Forged/Blade-like,10.5,R,game-improvement
21.8,80.4,171,Slice,Accuracy,Left/Right,Confidence-inspiring,12,A,super-game-improvement
16.3,93.3,211,Hook,Forgiveness,Inconsistent,No preference,10.5,R,game-improvement
24.2,94.0,203,Slice,Accuracy,Left/Right,Confidence-inspiring,10.5,R,super-game-improvement
6.7,77.4,190,Draw,Accuracy,Left/Right,Forged/Blade-like,10.5,A,players-distance
0.4,100.4,242,Fade,Accuracy,Inconsistent,No preference,9,S,players-cb
20.9,96.1,205,Straight,Accuracy,Inconsistent,Confidence-inspiring,9,R,super-game-improvement
7.9,102.9,250,Slice,Accuracy,Consistent,No preference,9,S,players-cb
16.4,89.6,218,Slice,Accuracy,Inconsistent,Forged/Blade-like,10.5,S,players-distance
18.1,82.6,187,Hook,Distance,Fat/Thin,Confidence-inspiring,10.5,A,game-improvement
19.2,99.2,227,Straight,Accuracy,Left/Right,No preference,9,S,players-distance
25.4,85.5,176,Hook,Forgiveness,Left/Right,Confidence-inspiring,10.5,R,super-game-improvement
24.5,94.8,193,Straight,Forgiveness,Inconsistent,Forged/Blade-like,10.5,R,game-improvement
18.8,97.0,205,Straight,Distance,Left/Right,No preference,8,S,players-distance
13.0,92.7,216,Hook,Distance,Left/Right,Forged/Blade-like,9,A,players-cb
18.0,104.5,236,Draw,Distance,Fat/Thin,Forged/Blade-like,9,S,players-cb
11.6,92.2,221,Straight,Distance,Left/Right,Forged/Blade-like,10.5,R,players-cb
15.2,107.6,247,Straight,Distance,Fat/Thin,No preference,9,S,game-improvement
36.0,94.7,210,Slice,Distance,Inconsistent,Confidence-inspiring,10.5,R,super-game-improvement
18.6,103.9,245,Fade,Distance,Left/Right,Confidence-inspiring,9,X,players-distance
21.1,89.8,200,Draw,Distance,Consistent,Forged/Blade-like,10.5,R,players-distance
10.7,120.0,273,Fade,Distance,Inconsistent,Forged/Blade-like,8,X,players-cb
26.2,89.7,181,Slice,Forgiveness,Fat/Thin,Confidence-inspiring,10.5,S,super-game-improvement
23.8,92.2,219,Fade,Distance,Inconsistent,Confidence-inspiring,10.5,R,super-game-improvement
23.9,89.5,192,Slice,Forgiveness,Inconsistent,Confidence-inspiring,10.5,R,super-game-improvement
18.9,81.9,173,Draw,Distance,Left/Right,Confidence-inspiring,12,A,game-improvement
26.3,101.1,225,Straight,Distance,Left/Right,Confidence-inspiring,10.5,S,super-game-improvement
28.4,81.0,164,Slice,Distance,Left/Right,Confidence-inspiring,12,A,super-game-improvement
19.5,101.9,233,Fade,Forgiveness,Fat/Thin,No preference,10.5,S,super-game-improvement
16.0,106.7,243,Draw,Accuracy,Inconsistent,Confidence-inspiring,9,S,game-improvement
25.1,95.0,220,Slice,Forgiveness,Fat/Thin,No preference,10.5,R,super-game-improvement
8.9,93.0,228,Slice,Distance,Inconsistent,Confidence-inspiring,10.5,R,game-improvement
10.5,95.4,235,Straight,Accuracy,Consistent,Confidence-inspiring,10.5,R,players-distance
16.5,68.0,158,Straight,Distance,Inconsistent,Confidence-inspiring,12,L,super-game-improvement
1.3,104.0,246,Straight,Forgiveness,Consistent,Forged/Blade-like,9,S,blade
24.4,97.4,208,Fade,Distance,Left/Right,Confidence-inspiring,10.5,S,game-improvement
8.3,98.0,228,Straight,Distance,Consistent,Forged/Blade-like,9,S,players-cb
12.8,91.4,231,Straight,Distance,Inconsistent,Forged/Blade-like,10.5,R,players-cb
15.1,92.8,213,Straight,Forgiveness,Left/Right,Confidence-inspiring,9,R,super-game-improvement
17.4,106.3,245,Draw,Forgiveness,Fat/Thin,Confidence-inspiring,9,S,super-game-improvement
13.9,96.0,237,Fade,Distance,Left/Right,Confidence-inspiring,9,R,game-improvement
16.4,113.4,263,Draw,Forgiveness,Fat/Thin,Confidence-inspiring,9,X,super-game-improvement
16.5,89.1,198,Hook,Accuracy,Consistent,Confidence-inspiring,10.5,R,players-distance
13.0,99.3,238,Fade,Accuracy,Consistent,Forged/Blade-like,9,S,players-cb
10.0,94.9,220,Fade,Forgiveness,Left/Right,Confidence-inspiring,10.5,A,game-improvement
26.7,108.6,243,Draw,Accuracy,Left/Right,Forged/Blade-like,10.5,S,players-cb
0.0,107.8,269,Hook,Accuracy,Consistent,No preference,9,S,blade
15.1,117.0,266,Draw,Distance,Left/Right,Forged/Blade-like,8,X,players-cb
12.8,93.1,219,Straight,Forgiveness,Left/Right,Confidence-inspiring,12,A,super-game-improvement
20.8,107.1,257,Slice,Forgiveness,Inconsistent,Confidence-inspiring,9,S,super-game-improvement
3.9,104.5,247,Draw,Accuracy,Inconsistent,Forged/Blade-like,9,S,blade
12.5,105.9,259,Slice,Forgiveness,Inconsistent,Forged/Blade-like,9,S,players-distance
16.1,82.9,186,Straight,Accuracy,Consistent,Forged/Blade-like,10.5,A,players-cb
26.6,91.4,218,Slice,Accuracy,Fat/Thin,Confidence-inspiring,10.5,R,game-improvement
20.0,81.7,178,Draw,Forgiveness,Left/Right,Confidence-inspiring,12,A,super-game-improvement
6.3,104.3,246,Straight,Accuracy,Consistent,No preference,10.5,S,players-cb
12.6,82.2,206,Fade,Forgiveness,Fat/Thin,Forged/Blade-like,10.5,A,game-improvement
25.0,88.1,210,Slice,Forgiveness,Fat/Thin,No preference,10.5,R,super-game-improvement
6.2,112.7,277,Straight,Accuracy,Consistent,No preference,9,X,blade
16.3,100.4,222,Draw,Accuracy,Left/Right,Confidence-inspiring,9,S,game-improvement
16.9,82.2,190,Draw,Accuracy,Fat/Thin,Confidence-inspiring,10.5,A,game-improvement
13.5,77.8,181,Slice,Accuracy,Left/Right,Forged/Blade-like,12,A,players-distance
36.0,86.5,176,Hook,Accuracy,Left/Right,Confidence-inspiring,10.5,R,super-game-improvement
13.3,112.8,269,Straight,Distance,Left/Right,No preference,8,X,players-distance
21.0,82.1,179,Draw,Distance,Fat/Thin,Confidence-inspiring,10.5,L,super-game-improvement
10.1,120.0,271,Draw,Forgiveness,Left/Right,Confidence-inspiring,9,X,game-improvement
21.7,91.2,191,Slice,Forgiveness,Fat/Thin,Forged/Blade-like,10.5,R,super-game-improvement
24.8,69.5,170,Fade,Forgiveness,Fat/Thin,Confidence-inspiring,12,L,game-improvement
11.7,82.4,189,Straight,Accuracy,Fat/Thin,Confidence-inspiring,12,R,game-improvement
16.5,102.5,231,Slice,Accuracy,Consistent,Confidence-inspiring,9,S,players-distance
8.9,101.2,231,Draw,Distance,Consistent,Forged/Blade-like,9,S,players-distance
6.7,116.3,290,Draw,Accuracy,Consistent,Forged/Blade-like,8,X,blade
26.3,76.1,156,Fade,Distance,Fat/Thin,Forged/Blade-like,12,A,game-improvement
12.0,99.0,221,Slice,Distance,Inconsistent,Forged/Blade-like,9,S,players-distance
0.0,106.1,257,Draw,Accuracy,Inconsistent,Confidence-inspiring,9,S,players-cb
32.9,82.2,177,Fade,Accuracy,Left/Right,Forged/Blade-like,10.5,A,game-improvement
9.8,95.5,231,Straight,Accuracy,Fat/Thin,No preference,10.5,R,players-distance
14.8,92.3,208,Draw,Distance,Left/Right,No preference,10.5,R,players-distance
31.8,86.1,200,Draw,Accuracy,Fat/Thin,Confidence-inspiring,10.5,S,super-game-improvement
15.7,98.3,221,Straight,Forgiveness,Fat/Thin,Confidence-inspiring,10.5,S,super-game-improvement
15.5,98.0,217,Straight,Distance,Fat/Thin,Forged/Blade-like,9,S,players-distance
5.9,114.0,263,Straight,Distance,Inconsistent,No preference,8,X,players-cb
2.3,92.4,218,Straight,Distance,Consistent,No preference,10.5,R,blade
15.5,77.3,168,Straight,Forgiveness,Fat/Thin,Forged/Blade-like,12,A,game-improvement
20.3,102.4,239,Hook,Forgiveness,Fat/Thin,No preference,9,S,super-game-improvement
19.7,83.2,180,Fade,Distance,Inconsistent,Confidence-inspiring,10.5,A,super-game-improvement
12.7,93.6,217,Slice,Accuracy,Left/Right,Confidence-inspiring,10.5,R,game-improvement
17.2,88.2,193,Slice,Forgiveness,Consistent,No preference,9,R,game-improvement
0.5,99.3,232,Draw,Forgiveness,Consistent,Confidence-inspiring,10.5,S,players-cb
21.1,77.1,184,Fade,Forgiveness,Fat/Thin,Confidence-inspiring,12,A,super-game-improvement
18.5,87.7,215,Hook,Accuracy,Fat/Thin,No preference,12,R,game-improvement
34.8,88.8,201,Draw,Forgiveness,Consistent,No preference,12,R,game-improvement
17.1,94.3,203,Slice,Forgiveness,Fat/Thin,No preference,10.5,A,super-game-improvement
8.5,105.3,238,Fade,Accuracy,Consistent,Forged/Blade-like,9,S,players-cb
16.5,89.8,224,Hook,Distance,Fat/Thin,Forged/Blade-like,10.5,R,players-cb
14.0,105.5,243,Draw,Accuracy,Left/Right,No preference,9,S,players-distance
20.9,86.7,184,Fade,Forgiveness,Fat/Thin,Confidence-inspiring,10.5,R,super-game-improvement
17.2,73.2,178,Draw,Forgiveness,Inconsistent,Forged/Blade-like,12,A,game-improvement
5.7,105.3,253,Draw,Distance,Inconsistent,No preference,9,S,players-cb
2.3,112.1,277,Straight,Forgiveness,Consistent,No preference,9,S,players-cb
19.4,87.2,178,Fade,Accuracy,Inconsistent,Confidence-inspiring,10.5,R,super-game-improvement
29.4,98.0,211,Fade,Forgiveness,Fat/Thin,Forged/Blade-like,10.5,S,super-game-improvement
17.7,85.5,204,Straight,Forgiveness,Consistent,No preference,12,R,players-distance
24.3,96.2,209,Straight,Distance,Left/Right,Confidence-inspiring,9,S,super-game-improvement
26.1,105.7,245,Fade,Forgiveness,Consistent,No preference,10.5,S,players-distance
19.4,93.2,200,Slice,Distance,Fat/Thin,Confidence-inspiring,12,S,super-game-improvement
9.7,97.1,228,Draw,Accuracy,Inconsistent,No preference,9,S,players-distance
18.8,92.2,225,Fade,Forgiveness,Fat/Thin,Confidence-inspiring,9,R,super-game-improvement
27.9,103.3,217,Draw,Forgiveness,Fat/Thin,Forged/Blade-like,10.5,S,game-improvement
21.8,95.2,217,Straight,Forgiveness,Inconsistent,Forged/Blade-like,10.5,R,game-improvement
23.7,111.3,254,Draw,Accuracy,Fat/Thin,Confidence-inspiring,8,X,game-improvement
12.8,100.1,235,Draw,Accuracy,Fat/Thin,Confidence-inspiring,9,S,game-improvement
15.2,89.1,204,Straight,Forgiveness,Left/Right,Confidence-inspiring,10.5,R,super-game-improvement
15.9,89.4,198,Draw,Distance,Fat/Thin,No preference,10.5,R,players-distance
16.5,95.4,221,Straight,Forgiveness,Fat/Thin,Confidence-inspiring,10.5,R,super-game-improvement
27.5,66.9,146,Slice,Forgiveness,Fat/Thin,Confidence-inspiring,12,L,super-game-improvement
0.0,101.3,235,Straight,Accuracy,Fat/Thin,No preference,9,S,players-cb
17.3,89.7,216,Straight,Distance,Inconsistent,No preference,10.5,R,game-improvement
16.3,97.3,216,Hook,Forgiveness,Inconsistent,No preference,10.5,S,game-improvement
4.7,120.0,276,Draw,Accuracy,Left/Right,No preference,8,X,players-cb
23.0,90.9,199,Straight,Forgiveness,Consistent,Confidence-inspiring,10.5,R,super-game-improvement
10.5,79.6,179,Draw,Distance,Left/Right,Confidence-inspiring,12,A,game-improvement
13.8,87.5,201,Hook,Forgiveness,Left/Right,Confidence-inspiring,12,R,super-game-improvement
33.6,85.8,173,Fade,Forgiveness,Inconsistent,Confidence-inspiring,10.5,R,super-game-improvement
26.1,89.2,202,Slice,Distance,Inconsistent,Confidence-inspiring,10.5,R,super-game-improvement
22.2,107.1,253,Slice,Forgiveness,Left/Right,Confidence-inspiring,9,S,super-game-improvement
20.4,101.7,231,Straight,Forgiveness,Fat/Thin,No preference,10.5,R,super-game-improvement
15.5,104.8,229,Draw,Distance,Inconsistent,Confidence-inspiring,9,S,players-distance
35.0,80.0,163,Fade,Distance,Left/Right,Confidence-inspiring,12,A,super-game-improvement
24.2,100.5,226,Slice,Accuracy,Left/Right,Confidence-inspiring,10.5,S,super-game-improvement
10.3,90.0,194,Hook,Forgiveness,Inconsistent,Confidence-inspiring,10.5,R,game-improvement
4.4,112.7,261,Slice,Forgiveness,Fat/Thin,No preference,9,X,players-distance
22.1,88.1,183,Slice,Forgiveness,Left/Right,Confidence-inspiring,10.5,R,super-game-improvement
16.5,80.3,186,Hook,Forgiveness,Fat/Thin,No preference,12,A,super-game-improvement
4.1,109.1,283,Slice,Accuracy,Consistent,Forged/Blade-like,8,S,blade
20.9,105.8,228,Straight,Forgiveness,Left/Right,No preference,9,S,game-improvement
14.6,92.0,221,Straight,Forgiveness,Fat/Thin,Forged/Blade-like,10.5,R,game-improvement
21.8,106.8,236,Straight,Forgiveness,Inconsistent,Confidence-inspiring,9,R,super-game-improvement
21.0,75.2,158,Draw,Forgiveness,Left/Right,Confidence-inspiring,12,R,super-game-improvement
11.5,86.2,216,Straight,Accuracy,Left/Right,No preference,10.5,R,players-distance
22.7,89.1,220,Hook,Forgiveness,Fat/Thin,Confidence-inspiring,10.5,R,super-game-improvement
12.5,93.8,223,Slice,Distance,Fat/Thin,Confidence-inspiring,10.5,R,super-game-improvement
13.1,90.4,214,Slice,Distance,Consistent,No preference,10.5,R,players-distance
12.2,99.0,232,Straight,Accuracy,Consistent,Confidence-inspiring,9,S,players-distance
27.2,82.2,180,Slice,Forgiveness,Left/Right,No preference,9,A,game-improvement
14.5,92.6,218,Straight,Forgiveness,Inconsistent,Forged/Blade-like,10.5,R,players-distance
29.4,88.8,200,Hook,Forgiveness,Inconsistent,Confidence-inspiring,10.5,R,super-game-improvement
33.1,76.8,180,Fade,Accuracy,Fat/Thin,Confidence-inspiring,12,A,super-game-improvement
10.4,97.9,226,Slice,Distance,Left/Right,Forged/Blade-like,9,S,players-cb
0.0,99.5,245,Straight,Accuracy,Left/Right,No preference,9,S,players-cb
26.4,76.0,167,Slice,Distance,Fat/Thin,Confidence-inspiring,12,A,super-game-improvement
13.9,104.2,251,Slice,Forgiveness,Left/Right,Forged/Blade-like,9,S,players-distance
9.2,116.8,298,Straight,Forgiveness,Inconsistent,No preference,9,X,players-distance
11.7,108.7,264,Slice,Accuracy,Left/Right,Confidence-inspiring,8,S,players-distance
13.3,100.3,241,Straight,Accuracy,Consistent,Confidence-inspiring,9,S,players-distance
28.7,80.1,184,Straight,Accuracy,Fat/Thin,Confidence-inspiring,12,A,super-game-improvement
18.4,90.6,218,Straight,Forgiveness,Inconsistent,Confidence-inspiring,10.5,R,super-game-improvement
28.6,97.1,235,Fade,Accuracy,Inconsistent,Confidence-inspiring,10.5,S,super-game-improvement
21.4,68.6,140,Draw,Forgiveness,Fat/Thin,Forged/Blade-like,12,L,super-game-improvement
14.2,92.7,221,Straight,Distance,Fat/Thin,Confidence-inspiring,10.5,R,game-improvement
13.5,104.2,219,Draw,Distance,Consistent,Confidence-inspiring,9,S,players-cb
22.1,79.6,188,Straight,Distance,Fat/Thin,Confidence-inspiring,12,A,super-game-improvement
24.4,93.6,214,Draw,Forgiveness,Fat/Thin,Confidence-inspiring,9,R,super-game-improvement
26.0,92.1,199,Fade,Accuracy,Consistent,Confidence-inspiring,10.5,R,game-improvement
14.6,81.5,165,Fade,Distance,Fat/Thin,Confidence-inspiring,12,A,super-game-improvement
18.6,94.2,215,Draw,Accuracy,Inconsistent,No preference,10.5,A,players-distance
22.3,84.7,193,Draw,Forgiveness,Inconsistent,Confidence-inspiring,10.5,R,super-game-improvement
13.5,101.0,235,Slice,Forgiveness,Left/Right,Forged/Blade-like,10.5,S,players-distance
6.8,108.1,253,Straight,Accuracy,Fat/Thin,No preference,8,R,players-distance
9.7,103.4,236,Fade,Distance,Consistent,Forged/Blade-like,8,S,players-cb
14.8,96.7,224,Fade,Distance,Consistent,Forged/Blade-like,9,R,players-cb
23.0,93.2,202,Slice,Accuracy,Fat/Thin,Confidence-inspiring,10.5,R,super-game-improvement
28.3,75.0,172,Slice,Forgiveness,Inconsistent,Confidence-inspiring,12,A,super-game-improvement
4.8,102.4,246,Draw,Forgiveness,Consistent,No preference,9,S,players-cb
11.6,90.1,196,Draw,Distance,Fat/Thin,Forged/Blade-like,10.5,R,players-cb
13.8,106.9,250,Straight,Accuracy,Left/Right,No preference,9,S,players-distance
24.2,96.4,219,Slice,Forgiveness,Left/Right,Confidence-inspiring,10.5,R,super-game-improvement
12.2,104.5,259,Fade,Distance,Left/Right,No preference,9,S,game-improvement
13.1,114.2,275,Draw,Forgiveness,Left/Right,Confidence-inspiring,9,X,game-improvement
4.3,99.8,233,Straight,Distance,Consistent,Forged/Blade-like,9,S,blade
21.4,86.0,207,Straight,Forgiveness,Inconsistent,Confidence-inspiring,10.5,R,super-game-improvement
15.5,91.9,200,Straight,Forgiveness,Inconsistent,Forged/Blade-like,10.5,R,players-distance
11.1,82.4,194,Straight,Accuracy,Inconsistent,No preference,10.5,A,players-distance
14.7,80.8,194,Straight,Distance,Left/Right,No preference,12,A,players-distance
27.1,93.8,220,Slice,Forgiveness,Fat/Thin,No preference,10.5,R,super-game-improvement
8.0,86.6,223,Hook,Forgiveness,Left/Right,No preference,10.5,R,players-distance
9.4,88.9,222,Straight,Distance,Inconsistent,No preference,10.5,R,players-distance
28.3,85.7,187,Slice,Accuracy,Left/Right,No preference,9,R,super-game-improvement
17.7,89.8,211,Fade,Distance,Fat/Thin,Confidence-inspiring,10.5,R,game-improvement
23.0,99.2,225,Straight,Accuracy,Left/Right,Confidence-inspiring,9,S,super-game-improvement
20.6,92.6,203,Slice,Distance,Left/Right,No preference,10.5,R,game-improvement
16.7,86.7,198,Fade,Accuracy,Inconsistent,Confidence-inspiring,10.5,A,game-improvement
13.9,106.3,263,Slice,Accuracy,Fat/Thin,No preference,9,S,game-improvement
24.5,96.6,221,Hook,Accuracy,Left/Right,Forged/Blade-like,10.5,A,players-distance
27.5,73.2,180,Slice,Distance,Fat/Thin,Confidence-inspiring,12,A,super-game-improvement
26.8,90.3,190,Fade,Forgiveness,Consistent,No preference,10.5,R,game-improvement
6.3,94.6,223,Slice,Accuracy,Consistent,No preference,10.5,R,players-cb
28.7,79.1,177,Straight,Accuracy,Left/Right,Confidence-inspiring,12,A,super-game-improvement
13.8,115.3,275,Fade,Distance,Inconsistent,No preference,8,X,players-distance
10.2,100.3,235,Straight,Forgiveness,Inconsistent,Confidence-inspiring,10.5,S,super-game-improvement
15.5,93.3,223,Draw,Distance,Left/Right,Forged/Blade-like,9,R,players-cb
24.5,90.2,208,Draw,Accuracy,Fat/Thin,Confidence-inspiring,10.5,R,game-improvement
21.9,99.9,213,Hook,Forgiveness,Fat/Thin,No preference,10.5,X,game-improvement
14.7,89.0,213,Fade,Distance,Fat/Thin,Forged/Blade-like,10.5,R,players-distance
24.5,84.0,197,Straight,Forgiveness,Left/Right,Confidence-inspiring,10.5,R,super-game-improvement
18.3,100.1,231,Straight,Forgiveness,Left/Right,Confidence-inspiring,10.5,S,super-game-improvement
11.8,82.8,178,Draw,Distance,Fat/Thin,Confidence-inspiring,10.5,A,game-improvement
10.6,108.7,253,Straight,Distance,Fat/Thin,Confidence-inspiring,8,S,players-distance
20.7,75.9,176,Slice,Forgiveness,Left/Right,No preference,12,A,super-game-improvement
16.3,92.5,205,Fade,Accuracy,Left/Right,Forged/Blade-like,10.5,R,players-cb
4.6,86.9,218,Slice,Distance,Fat/Thin,No preference,10.5,R,players-cb
24.6,78.7,182,Draw,Accuracy,Fat/Thin,Confidence-inspiring,12,A,super-game-improvement
12.7,110.3,259,Straight,Accuracy,Consistent,No preference,8,X,players-cb
31.3,95.2,207,Hook,Forgiveness,Inconsistent,No preference,10.5,A,super-game-improvement
4.4,114.5,278,Fade,Accuracy,Consistent,Confidence-inspiring,8,X,players-cb
15.4,81.0,187,Fade,Distance,Inconsistent,Forged/Blade-like,12,A,players-cb
10.7,88.2,196,Fade,Forgiveness,Consistent,No preference,10.5,R,players-distance
8.2,103.8,243,Hook,Distance,Consistent,Forged/Blade-like,9,S,players-cb
12.6,104.6,245,Straight,Forgiveness,Consistent,No preference,9,S,players-distance
32.9,75.6,176,Straight,Accuracy,Fat/Thin,Confidence-inspiring,12,A,super-game-improvement
18.3,87.8,207,Slice,Accuracy,Fat/Thin,Forged/Blade-like,10.5,R,players-distance
9.9,88.0,221,Hook,Distance,Inconsistent,No preference,10.5,R,players-distance
0.5,120.0,281,Straight,Forgiveness,Consistent,Forged/Blade-like,9,X,blade
1.5,100.2,241,Straight,Distance,Consistent,Forged/Blade-like,9,S,blade
12.2,98.0,248,Draw,Forgiveness,Consistent,Confidence-inspiring,12,S,players-cb
11.3,99.2,226,Straight,Accuracy,Fat/Thin,Forged/Blade-like,9,R,players-cb
15.0,106.9,241,Draw,Accuracy,Consistent,Forged/Blade-like,9,R,players-cb
0.0,96.5,234,Fade,Accuracy,Fat/Thin,No preference,9,R,players-cb
16.2,106.7,264,Slice,Accuracy,Fat/Thin,Confidence-inspiring,9,S,game-improvement
26.2,75.4,161,Fade,Forgiveness,Consistent,Confidence-inspiring,12,A,super-game-improvement
31.6,96.2,213,Fade,Forgiveness,Inconsistent,No preference,10.5,R,super-game-improvement
0.0,88.8,221,Fade,Accuracy,Fat/Thin,Forged/Blade-like,10.5,R,players-cb
9.8,98.3,215,Draw,Accuracy,Consistent,Forged/Blade-like,9,S,players-cb
9.3,115.9,274,Fade,Accuracy,Consistent,Forged/Blade-like,8,X,players-cb
18.3,100.5,225,Straight,Accuracy,Fat/Thin,No preference,9,S,game-improvement
6.0,106.1,260,Straight,Distance,Consistent,Forged/Blade-like,9,R,blade
32.1,73.7,175,Draw,Forgiveness,Fat/Thin,Confidence-inspiring,12,A,super-game-improvement
17.4,86.8,196,Fade,Forgiveness,Fat/Thin,Forged/Blade-like,10.5,R,game-improvement
15.9,108.6,247,Hook,Forgiveness,Fat/Thin,Confidence-inspiring,9,X,game-improvement
31.3,89.4,217,Hook,Accuracy,Inconsistent,Confidence-inspiring,10.5,R,super-game-improvement
16.9,103.4,231,Draw,Forgiveness,Inconsistent,Confidence-inspiring,9,S,super-game-improvement
20.6,92.7,198,Hook,Accuracy,Fat/Thin,Confidence-inspiring,10.5,R,super-game-improvement
10.2,96.2,239,Slice,Distance,Inconsistent,No preference,9,A,players-distance
4.7,110.5,266,Straight,Distance,Left/Right,Forged/Blade-like,8,X,players-cb
11.5,100.8,239,Straight,Distance,Consistent,No preference,9,R,players-cb
36.0,79.8,190,Draw,Accuracy,Left/Right,Confidence-inspiring,12,A,super-game-improvement
22.7,76.4,159,Straight,Forgiveness,Inconsistent,Confidence-inspiring,12,A,super-game-improvement
19.5,102.3,231,Slice,Accuracy,Fat/Thin,Confidence-inspiring,9,S,game-improvement
8.2,104.8,238,Draw,Accuracy,Left/Right,No preference,9,S,players-cb
25.2,82.8,187,Slice,Accuracy,Left/Right,Confidence-inspiring,10.5,A,super-game-improvement
4.8,114.5,271,Draw,Distance,Consistent,No preference,8,X,blade
2.9,106.5,248,Straight,Distance,Left/Right,No preference,9,S,blade
12.0,100.5,242,Slice,Forgiveness,Left/Right,No preference,12,S,game-improvement
34.6,91.3,195,Straight,Forgiveness,Fat/Thin,Confidence-inspiring,10.5,R,super-game-improvement
34.1,89.5,181,Straight,Forgiveness,Inconsistent,Confidence-inspiring,10.5,R,super-game-improvement
12.9,100.2,223,Straight,Accuracy,Inconsistent,No preference,9,S,game-improvement
10.9,96.7,229,Straight,Accuracy,Left/Right,No preference,9,R,players-distance
2.2,120.0,277,Fade,Forgiveness,Consistent,Forged/Blade-like,9,X,players-cb
17.7,86.6,200,Draw,Forgiveness,Consistent,Confidence-inspiring,10.5,R,game-improvement
18.5,100.9,242,Straight,Accuracy,Left/Right,Forged/Blade-like,9,S,players-cb
24.1,88.8,204,Straight,Distance,Inconsistent,Confidence-inspiring,10.5,R,super-game-improvement
25.2,93.4,202,Straight,Forgiveness,Left/Right,Forged/Blade-like,10.5,R,game-improvement
15.2,108.0,252,Fade,Forgiveness,Consistent,Confidence-inspiring,9,S,players-distance
22.0,87.9,187,Straight,Forgiveness,Left/Right,Confidence-inspiring,10.5,R,super-game-improvement
10.7,104.7,248,Fade,Forgiveness,Consistent,No preference,9,S,players-cb
21.8,93.8,208,Slice,Accuracy,Consistent,Confidence-inspiring,10.5,R,game-improvement
12.4,91.2,204,Fade,Distance,Fat/Thin,Confidence-inspiring,10.5,R,players-distance
21.1,104.2,241,Slice,Forgiveness,Left/Right,Confidence-inspiring,9,S,super-game-improvement
20.4,99.2,207,Straight,Accuracy,Fat/Thin,Confidence-inspiring,9,S,super-game-improvement
17.6,89.7,195,Straight,Accuracy,Fat/Thin,No preference,9,R,game-improvement
24.2,100.6,215,Slice,Accuracy,Fat/Thin,Confidence-inspiring,10.5,S,super-game-improvement
2.9,95.7,227,Straight,Forgiveness,Consistent,Forged/Blade-like,10.5,A,players-cb
7.4,100.7,252,Draw,Distance,Consistent,Forged/Blade-like,9,S,players-cb
14.6,91.8,220,Fade,Forgiveness,Inconsistent,Confidence-inspiring,10.5,S,super-game-improvement
4.0,110.8,268,Draw,Distance,Fat/Thin,Forged/Blade-like,8,X,blade
13.3,92.2,215,Hook,Accuracy,Fat/Thin,Confidence-inspiring,10.5,R,game-improvement
13.6,104.3,243,Draw,Accuracy,Left/Right,No preference,9,S,players-distance
28.8,92.4,215,Hook,Forgiveness,Inconsistent,Confidence-inspiring,10.5,R,super-game-improvement
18.3,89.8,189,Fade,Accuracy,Consistent,No preference,9,R,players-cb
26.3,106.4,242,Hook,Forgiveness,Inconsistent,No preference,10.5,S,super-game-improvement
19.7,85.2,189,Slice,Forgiveness,Fat/Thin,Confidence-inspiring,10.5,R,super-game-improvement
12.2,83.6,200,Straight,Forgiveness,Consistent,Forged/Blade-like,9,A,players-cb
18.2,102.2,238,Hook,Forgiveness,Inconsistent,No preference,9,S,game-improvement
23.6,68.5,160,Slice,Distance,Fat/Thin,Confidence-inspiring,12,L,super-game-improvement
27.7,102.1,239,Fade,Distance,Inconsistent,Confidence-inspiring,10.5,S,game-improvement
15.8,96.3,210,Straight,Distance,Left/Right,No preference,9,R,players-distance
2.2,90.2,228,Draw,Accuracy,Consistent,No preference,10.5,R,blade
1.5,95.5,232,Fade,Distance,Consistent,Forged/Blade-like,10.5,R,blade
14.1,80.1,182,Slice,Forgiveness,Fat/Thin,No preference,12,A,super-game-improvement
0.0,109.8,287,Straight,Accuracy,Inconsistent,Forged/Blade-like,8,S,blade
33.2,70.2,157,Slice,Forgiveness,Left/Right,Confidence-inspiring,12,L,super-game-improvement
22.4,95.8,212,Fade,Forgiveness,Fat/Thin,Confidence-inspiring,10.5,R,game-improvement
11.3,95.3,232,Draw,Forgiveness,Fat/Thin,Forged/Blade-like,9,R,players-distance
7.0,96.5,230,Straight,Accuracy,Consistent,Forged/Blade-like,9,R,blade
26.3,93.2,202,Straight,Accuracy,Left/Right,Confidence-inspiring,12,R,game-improvement
7.0,107.5,251,Straight,Accuracy,Consistent,Forged/Blade-like,10.5,S,blade
7.8,112.2,270,Straight,Accuracy,Consistent,Forged/Blade-like,8,X,players-cb
10.1,92.8,213,Draw,Forgiveness,Inconsistent,No preference,10.5,R,game-improvement
18.0,93.5,215,Draw,Forgiveness,Fat/Thin,Confidence-inspiring,10.5,R,super-game-improvement
22.6,84.3,197,Fade,Accuracy,Fat/Thin,No preference,10.5,R,game-improvement
27.7,88.8,196,Straight,Accuracy,Fat/Thin,Confidence-inspiring,10.5,R,super-game-improvement
26.4,80.3,195,Fade,Accuracy,Inconsistent,No preference,12,A,game-improvement
17.0,90.2,207,Fade,Accuracy,Left/Right,No preference,10.5,R,players-distance
26.2,84.0,198,Fade,Accuracy,Fat/Thin,Confidence-inspiring,10.5,S,super-game-improvement
11.0,101.5,247,Straight,Distance,Inconsistent,No preference,9,S,players-cb
0.6,105.6,272,Fade,Distance,Left/Right,Confidence-inspiring,9,S,players-cb
11.0,103.6,261,Slice,Accuracy,Inconsistent,No preference,9,S,players-distance
9.7,98.3,216,Hook,Distance,Consistent,No preference,9,S,players-cb
11.3,92.5,220,Draw,Distance,Fat/Thin,Forged/Blade-like,12,R,players-cb
8.4,102.2,242,Fade,Accuracy,Consistent,Confidence-inspiring,9,S,players-cb
12.9,88.1,207,Straight,Accuracy,Fat/Thin,Confidence-inspiring,10.5,A,game-improvement
22.6,96.3,213,Slice,Distance,Left/Right,Confidence-inspiring,9,S,super-game-improvement
32.4,81.1,170,Fade,Forgiveness,Left/Right,Confidence-inspiring,12,A,super-game-improvement
1.5,107.0,251,Straight,Distance,Left/Right,No preference,9,S,players-cb
5.4,104.5,252,Draw,Accuracy,Fat/Thin,Confidence-inspiring,9,S,players-cb
9.9,115.3,281,Straight,Distance,Left/Right,Confidence-inspiring,9,X,players-distance
23.9,93.6,205,Draw,Accuracy,Inconsistent,Confidence-inspiring,10.5,R,super-game-improvement
15.2,96.4,220,Fade,Forgiveness,Fat/Thin,No preference,10.5,R,super-game-improvement
10.5,91.9,210,Straight,Distance,Inconsistent,Confidence-inspiring,10.5,R,game-improvement
23.5,98.0,210,Straight,Forgiveness,Inconsistent,Forged/Blade-like,10.5,S,game-improvement
25.6,85.9,189,Fade,Forgiveness,Inconsistent,No preference,10.5,R,super-game-improvement
16.8,79.3,185,Straight,Distance,Left/Right,No preference,12,A,players-distance
9.7,97.5,242,Slice,Forgiveness,Consistent,Confidence-inspiring,9,S,game-improvement
19.4,94.7,205,Straight,Forgiveness,Left/Right,Forged/Blade-like,10.5,R,game-improvement
14.9,87.7,203,Straight,Distance,Left/Right,Forged/Blade-like,10.5,R,players-distance
14.8,94.8,230,Draw,Forgiveness,Inconsistent,Forged/Blade-like,10.5,R,players-distance
12.4,96.9,216,Slice,Forgiveness,Inconsistent,Forged/Blade-like,10.5,R,game-improvement
25.3,88.2,207,Straight,Forgiveness,Left/Right,Confidence-inspiring,10.5,R,super-game-improvement
19.2,105.3,236,Straight,Distance,Consistent,No preference,9,S,players-cb
26.3,75.0,172,Draw,Accuracy,Fat/Thin,Confidence-inspiring,12,L,super-game-improvement
29.0,106.6,231,Slice,Distance,Inconsistent,Forged/Blade-like,10.5,S,players-distance
21.1,91.3,210,Slice,Forgiveness,Fat/Thin,No preference,10.5,R,game-improvement
12.4,103.4,256,Straight,Accuracy,Fat/Thin,Confidence-inspiring,9,S,game-improvement
26.4,89.3,196,Draw,Forgiveness,Fat/Thin,Forged/Blade-like,10.5,R,game-improvement
21.2,74.3,177,Slice,Forgiveness,Left/Right,Confidence-inspiring,12,A,super-game-improvement
36.0,71.0,153,Draw,Forgiveness,Left/Right,Forged/Blade-like,12,L,super-game-improvement
19.8,87.3,191,Draw,Accuracy,Consistent,Forged/Blade-like,12,R,players-cb
23.3,100.1,223,Slice,Distance,Left/Right,Confidence-inspiring,9,S,super-game-improvement
19.6,78.8,177,Fade,Accuracy,Left/Right,Confidence-inspiring,12,R,game-improvement
16.1,86.5,187,Fade,Accuracy,Inconsistent,Confidence-inspiring,10.5,R,super-game-improvement
14.7,97.7,231,Draw,Accuracy,Left/Right,No preference,9,S,players-distance
19.6,97.4,227,Slice,Forgiveness,Consistent,Forged/Blade-like,10.5,S,players-cb
21.7,95.7,223,Slice,Accuracy,Left/Right,Confidence-inspiring,9,R,super-game-improvement
27.4,77.5,184,Draw,Forgiveness,Left/Right,Forged/Blade-like,12,A,game-improvement
19.8,76.6,183,Hook,Accuracy,Left/Right,Confidence-inspiring,12,A,game-improvement
12.8,102.7,234,Draw,Accuracy,Fat/Thin,Confidence-inspiring,9,S,game-improvement
14.1,110.7,254,Straight,Accuracy,Left/Right,Forged/Blade-like,8,X,players-distance
5.1,99.1,246,Fade,Accuracy,Consistent,Forged/Blade-like,9,S,players-cb
32.0,72.8,161,Fade,Forgiveness,Left/Right,Confidence-inspiring,12,A,super-game-improvement
12.1,93.5,219,Hook,Accuracy,Inconsistent,Forged/Blade-like,10.5,R,blade
25.7,92.5,197,Straight,Forgiveness,Inconsistent,Confidence-inspiring,10.5,R,super-game-improvement
19.5,90.4,201,Draw,Accuracy,Inconsistent,Confidence-inspiring,10.5,R,game-improvement
19.7,106.7,248,Straight,Distance,Inconsistent,Confidence-inspiring,9,S,game-improvement
15.9,104.4,223,Slice,Accuracy,Fat/Thin,Forged/Blade-like,10.5,S,players-cb
9.9,101.1,218,Straight,Accuracy,Consistent,Forged/Blade-like,9,S,players-cb
8.3,80.8,198,Draw,Accuracy,Inconsistent,Forged/Blade-like,12,A,players-cb
32.6,76.9,161,Draw,Forgiveness,Fat/Thin,Confidence-inspiring,12,A,super-game-improvement
18.0,88.3,206,Draw,Forgiveness,Inconsistent,Forged/Blade-like,9,R,players-distance
27.1,80.1,191,Slice,Accuracy,Left/Right,Confidence-inspiring,12,A,super-game-improvement
29.5,87.8,183,Fade,Forgiveness,Left/Right,Confidence-inspiring,10.5,R,super-game-improvement
13.3,99.1,216,Slice,Accuracy,Fat/Thin,Confidence-inspiring,9,S,super-game-improvement
20.8,75.1,167,Slice,Forgiveness,Fat/Thin,Confidence-inspiring,12,A,super-game-improvement
17.4,102.2,228,Slice,Accuracy,Inconsistent,Confidence-inspiring,9,S,game-improvement
6.6,101.7,243,Hook,Accuracy,Left/Right,No preference,9,S,players-cb
15.3,99.2,234,Straight,Accuracy,Left/Right,Forged/Blade-like,9,S,players-cb
22.3,98.3,224,Draw,Forgiveness,Inconsistent,Confidence-inspiring,12,S,super-game-improvement
12.5,89.8,210,Fade,Distance,Inconsistent,Forged/Blade-like,9,R,players-cb
14.1,109.0,263,Fade,Distance,Consistent,No preference,8,S,players-cb
15.4,94.1,224,Straight,Forgiveness,Inconsistent,Forged/Blade-like,10.5,R,players-distance
36.0,96.6,204,Fade,Accuracy,Fat/Thin,Confidence-inspiring,10.5,R,super-game-improvement
0.5,96.7,242,Fade,Accuracy,Consistent,Forged/Blade-like,8,A,blade
21.5,105.8,225,Slice,Forgiveness,Inconsistent,Confidence-inspiring,9,S,super-game-improvement
14.7,87.0,211,Slice,Forgiveness,Fat/Thin,Confidence-inspiring,10.5,R,super-game-improvement
11.2,120.0,282,Slice,Accuracy,Consistent,Confidence-inspiring,8,X,players-cb
14.5,86.6,190,Slice,Forgiveness,Left/Right,Forged/Blade-like,10.5,R,players-distance
23.0,100.9,223,Slice,Accuracy,Fat/Thin,No preference,9,S,super-game-improvement
23.5,86.4,203,Straight,Forgiveness,Fat/Thin,Forged/Blade-like,10.5,R,game-improvement
18.7,100.4,222,Straight,Accuracy,Inconsistent,Confidence-inspiring,9,S,game-improvement
26.8,87.4,197,Slice,Forgiveness,Inconsistent,Confidence-inspiring,10.5,R,super-game-improvement
28.4,75.8,174,Draw,Accuracy,Fat/Thin,No preference,10.5,A,super-game-improvement
24.3,65.0,145,Straight,Forgiveness,Fat/Thin,Confidence-inspiring,12,L,game-improvement
12.1,120.0,273,Slice,Distance,Inconsistent,Confidence-inspiring,8,X,game-improvement
21.4,92.2,208,Slice,Accuracy,Fat/Thin,Confidence-inspiring,10.5,R,super-game-improvement
21.5,65.0,134,Fade,Forgiveness,Fat/Thin,No preference,12,L,super-game-improvement
9.7,102.4,238,Fade,Forgiveness,Consistent,No preference,9,S,players-cb
2.9,110.9,259,Draw,Accuracy,Inconsistent,Forged/Blade-like,8,X,blade
0.0,98.8,242,Straight,Distance,Left/Right,Forged/Blade-like,9,S,players-cb
17.6,86.9,188,Slice,Forgiveness,Inconsistent,No preference,10.5,R,super-game-improvement
19.7,92.4,211,Slice,Forgiveness,Left/Right,Forged/Blade-like,10.5,R,players-cb
6.4,113.7,282,Fade,Distance,Left/Right,No preference,9,X,players-cb
26.4,89.0,208,Straight,Forgiveness,Fat/Thin,Confidence-inspiring,10.5,R,super-game-improvement
18.4,108.1,236,Straight,Forgiveness,Left/Right,Forged/Blade-like,9,S,game-improvement
29.1,97.5,207,Slice,Forgiveness,Left/Right,Confidence-inspiring,10.5,X,super-game-improvement
20.3,89.9,212,Fade,Accuracy,Fat/Thin,No preference,12,R,game-improvement
7.4,85.3,210,Straight,Distance,Left/Right,Forged/Blade-like,10.5,R,players-cb
21.1,89.4,197,Fade,Forgiveness,Left/Right,Confidence-inspiring,10.5,R,super-game-improvement
23.0,95.6,210,Slice,Distance,Fat/Thin,Confidence-inspiring,9,R,game-improvement
12.1,98.4,231,Slice,Distance,Fat/Thin,Confidence-inspiring,9,X,super-game-improvement
4.0,109.6,248,Straight,Accuracy,Left/Right,No preference,8,X,players-cb
17.9,102.5,239,Fade,Distance,Inconsistent,No preference,9,S,players-cb
8.0,105.9,262,Straight,Distance,Consistent,Confidence-inspiring,9,X,players-cb
27.1,84.8,184,Straight,Forgiveness,Left/Right,Confidence-inspiring,10.5,R,super-game-improvement
13.3,102.2,225,Slice,Accuracy,Fat/Thin,Confidence-inspiring,9,S,game-improvement
32.5,106.3,242,Slice,Forgiveness,Inconsistent,Confidence-inspiring,10.5,X,super-game-improvement
0.0,91.1,225,Draw,Accuracy,Inconsistent,Confidence-inspiring,10.5,A,players-distance
18.2,98.5,232,Straight,Accuracy,Fat/Thin,Confidence-inspiring,9,S,game-improvement
29.9,104.0,215,Slice,Accuracy,Fat/Thin,Confidence-inspiring,10.5,S,game-improvement
9.0,88.1,197,Straight,Accuracy,Consistent,No preference,10.5,R,players-cb
15.6,105.4,247,Hook,Distance,Consistent,Confidence-inspiring,8,S,players-cb
13.4,108.2,261,Slice,Accuracy,Left/Right,Confidence-inspiring,8,S,game-improvement
10.8,83.9,187,Straight,Forgiveness,Left/Right,Forged/Blade-like,10.5,A,players-cb
19.2,100.1,227,Draw,Accuracy,Inconsistent,No preference,9,R,players-distance
5.3,99.7,225,Hook,Distance,Left/Right,No preference,9,S,blade
16.0,94.5,212,Slice,Distance,Left/Right,No preference,10.5,R,game-improvement
21.6,88.1,196,Fade,Accuracy,Fat/Thin,Confidence-inspiring,10.5,R,super-game-improvement
15.1,108.9,256,Fade,Accuracy,Inconsistent,Forged/Blade-like,8,R,players-cb
8.0,99.4,217,Straight,Accuracy,Consistent,Forged/Blade-like,9,S,players-cb
26.3,83.5,197,Fade,Distance,Fat/Thin,No preference,10.5,A,game-improvement
23.6,85.5,190,Fade,Forgiveness,Left/Right,No preference,10.5,R,super-game-improvement
7.6,97.4,244,Straight,Distance,Fat/Thin,No preference,9,S,players-distance
5.4,91.5,226,Hook,Forgiveness,Left/Right,No preference,10.5,R,players-distance
8.4,95.6,235,Straight,Accuracy,Consistent,No preference,10.5,R,players-cb
21.9,92.3,226,Slice,Distance,Fat/Thin,No preference,10.5,R,super-game-improvement
19.5,96.8,213,Draw,Forgiveness,Fat/Thin,Confidence-inspiring,10.5,R,super-game-improvement
24.1,101.7,228,Fade,Forgiveness,Inconsistent,Confidence-inspiring,10.5,S,super-game-improvement
14.1,98.8,221,Fade,Distance,Left/Right,Forged/Blade-like,9,S,players-cb
8.7,95.3,225,Straight,Accuracy,Consistent,No preference,10.5,R,players-cb
25.3,78.7,181,Fade,Forgiveness,Inconsistent,Forged/Blade-like,12,A,super-game-improvement
12.0,100.8,246,Slice,Distance,Inconsistent,Confidence-inspiring,9,S,game-improvement
18.7,92.1,207,Straight,Forgiveness,Left/Right,Forged/Blade-like,10.5,R,players-distance
3.1,103.0,239,Fade,Forgiveness,Left/Right,Forged/Blade-like,9,S,players-cb
11.9,100.5,236,Straight,Forgiveness,Left/Right,Confidence-inspiring,10.5,S,game-improvement
26.1,93.4,199,Hook,Forgiveness,Inconsistent,No preference,10.5,S,super-game-improvement
10.6,101.5,234,Slice,Forgiveness,Consistent,Confidence-inspiring,10.5,S,super-game-improvement
24.3,87.8,202,Slice,Accuracy,Inconsistent,Confidence-inspiring,10.5,S,super-game-improvement
0.0,98.0,244,Straight,Accuracy,Consistent,Forged/Blade-like,9,S,blade
12.0,91.7,222,Slice,Distance,Left/Right,Confidence-inspiring,10.5,R,game-improvement
15.5,103.9,237,Hook,Forgiveness,Left/Right,Confidence-inspiring,9,S,game-improvement
32.7,79.5,180,Fade,Accuracy,Fat/Thin,No preference,12,A,game-improvement
6.5,88.1,211,Fade,Distance,Left/Right,Confidence-inspiring,10.5,R,players-distance
23.0,102.0,226,Slice,Accuracy,Inconsistent,Confidence-inspiring,9,X,super-game-improvement
26.5,78.6,164,Straight,Forgiveness,Inconsistent,Confidence-inspiring,12,A,super-game-improvement
10.5,99.2,215,Hook,Distance,Consistent,Forged/Blade-like,9,S,players-cb
13.6,101.7,223,Slice,Accuracy,Consistent,Confidence-inspiring,9,S,game-improvement
18.3,93.6,216,Slice,Distance,Left/Right,No preference,10.5,R,game-improvement
3.7,78.7,182,Straight,Accuracy,Left/Right,No preference,12,A,players-distance
12.9,101.1,221,Slice,Distance,Left/Right,Confidence-inspiring,9,S,game-improvement
28.5,99.9,215,Draw,Forgiveness,Fat/Thin,Confidence-inspiring,10.5,S,super-game-improvement
21.7,99.1,226,Straight,Distance,Fat/Thin,Confidence-inspiring,9,S,game-improvement
15.6,74.2,175,Draw,Forgiveness,Consistent,Confidence-inspiring,12,A,game-improvement
18.0,115.0,263,Fade,Accuracy,Consistent,Confidence-inspiring,8,X,players-cb
22.2,77.6,174,Draw,Distance,Left/Right,No preference,12,A,game-improvement
24.0,78.9,171,Fade,Accuracy,Fat/Thin,Forged/Blade-like,12,A,game-improvement
12.0,105.7,253,Draw,Forgiveness,Consistent,Forged/Blade-like,9,S,players-cb
30.8,89.6,193,Slice,Forgiveness,Fat/Thin,Confidence-inspiring,10.5,R,super-game-improvement
28.8,87.2,190,Slice,Distance,Fat/Thin,No preference,10.5,R,super-game-improvement
23.1,84.6,199,Straight,Forgiveness,Inconsistent,No preference,10.5,R,super-game-improvement
9.4,112.9,274,Straight,Accuracy,Fat/Thin,No preference,8,X,players-distance
7.8,100.3,237,Fade,Distance,Consistent,No preference,10.5,S,players-distance
14.1,80.8,185,Straight,Forgiveness,Left/Right,No preference,12,A,game-improvement
17.5,106.4,241,Straight,Accuracy,Left/Right,No preference,9,S,players-distance
1.1,107.4,244,Straight,Distance,Consistent,Forged/Blade-like,9,S,blade
21.5,102.5,241,Straight,Accuracy,Fat/Thin,Forged/Blade-like,9,S,players-distance
28.6,92.3,196,Slice,Forgiveness,Consistent,Confidence-inspiring,10.5,R,super-game-improvement
22.2,114.8,266,Straight,Forgiveness,Fat/Thin,No preference,9,X,super-game-improvement
10.9,95.5,225,Straight,Accuracy,Inconsistent,Forged/Blade-like,10.5,R,players-cb
9.9,99.4,247,Straight,Distance,Inconsistent,Confidence-inspiring,8,S,players-distance
19.7,99.8,232,Straight,Distance,Inconsistent,No preference,9,S,game-improvement
15.6,92.4,222,Draw,Accuracy,Inconsistent,No preference,12,R,players-distance
21.0,99.7,220,Slice,Forgiveness,Left/Right,Confidence-inspiring,10.5,X,super-game-improvement
22.4,65.0,135,Slice,Accuracy,Inconsistent,Forged/Blade-like,12,L,players-distance
26.8,87.0,193,Hook,Forgiveness,Fat/Thin,Confidence-inspiring,10.5,R,super-game-improvement
6.8,100.3,222,Draw,Distance,Consistent,No preference,8,S,players-cb
19.0,91.7,205,Fade,Forgiveness,Fat/Thin,No preference,10.5,R,game-improvement
13.7,87.9,194,Slice,Accuracy,Fat/Thin,No preference,10.5,A,game-improvement
16.1,104.1,232,Draw,Forgiveness,Consistent,No preference,9,S,players-distance
24.8,84.1,193,Slice,Forgiveness,Fat/Thin,No preference,10.5,R,super-game-improvement
25.8,90.5,205,Straight,Forgiveness,Left/Right,Forged/Blade-like,10.5,R,game-improvement
29.6,85.5,185,Straight,Distance,Consistent,Confidence-inspiring,10.5,R,game-improvement
20.8,96.9,222,Draw,Forgiveness,Left/Right,Confidence-inspiring,10.5,R,super-game-improvement
16.0,109.4,247,Fade,Forgiveness,Left/Right,No preference,9,S,game-improvement
14.7,98.0,249,Slice,Forgiveness,Inconsistent,No preference,10.5,S,game-improvement
1.4,113.5,279,Straight,Accuracy,Consistent,Forged/Blade-like,8,X,blade
29.1,87.7,187,Fade,Accuracy,Fat/Thin,Forged/Blade-like,10.5,R,super-game-improvement
14.1,91.4,220,Straight,Forgiveness,Left/Right,No preference,10.5,R,game-improvement
21.6,89.9,214,Slice,Forgiveness,Inconsistent,Confidence-inspiring,10.5,R,super-game-improvement
23.1,87.5,189,Fade,Forgiveness,Inconsistent,Confidence-inspiring,10.5,R,game-improvement
5.8,107.7,245,Draw,Distance,Left/Right,Forged/Blade-like,9,S,blade
8.7,101.2,229,Straight,Distance,Left/Right,No preference,9,S,players-distance
30.9,77.0,161,Slice,Forgiveness,Left/Right,No preference,12,A,game-improvement
19.6,90.5,205,Fade,Accuracy,Inconsistent,Confidence-inspiring,10.5,R,game-improvement
11.8,82.7,179,Straight,Forgiveness,Inconsistent,Confidence-inspiring,10.5,A,super-game-improvement
15.9,93.3,211,Fade,Forgiveness,Left/Right,No preference,10.5,R,game-improvement
26.8,87.8,192,Slice,Accuracy,Inconsistent,No preference,10.5,R,super-game-improvement
25.4,106.8,240,Draw,Forgiveness,Inconsistent,Confidence-inspiring,10.5,S,super-game-improvement
3.8,116.9,288,Fade,Accuracy,Consistent,Forged/Blade-like,8,X,blade
31.7,74.1,164,Fade,Forgiveness,Fat/Thin,Forged/Blade-like,10.5,A,super-game-improvement
25.7,90.5,217,Straight,Accuracy,Left/Right,Confidence-inspiring,10.5,R,super-game-improvement
15.6,97.6,235,Straight,Forgiveness,Left/Right,Confidence-inspiring,10.5,S,super-game-improvement
6.3,99.4,240,Hook,Accuracy,Fat/Thin,No preference,9,S,players-distance
26.5,86.3,182,Straight,Accuracy,Inconsistent,Confidence-inspiring,10.5,R,super-game-improvement
21.3,88.0,193,Slice,Distance,Left/Right,Confidence-inspiring,10.5,R,super-game-improvement
3.9,120.0,277,Fade,Distance,Fat/Thin,Forged/Blade-like,8,X,blade
14.9,91.7,214,Straight,Forgiveness,Inconsistent,Confidence-inspiring,10.5,S,super-game-improvement
36.0,84.9,183,Straight,Forgiveness,Fat/Thin,Confidence-inspiring,12,R,game-improvement
17.1,69.1,167,Straight,Distance,Consistent,Forged/Blade-like,12,L,players-cb
10.3,107.2,255,Straight,Accuracy,Left/Right,No preference,9,S,players-cb
7.9,112.5,277,Draw,Distance,Consistent,No preference,9,X,players-cb
32.9,73.1,167,Slice,Forgiveness,Left/Right,Confidence-inspiring,12,A,super-game-improvement
24.6,84.2,178,Slice,Forgiveness,Left/Right,Confidence-inspiring,10.5,R,game-improvement
29.7,90.3,192,Straight,Distance,Left/Right,Forged/Blade-like,10.5,R,players-distance
19.2,93.1,212,Fade,Forgiveness,Left/Right,No preference,10.5,R,game-improvement
28.3,91.4,194,Straight,Forgiveness,Inconsistent,No preference,10.5,R,game-improvement
9.4,96.7,227,Straight,Forgiveness,Left/Right,No preference,10.5,R,game-improvement
18.5,112.1,259,Straight,Distance,Consistent,Confidence-inspiring,9,X,players-cb
19.6,86.0,194,Straight,Forgiveness,Consistent,No preference,10.5,R,players-distance
29.4,112.9,247,Straight,Distance,Inconsistent,Confidence-inspiring,10.5,X,super-game-improvement
19.9,104.9,230,Straight,Forgiveness,Inconsistent,Forged/Blade-like,9,S,players-distance
11.4,106.6,255,Fade,Distance,Inconsistent,Confidence-inspiring,9,S,game-improvement
17.6,83.6,195,Straight,Accuracy,Inconsistent,Confidence-inspiring,12,A,game-improvement
1.9,113.8,270,Hook,Accuracy,Consistent,Forged/Blade-like,9,X,blade
0.0,112.0,263,Straight,Distance,Consistent,Forged/Blade-like,9,X,blade
24.5,68.1,163,Slice,Forgiveness,Fat/Thin,No preference,12,L,super-game-improvement
13.6,82.7,208,Draw,Accuracy,Left/Right,No preference,10.5,A,players-distance
14.6,99.6,233,Fade,Distance,Left/Right,Confidence-inspiring,9,S,game-improvement
24.5,88.0,193,Slice,Distance,Left/Right,No preference,12,R,players-distance
29.6,80.7,186,Hook,Forgiveness,Fat/Thin,Confidence-inspiring,12,A,super-game-improvement
21.8,102.0,234,Hook,Forgiveness,Fat/Thin,Confidence-inspiring,10.5,S,super-game-improvement
34.4,73.8,156,Straight,Forgiveness,Left/Right,No preference,12,R,super-game-improvement
21.5,86.8,205,Slice,Forgiveness,Fat/Thin,Confidence-inspiring,10.5,R,game-improvement
19.7,86.1,188,Straight,Forgiveness,Left/Right,Forged/Blade-like,10.5,R,game-improvement
19.2,98.0,217,Draw,Distance,Fat/Thin,Forged/Blade-like,9,S,players-cb
5.4,85.1,208,Straight,Accuracy,Consistent,Forged/Blade-like,9,R,blade
25.6,83.6,187,Draw,Distance,Consistent,Confidence-inspiring,10.5,A,game-improvement
0.0,88.8,223,Straight,Accuracy,Consistent,No preference,10.5,R,blade
11.7,94.9,233,Draw,Accuracy,Fat/Thin,Confidence-inspiring,10.5,R,game-improvement
17.2,101.5,219,Draw,Forgiveness,Left/Right,Confidence-inspiring,10.5,S,super-game-improvement
9.9,106.7,252,Straight,Accuracy,Consistent,No preference,9,S,blade
12.9,90.0,227,Straight,Forgiveness,Left/Right,Confidence-inspiring,10.5,R,super-game-improvement
33.6,88.5,185,Draw,Forgiveness,Fat/Thin,Confidence-inspiring,10.5,R,super-game-improvement
26.9,85.9,183,Slice,Accuracy,Left/Right,Forged/Blade-like,10.5,R,game-improvement
10.8,112.3,244,Fade,Accuracy,Fat/Thin,No preference,8,X,players-distance
12.8,96.0,225,Straight,Accuracy,Left/Right,No preference,9,R,players-distance
5.5,72.5,179,Draw,Forgiveness,Left/Right,Confidence-inspiring,12,A,game-improvement
23.3,99.1,227,Fade,Accuracy,Fat/Thin,Forged/Blade-like,9,R,players-distance
14.8,91.3,202,Fade,Accuracy,Inconsistent,Confidence-inspiring,10.5,R,game-improvement
0.0,103.3,253,Straight,Accuracy,Left/Right,Forged/Blade-like,8,S,blade
17.9,97.2,224,Fade,Distance,Consistent,Confidence-inspiring,9,S,players-distance
21.0,77.5,176,Slice,Forgiveness,Left/Right,No preference,12,A,super-game-improvement
25.7,89.3,188,Straight,Forgiveness,Inconsistent,Confidence-inspiring,10.5,R,game-improvement
16.3,100.3,232,Fade,Distance,Left/Right,Confidence-inspiring,8,S,players-distance
13.6,100.4,226,Fade,Distance,Left/Right,Confidence-inspiring,9,X,game-improvement
34.9,76.3,146,Straight,Accuracy,Fat/Thin,Confidence-inspiring,12,R,game-improvement
17.1,104.3,246,Fade,Accuracy,Left/Right,Confidence-inspiring,9,S,players-distance
23.5,80.0,180,Slice,Forgiveness,Fat/Thin,Confidence-inspiring,12,A,super-game-improvement
12.1,91.5,220,Slice,Forgiveness,Consistent,Confidence-inspiring,12,R,players-distance
23.2,88.9,194,Slice,Accuracy,Fat/Thin,Forged/Blade-like,10.5,R,players-distance
3.9,106.3,262,Straight,Accuracy,Consistent,Forged/Blade-like,10.5,S,blade
12.8,94.1,229,Slice,Accuracy,Left/Right,Forged/Blade-like,10.5,R,players-cb
6.1,114.1,289,Draw,Distance,Inconsistent,No preference,8,X,players-cb
11.6,101.1,244,Hook,Accuracy,Inconsistent,No preference,9,S,players-distance
28.3,87.5,196,Slice,Forgiveness,Consistent,No preference,10.5,R,super-game-improvement
11.5,100.8,224,Draw,Accuracy,Inconsistent,Forged/Blade-like,9,S,players-distance
23.5,97.3,217,Draw,Forgiveness,Left/Right,No preference,10.5,S,super-game-improvement
30.7,87.5,177,Slice,Forgiveness,Left/Right,Forged/Blade-like,10.5,R,super-game-improvement
16.8,76.5,168,Fade,Forgiveness,Inconsistent,Confidence-inspiring,10.5,A,super-game-improvement
25.9,99.3,238,Slice,Distance,Consistent,Confidence-inspiring,10.5,S,game-improvement
21.8,92.4,199,Fade,Distance,Fat/Thin,No preference,10.5,S,super-game-improvement
18.0,100.6,209,Straight,Forgiveness,Consistent,No preference,10.5,S,players-distance
23.8,85.8,199,Draw,Forgiveness,Left/Right,No preference,10.5,R,super-game-improvement
33.6,65.0,134,Straight,Forgiveness,Inconsistent,Confidence-inspiring,12,L,super-game-improvement
11.3,75.5,184,Slice,Forgiveness,Left/Right,No preference,12,A,super-game-improvement
8.4,90.8,205,Straight,Accuracy,Consistent,Forged/Blade-like,10.5,A,blade
7.8,105.9,248,Straight,Forgiveness,Inconsistent,No preference,9,R,players-distance
25.9,101.4,236,Fade,Forgiveness,Fat/Thin,No preference,10.5,S,super-game-improvement
27.2,90.5,188,Straight,Forgiveness,Inconsistent,Forged/Blade-like,10.5,R,game-improvement
12.2,87.2,203,Draw,Distance,Consistent,Confidence-inspiring,10.5,R,players-distance
0.0,98.2,243,Fade,Accuracy,Consistent,No preference,9,S,players-cb
10.9,112.2,257,Fade,Forgiveness,Fat/Thin,Forged/Blade-like,9,X,players-cb
21.9,78.0,178,Slice,Forgiveness,Fat/Thin,Confidence-inspiring,12,A,super-game-improvement
16.4,115.9,267,Hook,Forgiveness,Left/Right,No preference,10.5,X,game-improvement
18.6,112.1,261,Draw,Accuracy,Consistent,Forged/Blade-like,8,X,players-cb
12.3,119.0,295,Slice,Distance,Left/Right,Forged/Blade-like,8,X,players-cb
26.1,92.1,228,Fade,Distance,Left/Right,Confidence-inspiring,10.5,R,super-game-improvement
20.1,88.9,206,Fade,Forgiveness,Fat/Thin,No preference,10.5,R,game-improvement
22.3,94.4,211,Slice,Distance,Fat/Thin,No preference,10.5,R,super-game-improvement
18.4,102.6,238,Straight,Accuracy,Left/Right,No preference,9,R,players-distance
21.7,84.7,189,Fade,Accuracy,Fat/Thin,No preference,10.5,R,super-game-improvement
21.1,80.6,168,Slice,Forgiveness,Left/Right,Confidence-inspiring,12,A,super-game-improvement
8.6,97.3,230,Slice,Forgiveness,Consistent,No preference,12,S,players-distance
20.4,84.4,201,Straight,Accuracy,Left/Right,Confidence-inspiring,10.5,R,game-improvement
24.1,102.0,215,Straight,Forgiveness,Left/Right,Confidence-inspiring,10.5,S,super-game-improvement
27.4,81.2,170,Fade,Forgiveness,Inconsistent,Confidence-inspiring,10.5,A,super-game-improvement
20.7,92.9,205,Fade,Forgiveness,Fat/Thin,No preference,10.5,R,super-game-improvement
8.3,110.2,265,Slice,Accuracy,Left/Right,Confidence-inspiring,8,X,players-distance
9.7,112.2,286,Straight,Accuracy,Fat/Thin,Forged/Blade-like,8,X,blade
13.1,99.2,224,Fade,Accuracy,Left/Right,Forged/Blade-like,9,S,players-cb
18.7,97.1,222,Straight,Accuracy,Fat/Thin,Forged/Blade-like,9,S,players-distance
15.9,85.0,196,Slice,Distance,Fat/Thin,Forged/Blade-like,10.5,R,players-distance
6.9,111.5,264,Straight,Accuracy,Inconsistent,No preference,8,X,players-distance
6.8,114.0,272,Draw,Distance,Consistent,Confidence-inspiring,9,X,players-cb
0.0,87.3,210,Draw,Accuracy,Inconsistent,Confidence-inspiring,10.5,R,players-distance
0.0,120.0,319,Draw,Forgiveness,Inconsistent,Forged/Blade-like,9,X,players-distance
15.8,88.2,210,Straight,Forgiveness,Inconsistent,Confidence-inspiring,10.5,R,super-game-improvement
36.0,87.5,182,Slice,Forgiveness,Fat/Thin,Confidence-inspiring,10.5,R,super-game-improvement
33.2,84.2,192,Straight,Accuracy,Inconsistent,Confidence-inspiring,10.5,R,super-game-improvement
8.2,99.8,239,Fade,Accuracy,Inconsistent,Forged/Blade-like,9,S,players-cb
18.3,91.5,210,Slice,Distance,Inconsistent,No preference,10.5,R,players-distance
3.8,93.5,224,Straight,Distance,Consistent,No preference,10.5,R,players-cb
5.2,107.7,257,Straight,Accuracy,Inconsistent,No preference,9,S,players-cb
6.2,98.9,226,Straight,Distance,Left/Right,Forged/Blade-like,10.5,S,players-cb
15.0,82.7,176,Straight,Distance,Consistent,Confidence-inspiring,10.5,A,players-distance
15.4,85.2,200,Slice,Forgiveness,Inconsistent,Forged/Blade-like,10.5,R,game-improvement
19.3,80.0,180,Straight,Forgiveness,Left/Right,Confidence-inspiring,12,A,super-game-improvement
23.0,85.1,199,Draw,Forgiveness,Left/Right,Confidence-inspiring,9,R,super-game-improvement
14.0,101.3,227,Hook,Forgiveness,Inconsistent,Confidence-inspiring,10.5,S,super-game-improvement
17.3,87.1,190,Straight,Distance,Consistent,Forged/Blade-like,10.5,R,players-cb
7.2,110.9,272,Slice,Distance,Consistent,Forged/Blade-like,8,X,players-cb
4.9,101.5,242,Straight,Distance,Consistent,No preference,9,S,blade
3.5,100.7,251,Straight,Accuracy,Left/Right,No preference,10.5,S,players-cb
22.8,90.7,204,Slice,Forgiveness,Left/Right,Confidence-inspiring,10.5,R,game-improvement
14.0,110.4,273,Straight,Forgiveness,Left/Right,Confidence-inspiring,9,X,game-improvement
0.2,92.2,233,Straight,Distance,Left/Right,No preference,10.5,R,players-cb
16.4,111.4,260,Fade,Accuracy,Consistent,Forged/Blade-like,9,X,players-cb
5.8,111.7,275,Draw,Accuracy,Consistent,Forged/Blade-like,8,X,blade
31.9,84.1,179,Hook,Forgiveness,Inconsistent,No preference,10.5,R,super-game-improvement
11.8,109.8,243,Slice,Distance,Fat/Thin,No preference,8,S,players-distance
23.1,87.1,199,Draw,Accuracy,Left/Right,No preference,10.5,A,game-improvement
26.8,90.6,218,Slice,Accuracy,Consistent,Confidence-inspiring,10.5,R,super-game-improvement
8.4,94.9,205,Straight,Accuracy,Inconsistent,Confidence-inspiring,10.5,R,game-improvement
17.7,103.6,242,Draw,Forgiveness,Inconsistent,Forged/Blade-like,9,R,players-distance
22.0,84.0,175,Slice,Accuracy,Left/Right,Confidence-inspiring,10.5,R,super-game-improvement
18.0,93.2,213,Hook,Forgiveness,Consistent,Forged/Blade-like,10.5,S,players-cb
20.2,99.1,225,Straight,Forgiveness,Left/Right,Confidence-inspiring,10.5,X,super-game-improvement
5.0,113.1,279,Slice,Forgiveness,Consistent,No preference,9,X,players-cb
22.0,82.8,188,Slice,Forgiveness,Fat/Thin,Confidence-inspiring,10.5,A,super-game-improvement
12.6,105.0,258,Draw,Distance,Inconsistent,Confidence-inspiring,8,S,players-distance
20.1,82.5,198,Hook,Forgiveness,Left/Right,Confidence-inspiring,10.5,A,super-game-improvement
25.3,67.3,148,Slice,Forgiveness,Fat/Thin,Confidence-inspiring,12,L,super-game-improvement
23.0,82.9,196,Straight,Accuracy,Fat/Thin,Confidence-inspiring,10.5,A,super-game-improvement
20.1,100.7,226,Straight,Forgiveness,Fat/Thin,No preference,10.5,S,game-improvement
22.8,90.4,199,Straight,Forgiveness,Left/Right,No preference,10.5,R,super-game-improvement
23.2,84.9,179,Straight,Forgiveness,Left/Right,Confidence-inspiring,12,R,super-game-improvement
30.5,85.8,198,Fade,Accuracy,Left/Right,Confidence-inspiring,10.5,R,super-game-improvement
16.7,94.9,216,Slice,Distance,Inconsistent,No preference,10.5,A,super-game-improvement
18.5,99.6,206,Slice,Accuracy,Left/Right,No preference,8,S,game-improvement
25.4,72.6,166,Straight,Forgiveness,Left/Right,Confidence-inspiring,12,A,super-game-improvement
12.6,96.4,221,Draw,Distance,Fat/Thin,Forged/Blade-like,9,R,players-cb
5.0,103.8,247,Fade,Accuracy,Left/Right,No preference,9,S,players-cb
21.4,77.8,174,Hook,Forgiveness,Left/Right,Confidence-inspiring,12,A,super-game-improvement
15.1,81.9,186,Slice,Accuracy,Inconsistent,No preference,12,A,game-improvement
6.1,98.2,260,Slice,Accuracy,Inconsistent,Forged/Blade-like,9,S,players-cb
21.5,91.5,221,Hook,Forgiveness,Fat/Thin,Confidence-inspiring,10.5,R,super-game-improvement
29.9,85.8,193,Straight,Accuracy,Left/Right,No preference,10.5,R,game-improvement
2.3,98.9,242,Straight,Forgiveness,Left/Right,Forged/Blade-like,12,S,players-cb
26.2,82.2,192,Straight,Forgiveness,Left/Right,Confidence-inspiring,10.5,A,super-game-improvement
0.0,102.0,252,Draw,Accuracy,Fat/Thin,No preference,9,S,players-cb
13.4,99.9,240,Straight,Accuracy,Fat/Thin,No preference,8,S,game-improvement
33.6,95.6,210,Slice,Distance,Fat/Thin,Confidence-inspiring,10.5,R,super-game-improvement
14.0,74.3,174,Draw,Accuracy,Fat/Thin,Forged/Blade-like,12,A,players-distance
17.8,100.1,238,Fade,Accuracy,Left/Right,No preference,9,S,players-distance
23.9,88.6,194,Hook,Forgiveness,Fat/Thin,Forged/Blade-like,10.5,R,super-game-improvement
1.6,110.2,269,Hook,Accuracy,Left/Right,No preference,8,X,players-cb
17.6,105.9,234,Slice,Accuracy,Left/Right,Forged/Blade-like,9,S,players-distance
17.6,86.5,190,Slice,Distance,Inconsistent,No preference,10.5,S,game-improvement
33.8,92.5,176,Hook,Forgiveness,Inconsistent,Confidence-inspiring,10.5,R,super-game-improvement
5.9,89.4,218,Draw,Accuracy,Consistent,Forged/Blade-like,10.5,R,blade
13.6,98.0,235,Draw,Accuracy,Left/Right,Forged/Blade-like,9,S,players-cb
8.6,97.7,242,Straight,Distance,Left/Right,Forged/Blade-like,9,R,players-cb
7.7,101.2,231,Draw,Distance,Left/Right,No preference,9,S,players-cb
27.1,77.7,175,Straight,Forgiveness,Fat/Thin,Confidence-inspiring,12,A,super-game-improvement
17.2,98.7,227,Straight,Accuracy,Consistent,Forged/Blade-like,9,S,players-cb
12.0,113.7,273,Straight,Distance,Left/Right,Forged/Blade-like,8,X,players-cb
12.3,87.9,200,Straight,Forgiveness,Consistent,Forged/Blade-like,10.5,R,players-cb
11.9,99.8,231,Straight,Accuracy,Left/Right,Forged/Blade-like,9,S,players-cb
12.7,105.9,233,Straight,Accuracy,Consistent,Confidence-inspiring,9,X,players-cb
5.6,99.2,232,Draw,Accuracy,Left/Right,No preference,9,R,players-cb
14.7,109.6,254,Straight,Accuracy,Consistent,Forged/Blade-like,8,S,players-cb
13.8,92.3,216,Straight,Distance,Left/Right,Confidence-inspiring,10.5,A,game-improvement
10.2,97.9,216,Draw,Accuracy,Left/Right,Forged/Blade-like,9,S,players-cb
18.4,83.6,186,Draw,Distance,Left/Right,Confidence-inspiring,10.5,A,game-improvement
19.2,94.2,216,Straight,Forgiveness,Consistent,Forged/Blade-like,10.5,A,players-cb
12.0,97.9,242,Straight,Distance,Fat/Thin,Forged/Blade-like,9,S,players-distance
15.7,101.7,227,Draw,Forgiveness,Left/Right,Confidence-inspiring,10.5,S,super-game-improvement
36.0,75.2,164,Slice,Forgiveness,Consistent,No preference,12,A,super-game-improvement
36.0,74.7,154,Straight,Accuracy,Fat/Thin,Confidence-inspiring,12,A,super-game-improvement
7.5,105.5,247,Slice,Distance,Consistent,Forged/Blade-like,9,S,players-cb
8.8,114.0,262,Draw,Accuracy,Inconsistent,No preference,8,X,players-cb
7.5,107.2,246,Draw,Distance,Consistent,No preference,9,S,players-cb
26.5,106.5,231,Slice,Forgiveness,Fat/Thin,Confidence-inspiring,12,S,game-improvement
13.4,102.4,248,Hook,Forgiveness,Inconsistent,Forged/Blade-like,9,S,players-distance
19.2,98.1,217,Slice,Accuracy,Fat/Thin,Confidence-inspiring,9,S,super-game-improvement
35.0,89.0,182,Slice,Forgiveness,Fat/Thin,Confidence-inspiring,10.5,R,game-improvement
16.9,109.4,253,Slice,Accuracy,Left/Right,Confidence-inspiring,8,S,game-improvement
23.4,102.5,230,Draw,Forgiveness,Inconsistent,No preference,9,S,super-game-improvement
21.7,80.4,181,Slice,Forgiveness,Fat/Thin,Confidence-inspiring,12,A,super-game-improvement
11.7,106.0,251,Draw,Forgiveness,Fat/Thin,Forged/Blade-like,9,S,players-cb
26.5,90.6,191,Draw,Forgiveness,Inconsistent,Confidence-inspiring,10.5,R,super-game-improvement
9.4,97.7,223,Fade,Distance,Inconsistent,Forged/Blade-like,9,S,players-cb
29.1,68.5,159,Slice,Forgiveness,Fat/Thin,Forged/Blade-like,12,L,super-game-improvement
11.7,82.6,192,Fade,Forgiveness,Fat/Thin,Confidence-inspiring,12,A,super-game-improvement
12.7,93.7,224,Slice,Distance,Inconsistent,Forged/Blade-like,10.5,R,players-distance
7.2,86.5,217,Straight,Distance,Consistent,Forged/Blade-like,10.5,R,players-cb
8.7,96.6,237,Fade,Accuracy,Consistent,Forged/Blade-like,9,R,players-cb
13.2,104.2,231,Straight,Accuracy,Inconsistent,No preference,9,R,players-distance
0.0,100.2,244,Straight,Forgiveness,Consistent,No preference,10.5,S,players-cb
14.9,96.7,233,Fade,Forgiveness,Left/Right,Forged/Blade-like,12,R,players-distance
12.4,86.9,208,Straight,Accuracy,Inconsistent,Confidence-inspiring,10.5,A,game-improvement
24.1,92.6,208,Slice,Accuracy,Inconsistent,No preference,10.5,R,super-game-improvement
20.8,96.9,205,Slice,Accuracy,Fat/Thin,Confidence-inspiring,9,R,super-game-improvement
10.6,84.6,194,Slice,Forgiveness,Inconsistent,Confidence-inspiring,10.5,A,super-game-improvement
12.9,89.7,210,Straight,Accuracy,Fat/Thin,Confidence-inspiring,10.5,R,game-improvement
14.9,83.2,180,Straight,Distance,Left/Right,Confidence-inspiring,10.5,A,game-improvement
30.4,90.4,204,Draw,Distance,Fat/Thin,Confidence-inspiring,10.5,R,super-game-improvement
9.6,101.1,238,Fade,Accuracy,Fat/Thin,Forged/Blade-like,10.5,S,players-cb
10.5,98.4,214,Draw,Distance,Left/Right,Confidence-inspiring,9,S,players-distance
6.8,100.1,234,Draw,Forgiveness,Consistent,Confidence-inspiring,10.5,R,players-distance
3.7,106.7,255,Straight,Accuracy,Consistent,No preference,9,S,blade
19.8,96.0,217,Draw,Forgiveness,Left/Right,Confidence-inspiring,10.5,R,super-game-improvement
18.8,88.3,214,Draw,Accuracy,Inconsistent,Confidence-inspiring,10.5,R,game-improvement
28.5,80.3,181,Hook,Accuracy,Left/Right,Forged/Blade-like,12,A,game-improvement
26.4,87.5,181,Straight,Forgiveness,Inconsistent,No preference,10.5,R,super-game-improvement
36.0,79.6,156,Fade,Forgiveness,Fat/Thin,No preference,12,A,super-game-improvement
16.3,115.5,264,Straight,Distance,Consistent,Confidence-inspiring,8,X,players-cb
14.7,92.2,215,Straight,Distance,Fat/Thin,Confidence-inspiring,10.5,R,game-improvement
5.3,105.3,262,Fade,Accuracy,Consistent,Forged/Blade-like,9,S,blade
23.3,94.8,228,Fade,Forgiveness,Left/Right,Confidence-inspiring,10.5,R,super-game-improvement
18.1,107.7,262,Straight,Accuracy,Fat/Thin,Confidence-inspiring,9,S,super-game-improvement
22.9,82.3,181,Slice,Distance,Fat/Thin,No preference,10.5,A,super-game-improvement
6.7,114.8,283,Straight,Distance,Left/Right,Forged/Blade-like,8,X,blade
20.2,90.8,210,Slice,Forgiveness,Left/Right,No preference,10.5,R,super-game-improvement
18.8,118.2,260,Fade,Distance,Consistent,Confidence-inspiring,8,X,players-cb
18.3,97.2,205,Straight,Distance,Left/Right,Forged/Blade-like,9,X,players-cb
10.9,86.3,204,Fade,Forgiveness,Inconsistent,No preference,10.5,R,game-improvement
27.7,85.2,174,Slice,Accuracy,Inconsistent,Confidence-inspiring,10.5,R,super-game-improvement
35.5,95.2,195,Fade,Accuracy,Fat/Thin,Confidence-inspiring,10.5,R,super-game-improvement
7.0,102.1,238,Fade,Accuracy,Consistent,Forged/Blade-like,9,S,blade
23.5,89.4,202,Slice,Forgiveness,Left/Right,Confidence-inspiring,10.5,R,super-game-improvement
0.0,113.2,289,Fade,Accuracy,Consistent,Forged/Blade-like,8,X,players-cb
23.0,86.9,195,Hook,Forgiveness,Fat/Thin,Confidence-inspiring,10.5,S,super-game-improvement
0.2,103.8,249,Straight,Forgiveness,Fat/Thin,Forged/Blade-like,9,S,players-cb
12.3,88.2,188,Straight,Distance,Consistent,No preference,10.5,R,players-cb
5.2,119.8,292,Draw,Distance,Left/Right,No preference,9,X,players-cb
15.1,83.5,193,Fade,Forgiveness,Inconsistent,No preference,10.5,L,super-game-improvement
24.5,91.0,198,Straight,Forgiveness,Left/Right,Confidence-inspiring,10.5,R,super-game-improvement
0.3,110.6,281,Straight,Accuracy,Consistent,No preference,9,X,blade
13.8,96.5,214,Draw,Forgiveness,Left/Right,No preference,10.5,R,game-improvement
12.4,85.0,193,Fade,Accuracy,Fat/Thin,No preference,9,S,game-improvement
31.2,74.8,160,Straight,Forgiveness,Inconsistent,No preference,12,A,game-improvement
20.9,97.0,214,Slice,Forgiveness,Left/Right,No preference,10.5,S,game-improvement
6.4,93.8,229,Slice,Distance,Left/Right,Forged/Blade-like,10.5,R,blade
12.8,76.6,183,Straight,Forgiveness,Left/Right,No preference,12,A,game-improvement
31.0,88.8,202,Straight,Forgiveness,Fat/Thin,No preference,10.5,R,game-improvement
23.4,81.4,187,Fade,Forgiveness,Left/Right,Confidence-inspiring,10.5,A,super-game-improvement
8.7,106.4,251,Draw,Accuracy,Left/Right,No preference,9,S,players-cb
14.6,94.1,215,Slice,Distance,Fat/Thin,Confidence-inspiring,10.5,R,game-improvement
14.9,93.4,220,Straight,Forgiveness,Left/Right,No preference,12,A,game-improvement
12.2,98.2,228,Straight,Accuracy,Left/Right,Forged/Blade-like,9,S,players-cb
1.6,93.5,228,Draw,Accuracy,Consistent,Forged/Blade-like,10.5,R,blade
10.9,90.3,217,Slice,Accuracy,Left/Right,Confidence-inspiring,10.5,R,game-improvement
29.5,83.3,183,Straight,Accuracy,Left/Right,Confidence-inspiring,10.5,R,super-game-improvement
13.6,85.3,201,Slice,Forgiveness,Left/Right,No preference,10.5,R,super-game-improvement
16.1,102.2,228,Straight,Forgiveness,Left/Right,No preference,9,S,game-improvement
18.3,90.5,219,Straight,Forgiveness,Inconsistent,Forged/Blade-like,10.5,S,players-distance
36.0,67.0,132,Fade,Forgiveness,Inconsistent,Confidence-inspiring,12,L,super-game-improvement
17.1,88.8,208,Fade,Forgiveness,Inconsistent,Confidence-inspiring,10.5,R,super-game-improvement
26.8,88.8,192,Straight,Distance,Fat/Thin,Confidence-inspiring,10.5,R,super-game-improvement
11.6,93.7,230,Slice,Forgiveness,Consistent,Confidence-inspiring,10.5,R,game-improvement
14.7,100.0,240,Fade,Accuracy,Consistent,No preference,9,S,players-cb
17.1,100.1,230,Fade,Forgiveness,Fat/Thin,Confidence-inspiring,10.5,S,super-game-improvement
10.0,120.0,297,Fade,Forgiveness,Inconsistent,Forged/Blade-like,9,X,blade
15.2,107.2,246,Straight,Accuracy,Consistent,Confidence-inspiring,9,S,players-cb
25.0,72.6,169,Slice,Forgiveness,Inconsistent,Confidence-inspiring,12,A,super-game-improvement
9.8,95.7,219,Draw,Distance,Left/Right,No preference,12,R,players-cb
17.0,91.8,215,Fade,Forgiveness,Consistent,Confidence-inspiring,10.5,R,game-improvement
23.4,95.8,206,Straight,Forgiveness,Fat/Thin,Confidence-inspiring,10.5,R,super-game-improvement
9.6,90.1,213,Draw,Accuracy,Left/Right,Forged/Blade-like,10.5,R,players-cb
26.9,82.4,181,Fade,Accuracy,Left/Right,Confidence-inspiring,10.5,A,super-game-improvement
17.7,81.5,195,Hook,Accuracy,Inconsistent,Confidence-inspiring,12,A,game-improvement
15.5,89.4,201,Draw,Accuracy,Left/Right,Confidence-inspiring,10.5,R,game-improvement
0.0,100.4,274,Draw,Distance,Inconsistent,Confidence-inspiring,9,S,players-cb
13.6,93.6,205,Draw,Accuracy,Left/Right,Forged/Blade-like,10.5,R,players-cb
20.3,80.3,184,Slice,Accuracy,Fat/Thin,Confidence-inspiring,12,A,super-game-improvement
32.7,93.6,204,Hook,Accuracy,Inconsistent,Confidence-inspiring,10.5,S,super-game-improvement
22.1,95.7,220,Slice,Accuracy,Fat/Thin,Forged/Blade-like,10.5,R,game-improvement
27.1,73.1,157,Draw,Forgiveness,Inconsistent,Confidence-inspiring,12,A,super-game-improvement
6.1,102.1,247,Slice,Accuracy,Left/Right,Forged/Blade-like,9,S,players-cb
15.9,79.5,178,Straight,Distance,Fat/Thin,Confidence-inspiring,12,A,super-game-improvement
28.0,100.4,238,Straight,Forgiveness,Fat/Thin,Forged/Blade-like,10.5,S,super-game-improvement
9.0,116.0,269,Fade,Distance,Consistent,Forged/Blade-like,8,X,players-cb
25.7,88.0,194,Slice,Forgiveness,Fat/Thin,Confidence-inspiring,9,R,super-game-improvement
23.6,81.4,176,Slice,Accuracy,Fat/Thin,No preference,12,A,super-game-improvement
19.5,86.1,189,Straight,Distance,Inconsistent,No preference,10.5,R,game-improvement
14.0,91.9,201,Slice,Accuracy,Left/Right,Confidence-inspiring,12,R,game-improvement
8.1,99.4,242,Fade,Distance,Consistent,Confidence-inspiring,9,S,players-cb
33.0,97.3,203,Straight,Forgiveness,Inconsistent,Confidence-inspiring,10.5,S,super-game-improvement
22.7,100.1,218,Hook,Forgiveness,Inconsistent,No preference,10.5,S,super-game-improvement
20.1,102.0,223,Fade,Distance,Inconsistent,Confidence-inspiring,9,S,super-game-improvement
13.3,98.7,233,Fade,Forgiveness,Fat/Thin,Forged/Blade-like,10.5,S,game-improvement
17.3,82.7,190,Draw,Accuracy,Left/Right,Forged/Blade-like,10.5,A,players-cb
18.5,85.7,196,Fade,Forgiveness,Consistent,Confidence-inspiring,10.5,R,game-improvement
20.6,92.6,203,Fade,Forgiveness,Fat/Thin,Confidence-inspiring,10.5,R,super-game-improvement
23.6,77.9,178,Hook,Distance,Fat/Thin,Confidence-inspiring,12,A,super-game-improvement
10.0,102.2,235,Slice,Accuracy,Left/Right,Forged/Blade-like,8,X,players-cb
3.8,111.5,270,Straight,Accuracy,Left/Right,Confidence-inspiring,8,X,players-distance
17.8,99.3,226,Draw,Distance,Fat/Thin,Confidence-inspiring,9,S,game-improvement
1.3,110.2,254,Fade,Forgiveness,Fat/Thin,Forged/Blade-like,9,X,players-cb
14.1,77.7,199,Slice,Distance,Fat/Thin,Confidence-inspiring,12,L,super-game-improvement
12.4,110.9,265,Fade,Accuracy,Left/Right,Forged/Blade-like,8,X,players-cb
21.4,75.8,173,Straight,Accuracy,Left/Right,No preference,12,A,super-game-improvement
34.8,80.8,176,Draw,Forgiveness,Fat/Thin,Confidence-inspiring,12,L,super-game-improvement
0.0,112.2,293,Straight,Forgiveness,Consistent,Confidence-inspiring,9,X,players-cb
36.0,85.1,191,Straight,Distance,Fat/Thin,No preference,10.5,R,super-game-improvement
14.9,83.1,196,Hook,Forgiveness,Left/Right,Forged/Blade-like,10.5,A,players-distance
20.1,81.3,178,Slice,Distance,Fat/Thin,Confidence-inspiring,12,A,super-game-improvement
4.3,105.9,250,Fade,Forgiveness,Left/Right,Forged/Blade-like,9,S,players-cb
26.0,93.4,191,Fade,Forgiveness,Left/Right,Confidence-inspiring,9,R,super-game-improvement
17.4,83.1,187,Straight,Distance,Inconsistent,Forged/Blade-like,10.5,R,players-cb
16.4,98.8,233,Straight,Forgiveness,Fat/Thin,Forged/Blade-like,10.5,S,game-improvement
0.0,90.8,228,Hook,Forgiveness,Inconsistent,Forged/Blade-like,10.5,R,players-cb
17.7,100.2,235,Straight,Accuracy,Left/Right,No preference,9,S,players-distance
24.6,80.4,175,Slice,Forgiveness,Left/Right,Confidence-inspiring,12,A,super-game-improvement
14.9,96.7,229,Fade,Accuracy,Left/Right,Confidence-inspiring,9,R,game-improvement
27.6,86.4,198,Straight,Forgiveness,Fat/Thin,Confidence-inspiring,10.5,R,super-game-improvement
27.2,99.1,198,Slice,Distance,Consistent,Confidence-inspiring,9,S,game-improvement
11.2,100.8,240,Fade,Distance,Left/Right,No preference,8,S,players-distance
31.4,78.7,189,Straight,Forgiveness,Inconsistent,Confidence-inspiring,12,A,super-game-improvement
17.4,97.8,222,Draw,Forgiveness,Left/Right,Forged/Blade-like,10.5,S,players-distance
17.4,115.6,242,Straight,Forgiveness,Left/Right,No preference,9,X,game-improvement
17.9,101.2,224,Straight,Distance,Inconsistent,Confidence-inspiring,9,S,game-improvement
17.6,93.4,198,Hook,Distance,Consistent,Forged/Blade-like,10.5,R,players-cb
0.0,97.7,234,Slice,Accuracy,Left/Right,No preference,9,S,players-cb
15.3,89.4,196,Straight,Forgiveness,Consistent,Forged/Blade-like,10.5,R,players-cb
4.7,109.6,272,Draw,Forgiveness,Left/Right,Forged/Blade-like,9,X,players-cb
31.6,75.7,171,Slice,Forgiveness,Consistent,Confidence-inspiring,12,A,super-game-improvement
31.3,84.7,187,Slice,Forgiveness,Inconsistent,Forged/Blade-like,10.5,R,super-game-improvement
24.7,103.6,242,Fade,Distance,Inconsistent,Confidence-inspiring,10.5,S,game-improvement
14.9,97.4,220,Straight,Accuracy,Left/Right,No preference,9,S,players-distance
7.9,89.8,214,Slice,Accuracy,Inconsistent,Forged/Blade-like,10.5,R,players-cb
11.1,120.0,302,Straight,Distance,Left/Right,Confidence-inspiring,8,X,players-distance
34.5,100.2,220,Slice,Distance,Fat/Thin,No preference,9,S,super-game-improvement
10.8,103.7,249,Straight,Accuracy,Consistent,Confidence-inspiring,9,S,players-cb
0.0,118.8,284,Slice,Forgiveness,Consistent,No preference,9,X,players-cb
26.3,85.4,185,Slice,Forgiveness,Left/Right,Confidence-inspiring,10.5,R,game-improvement
30.5,92.5,192,Slice,Distance,Fat/Thin,Forged/Blade-like,10.5,R,game-improvement
31.9,80.1,188,Fade,Distance,Left/Right,Confidence-inspiring,12,A,super-game-improvement
26.3,74.6,151,Straight,Forgiveness,Left/Right,Confidence-inspiring,12,A,super-game-improvement
27.8,113.0,257,Slice,Forgiveness,Left/Right,Confidence-inspiring,10.5,X,super-game-improvement
17.5,80.0,189,Straight,Distance,Left/Right,No preference,12,A,players-distance
0.0,109.0,253,Slice,Accuracy,Left/Right,Confidence-inspiring,8,R,players-cb
17.3,97.1,233,Straight,Accuracy,Left/Right,Forged/Blade-like,9,S,players-cb
22.6,95.8,213,Fade,Forgiveness,Left/Right,Confidence-inspiring,10.5,R,super-game-improvement
15.8,94.4,206,Straight,Accuracy,Left/Right,No preference,10.5,R,players-distance
15.4,94.7,222,Straight,Distance,Fat/Thin,Confidence-inspiring,10.5,R,game-improvement
8.3,101.7,234,Slice,Distance,Left/Right,No preference,9,S,players-distance
8.0,105.4,249,Straight,Forgiveness,Inconsistent,No preference,9,R,players-distance
33.5,83.2,174,Fade,Accuracy,Inconsistent,No preference,10.5,A,super-game-improvement
33.9,82.3,169,Straight,Forgiveness,Left/Right,Confidence-inspiring,10.5,A,super-game-improvement
17.0,81.2,176,Fade,Forgiveness,Left/Right,No preference,12,A,super-game-improvement
19.5,112.9,264,Straight,Distance,Fat/Thin,Forged/Blade-like,8,X,players-cb
8.2,105.8,254,Straight,Forgiveness,Consistent,No preference,9,S,players-cb
22.8,92.6,210,Slice,Forgiveness,Inconsistent,Confidence-inspiring,10.5,R,super-game-improvement
32.8,77.5,164,Slice,Accuracy,Left/Right,Confidence-inspiring,12,A,super-game-improvement
3.2,93.8,228,Straight,Accuracy,Consistent,Confidence-inspiring,10.5,R,players-cb
21.2,100.2,220,Slice,Distance,Fat/Thin,Confidence-inspiring,9,S,super-game-improvement
21.9,89.5,195,Straight,Forgiveness,Inconsistent,Forged/Blade-like,10.5,R,game-improvement
21.7,97.5,235,Straight,Forgiveness,Fat/Thin,Confidence-inspiring,10.5,X,super-game-improvement
31.8,70.9,161,Slice,Distance,Left/Right,Confidence-inspiring,12,L,super-game-improvement
35.3,97.5,203,Fade,Forgiveness,Fat/Thin,Confidence-inspiring,10.5,S,super-game-improvement
14.9,104.9,229,Straight,Accuracy,Inconsistent,Forged/Blade-like,9,S,players-cb
23.1,89.5,185,Straight,Forgiveness,Inconsistent,Confidence-inspiring,10.5,R,super-game-improvement
17.8,98.6,220,Fade,Distance,Consistent,No preference,9,S,players-cb
11.3,105.7,249,Slice,Accuracy,Fat/Thin,Forged/Blade-like,9,S,players-cb
19.4,79.4,182,Straight,Forgiveness,Left/Right,No preference,12,A,super-game-improvement
23.0,107.1,242,Draw,Forgiveness,Inconsistent,Forged/Blade-like,9,R,players-distance
19.0,97.9,226,Draw,Distance,Inconsistent,No preference,9,S,players-distance
9.1,92.8,210,Fade,Accuracy,Inconsistent,Forged/Blade-like,10.5,R,players-cb
12.8,86.3,215,Slice,Forgiveness,Consistent,Forged/Blade-like,10.5,R,players-cb
12.9,107.1,248,Straight,Accuracy,Left/Right,Forged/Blade-like,9,S,blade
9.4,101.7,243,Draw,Accuracy,Consistent,No preference,9,S,players-cb
19.8,97.4,215,Draw,Distance,Left/Right,Forged/Blade-like,9,S,players-cb
20.8,92.1,211,Slice,Forgiveness,Left/Right,Confidence-inspiring,10.5,A,super-game-improvement
25.8,78.4,193,Slice,Accuracy,Fat/Thin,Confidence-inspiring,12,A,super-game-improvement
9.3,104.8,239,Straight,Accuracy,Inconsistent,Forged/Blade-like,9,S,players-cb
11.8,96.0,215,Fade,Accuracy,Fat/Thin,Forged/Blade-like,9,R,players-cb
31.0,84.7,176,Straight,Distance,Fat/Thin,Confidence-inspiring,10.5,R,super-game-improvement
15.5,119.2,272,Slice,Forgiveness,Consistent,Confidence-inspiring,9,X,game-improvement
17.3,102.9,231,Slice,Forgiveness,Fat/Thin,Confidence-inspiring,9,S,super-game-improvement
15.4,104.8,233,Straight,Forgiveness,Left/Right,Confidence-inspiring,9,S,game-improvement
27.2,114.7,252,Slice,Forgiveness,Consistent,Confidence-inspiring,10.5,X,game-improvement
27.5,91.1,215,Slice,Forgiveness,Fat/Thin,Confidence-inspiring,10.5,R,super-game-improvement
27.0,88.8,195,Fade,Forgiveness,Left/Right,Confidence-inspiring,10.5,R,super-game-improvement
17.2,87.5,200,Straight,Accuracy,Consistent,Confidence-inspiring,10.5,R,players-distance
9.1,95.3,229,Straight,Accuracy,Fat/Thin,No preference,10.5,R,players-distance
34.3,65.0,145,Straight,Accuracy,Inconsistent,Confidence-inspiring,12,L,super-game-improvement
24.7,97.1,229,Slice,Accuracy,Consistent,Forged/Blade-like,10.5,S,players-cb
12.9,84.6,200,Hook,Forgiveness,Inconsistent,Confidence-inspiring,10.5,R,super-game-improvement
29.8,94.8,207,Slice,Distance,Fat/Thin,Confidence-inspiring,10.5,R,super-game-improvement
12.2,97.3,219,Draw,Distance,Fat/Thin,Forged/Blade-like,9,S,players-cb
29.7,87.1,197,Straight,Forgiveness,Inconsistent,Confidence-inspiring,10.5,R,super-game-improvement
30.3,85.0,177,Straight,Forgiveness,Consistent,Confidence-inspiring,10.5,R,super-game-improvement
8.7,113.9,262,Fade,Distance,Consistent,No preference,8,X,players-cb
22.2,103.0,234,Fade,Accuracy,Fat/Thin,Confidence-inspiring,9,S,super-game-improvement
24.0,89.4,214,Slice,Accuracy,Fat/Thin,Confidence-inspiring,10.5,R,super-game-improvement
36.0,72.5,161,Slice,Distance,Left/Right,Confidence-inspiring,12,A,super-game-improvement
10.3,108.2,255,Draw,Accuracy,Fat/Thin,Confidence-inspiring,8,S,players-distance
29.9,75.9,157,Fade,Forgiveness,Fat/Thin,Confidence-inspiring,12,A,super-game-improvement
17.2,78.8,195,Straight,Forgiveness,Inconsistent,Forged/Blade-like,12,R,players-distance
5.8,107.0,256,Straight,Distance,Consistent,Forged/Blade-like,9,S,blade
15.9,107.4,245,Straight,Forgiveness,Left/Right,Forged/Blade-like,9,X,players-distance
17.0,90.4,213,Slice,Accuracy,Fat/Thin,Confidence-inspiring,10.5,R,super-game-improvement
7.5,104.9,246,Straight,Distance,Consistent,No preference,9,S,players-cb
19.8,88.4,194,Hook,Distance,Inconsistent,No preference,12,R,players-distance
25.6,95.8,207,Hook,Accuracy,Left/Right,Confidence-inspiring,10.5,R,game-improvement
19.1,104.0,231,Draw,Distance,Left/Right,Confidence-inspiring,9,S,players-distance
12.1,95.1,212,Hook,Forgiveness,Consistent,Confidence-inspiring,10.5,R,game-improvement
15.7,85.0,185,Fade,Forgiveness,Inconsistent,Forged/Blade-like,10.5,R,players-distance
17.0,79.9,192,Straight,Distance,Fat/Thin,Confidence-inspiring,12,A,game-improvement
19.0,102.3,239,Straight,Accuracy,Fat/Thin,No preference,9,S,players-distance
27.0,76.3,161,Slice,Forgiveness,Fat/Thin,Confidence-inspiring,12,A,game-improvement
19.4,96.5,228,Straight,Distance,Inconsistent,Forged/Blade-like,9,R,players-cb
4.4,110.8,270,Slice,Accuracy,Inconsistent,No preference,8,S,players-cb
11.9,92.9,215,Straight,Forgiveness,Fat/Thin,No preference,10.5,R,players-distance
18.5,91.8,199,Slice,Distance,Left/Right,Confidence-inspiring,10.5,R,game-improvement
27.1,97.6,218,Straight,Accuracy,Left/Right,Confidence-inspiring,12,S,super-game-improvement
28.7,78.4,189,Slice,Distance,Left/Right,Confidence-inspiring,12,A,super-game-improvement
33.0,74.5,161,Fade,Forgiveness,Left/Right,Confidence-inspiring,12,A,super-game-improvement
18.2,91.3,218,Straight,Forgiveness,Fat/Thin,No preference,10.5,R,super-game-improvement
23.9,102.5,227,Fade,Forgiveness,Left/Right,Confidence-inspiring,9,S,super-game-improvement
3.9,119.5,297,Straight,Distance,Fat/Thin,Forged/Blade-like,8,X,blade
20.9,90.8,204,Hook,Forgiveness,Fat/Thin,Confidence-inspiring,10.5,R,game-improvement
7.3,93.9,202,Straight,Accuracy,Left/Right,Forged/Blade-like,10.5,R,players-cb
16.4,105.5,236,Straight,Distance,Left/Right,No preference,9,X,players-cb
36.0,65.0,139,Hook,Forgiveness,Fat/Thin,Confidence-inspiring,10.5,L,super-game-improvement
19.7,95.1,226,Draw,Accuracy,Inconsistent,Confidence-inspiring,10.5,R,game-improvement
9.2,99.3,234,Straight,Accuracy,Inconsistent,Forged/Blade-like,9,S,players-cb
20.7,104.9,238,Draw,Forgiveness,Left/Right,Confidence-inspiring,10.5,S,super-game-improvement
12.3,111.6,256,Fade,Forgiveness,Left/Right,Forged/Blade-like,9,X,players-distance
8.4,90.9,230,Straight,Distance,Left/Right,Forged/Blade-like,10.5,R,players-cb
35.9,83.3,191,Fade,Forgiveness,Left/Right,Confidence-inspiring,10.5,R,super-game-improvement
26.6,82.2,176,Fade,Distance,Inconsistent,No preference,10.5,A,game-improvement
20.1,89.4,189,Hook,Forgiveness,Inconsistent,Confidence-inspiring,10.5,R,super-game-improvement
13.5,103.0,224,Slice,Forgiveness,Fat/Thin,Confidence-inspiring,9,S,super-game-improvement
14.2,93.0,221,Hook,Distance,Left/Right,Forged/Blade-like,10.5,A,players-cb
30.9,86.9,190,Fade,Forgiveness,Left/Right,Confidence-inspiring,10.5,R,super-game-improvement
19.8,102.1,225,Fade,Forgiveness,Consistent,Confidence-inspiring,9,S,players-distance
0.0,120.0,296,Straight,Forgiveness,Consistent,No preference,10.5,X,players-cb
36.0,84.4,168,Straight,Accuracy,Left/Right,Confidence-inspiring,10.5,R,super-game-improvement
18.6,94.5,223,Fade,Distance,Inconsistent,No preference,10.5,R,game-improvement
20.1,81.3,181,Slice,Forgiveness,Left/Right,Confidence-inspiring,12,A,super-game-improvement
26.8,103.6,219,Straight,Forgiveness,Inconsistent,Forged/Blade-like,10.5,S,game-improvement
21.2,96.5,215,Slice,Distance,Inconsistent,Confidence-inspiring,9,R,super-game-improvement
23.7,91.2,200,Straight,Forgiveness,Fat/Thin,No preference,10.5,R,super-game-improvement
13.2,97.9,232,Straight,Forgiveness,Fat/Thin,Confidence-inspiring,10.5,S,super-game-improvement
5.9,105.6,264,Straight,Forgiveness,Left/Right,Confidence-inspiring,9,S,players-distance
19.5,100.5,239,Slice,Distance,Inconsistent,Forged/Blade-like,9,S,players-distance
29.9,94.6,208,Slice,Forgiveness,Inconsistent,Forged/Blade-like,10.5,R,super-game-improvement
11.2,114.5,267,Fade,Accuracy,Consistent,Confidence-inspiring,8,X,players-cb
10.4,101.4,234,Fade,Distance,Fat/Thin,Confidence-inspiring,9,S,game-improvement
28.0,104.5,214,Slice,Forgiveness,Fat/Thin,Confidence-inspiring,10.5,S,super-game-improvement
12.9,107.8,251,Straight,Forgiveness,Consistent,Confidence-inspiring,9,S,players-cb
13.3,96.4,217,Hook,Distance,Left/Right,Confidence-inspiring,8,R,game-improvement
13.6,80.1,197,Straight,Distance,Fat/Thin,Confidence-inspiring,12,A,game-improvement
16.4,95.7,219,Straight,Forgiveness,Inconsistent,Confidence-inspiring,10.5,R,game-improvement
2.8,119.7,297,Fade,Accuracy,Consistent,Forged/Blade-like,8,X,blade
12.1,90.0,206,Fade,Distance,Fat/Thin,Forged/Blade-like,10.5,R,players-distance
19.1,93.8,208,Draw,Accuracy,Left/Right,No preference,10.5,R,players-distance
19.0,94.7,221,Fade,Accuracy,Fat/Thin,Forged/Blade-like,10.5,R,game-improvement
27.4,96.8,216,Slice,Forgiveness,Left/Right,Confidence-inspiring,10.5,R,super-game-improvement
33.6,79.3,173,Slice,Forgiveness,Left/Right,Confidence-inspiring,12,A,super-game-improvement
30.6,76.5,166,Slice,Accuracy,Fat/Thin,Confidence-inspiring,12,A,super-game-improvement
25.2,94.6,217,Slice,Distance,Left/Right,No preference,10.5,R,game-improvement
15.7,87.9,209,Fade,Distance,Inconsistent,Forged/Blade-like,10.5,R,blade
11.4,79.9,168,Fade,Accuracy,Inconsistent,No preference,12,R,game-improvement
17.2,112.7,256,Fade,Forgiveness,Left/Right,Confidence-inspiring,9,X,super-game-improvement
22.3,100.1,234,Fade,Forgiveness,Left/Right,No preference,10.5,S,super-game-improvement
24.4,108.2,232,Draw,Accuracy,Fat/Thin,Confidence-inspiring,10.5,S,game-improvement
22.6,99.4,208,Slice,Accuracy,Left/Right,No preference,8,X,game-improvement
15.9,102.0,234,Draw,Accuracy,Inconsistent,Confidence-inspiring,10.5,S,game-improvement
24.1,93.3,213,Fade,Distance,Fat/Thin,Confidence-inspiring,10.5,R,super-game-improvement
28.3,84.9,182,Straight,Forgiveness,Left/Right,Forged/Blade-like,10.5,R,game-improvement
24.9,94.2,221,Straight,Accuracy,Inconsistent,Confidence-inspiring,10.5,A,super-game-improvement
16.7,89.1,221,Fade,Accuracy,Inconsistent,No preference,10.5,R,game-improvement
9.5,88.8,193,Fade,Accuracy,Consistent,Forged/Blade-like,10.5,R,players-cb
9.3,96.4,225,Fade,Distance,Left/Right,Forged/Blade-like,9,R,players-cb
10.9,111.5,242,Slice,Distance,Left/Right,Confidence-inspiring,9,X,players-distance
19.3,80.6,189,Fade,Accuracy,Fat/Thin,Confidence-inspiring,12,A,game-improvement
21.7,79.1,172,Draw,Forgiveness,Left/Right,Confidence-inspiring,12,A,super-game-improvement
4.3,109.0,259,Straight,Accuracy,Left/Right,No preference,8,S,players-cb
12.5,93.3,228,Slice,Accuracy,Consistent,No preference,10.5,R,players-distance
19.2,97.8,211,Slice,Accuracy,Inconsistent,Confidence-inspiring,9,S,super-game-improvement
8.9,109.8,246,Hook,Accuracy,Consistent,No preference,9,X,players-cb
20.9,96.4,198,Hook,Forgiveness,Fat/Thin,Confidence-inspiring,10.5,R,super-game-improvement
14.2,90.0,220,Straight,Forgiveness,Left/Right,Forged/Blade-like,9,R,players-distance
10.5,111.7,272,Straight,Forgiveness,Fat/Thin,Forged/Blade-like,9,X,blade
17.5,101.5,230,Fade,Distance,Left/Right,Forged/Blade-like,10.5,S,players-cb
20.5,92.3,198,Hook,Distance,Fat/Thin,Confidence-inspiring,10.5,R,super-game-improvement
9.4,99.4,243,Straight,Forgiveness,Consistent,No preference,10.5,S,players-distance
14.8,99.7,256,Fade,Distance,Consistent,Confidence-inspiring,9,S,players-cb
21.2,88.5,198,Fade,Forgiveness,Fat/Thin,Confidence-inspiring,10.5,R,super-game-improvement
10.1,82.8,185,Fade,Accuracy,Left/Right,Confidence-inspiring,10.5,A,players-cb
2.1,112.1,284,Draw,Forgiveness,Left/Right,No preference,9,X,players-cb
3.2,110.7,258,Straight,Accuracy,Left/Right,Forged/Blade-like,8,X,blade
13.2,74.0,169,Draw,Accuracy,Fat/Thin,No preference,12,A,game-improvement
5.1,107.6,235,Draw,Accuracy,Left/Right,Forged/Blade-like,9,S,blade
13.9,114.1,263,Straight,Accuracy,Left/Right,No preference,9,X,players-distance
32.0,73.0,146,Hook,Forgiveness,Inconsistent,Confidence-inspiring,12,A,game-improvement
4.6,102.1,257,Straight,Distance,Left/Right,No preference,8,S,players-cb
14.5,94.3,210,Draw,Accuracy,Inconsistent,Confidence-inspiring,10.5,R,game-improvement
36.0,98.1,216,Draw,Forgiveness,Inconsistent,Confidence-inspiring,10.5,X,super-game-improvement
20.7,103.1,232,Fade,Forgiveness,Fat/Thin,Confidence-inspiring,8,S,super-game-improvement
13.7,87.9,206,Straight,Distance,Inconsistent,Confidence-inspiring,10.5,R,game-improvement
15.6,98.8,233,Draw,Forgiveness,Left/Right,Forged/Blade-like,10.5,S,players-distance
20.9,114.8,259,Slice,Distance,Fat/Thin,Forged/Blade-like,8,X,players-distance
32.3,77.8,162,Fade,Forgiveness,Inconsistent,No preference,12,A,super-game-improvement
12.2,97.6,221,Slice,Forgiveness,Left/Right,Confidence-inspiring,10.5,S,super-game-improvement
10.2,104.2,250,Fade,Accuracy,Left/Right,Confidence-inspiring,9,S,players-distance
4.6,96.8,216,Straight,Distance,Left/Right,No preference,9,R,players-cb
17.9,111.5,270,Fade,Forgiveness,Left/Right,No preference,9,X,game-improvement
4.3,98.3,238,Straight,Forgiveness,Fat/Thin,Forged/Blade-like,10.5,S,players-cb
12.8,83.4,192,Fade,Forgiveness,Inconsistent,Forged/Blade-like,10.5,A,players-distance
8.8,94.8,227,Slice,Forgiveness,Consistent,Forged/Blade-like,10.5,R,players-cb
26.7,94.4,203,Slice,Forgiveness,Fat/Thin,Confidence-inspiring,10.5,R,super-game-improvement
12.4,89.6,208,Hook,Forgiveness,Fat/Thin,Confidence-inspiring,10.5,R,super-game-improvement
20.6,95.0,205,Fade,Accuracy,Left/Right,Confidence-inspiring,10.5,R,super-game-improvement
2.6,109.9,270,Straight,Accuracy,Consistent,Forged/Blade-like,8,S,blade
18.2,81.5,186,Draw,Accuracy,Consistent,Confidence-inspiring,12,A,players-distance
6.2,96.1,232,Draw,Distance,Consistent,No preference,10.5,R,players-cb
13.2,100.5,248,Fade,Distance,Inconsistent,Confidence-inspiring,9,S,game-improvement
36.0,88.5,181,Straight,Accuracy,Fat/Thin,Forged/Blade-like,12,R,game-improvement
25.4,83.3,184,Hook,Accuracy,Left/Right,Confidence-inspiring,10.5,A,super-game-improvement
15.8,96.8,209,Draw,Distance,Inconsistent,Forged/Blade-like,9,R,players-cb
36.0,78.7,172,Draw,Forgiveness,Inconsistent,Forged/Blade-like,12,A,super-game-improvement
8.8,107.3,254,Straight,Forgiveness,Consistent,No preference,9,R,players-cb
27.5,92.5,204,Straight,Forgiveness,Fat/Thin,Confidence-inspiring,9,R,super-game-improvement
3.2,100.1,241,Draw,Accuracy,Left/Right,No preference,9,S,blade
14.8,100.7,228,Fade,Forgiveness,Left/Right,No preference,10.5,R,game-improvement
4.9,98.5,259,Straight,Distance,Consistent,No preference,9,R,players-cb
19.3,97.4,222,Straight,Forgiveness,Fat/Thin,Confidence-inspiring,10.5,S,super-game-improvement
17.5,98.8,229,Fade,Forgiveness,Left/Right,Forged/Blade-like,9,S,players-distance
14.2,120.0,268,Straight,Accuracy,Inconsistent,No preference,8,X,players-distance
26.8,84.4,194,Hook,Forgiveness,Fat/Thin,No preference,12,R,super-game-improvement
11.9,96.5,225,Straight,Forgiveness,Left/Right,Forged/Blade-like,10.5,S,blade
19.9,86.0,199,Straight,Distance,Consistent,Confidence-inspiring,10.5,R,players-distance
24.4,79.1,185,Fade,Distance,Fat/Thin,Confidence-inspiring,12,R,super-game-improvement
3.7,98.9,238,Slice,Distance,Consistent,Forged/Blade-like,9,S,players-cb
10.3,105.6,243,Straight,Accuracy,Fat/Thin,No preference,9,S,players-distance
17.5,101.5,212,Straight,Forgiveness,Fat/Thin,Forged/Blade-like,10.5,S,game-improvement
22.7,93.5,206,Slice,Accuracy,Fat/Thin,Confidence-inspiring,10.5,R,super-game-improvement
29.8,82.8,175,Slice,Distance,Inconsistent,Confidence-inspiring,10.5,A,super-game-improvement
15.1,90.8,200,Straight,Forgiveness,Consistent,Confidence-inspiring,10.5,R,game-improvement
14.2,87.2,216,Fade,Forgiveness,Consistent,No preference,10.5,R,players-distance
9.1,94.2,232,Straight,Distance,Consistent,Forged/Blade-like,10.5,R,players-cb
20.0,79.4,164,Slice,Accuracy,Fat/Thin,Confidence-inspiring,12,A,super-game-improvement
14.3,109.9,256,Fade,Distance,Left/Right,Confidence-inspiring,8,S,players-distance
14.5,114.5,258,Straight,Accuracy,Left/Right,No preference,8,X,players-distance
16.2,75.6,177,Draw,Forgiveness,Inconsistent,No preference,12,A,super-game-improvement
22.0,93.9,204,Straight,Distance,Left/Right,Confidence-inspiring,10.5,R,super-game-improvement
11.9,100.6,231,Draw,Accuracy,Fat/Thin,Confidence-inspiring,9,S,game-improvement
10.1,101.2,247,Fade,Accuracy,Left/Right,Confidence-inspiring,9,S,players-distance
20.9,85.9,202,Hook,Forgiveness,Inconsistent,No preference,10.5,R,super-game-improvement
0.0,116.2,298,Draw,Accuracy,Left/Right,No preference,8,X,players-cb
11.6,102.2,238,Straight,Accuracy,Inconsistent,Confidence-inspiring,9,S,players-distance
6.6,111.9,254,Draw,Accuracy,Consistent,Forged/Blade-like,8,X,blade
27.8,79.7,184,Slice,Forgiveness,Fat/Thin,Confidence-inspiring,12,A,super-game-improvement
13.0,83.3,203,Fade,Forgiveness,Inconsistent,Forged/Blade-like,10.5,A,players-distance
12.0,102.2,245,Straight,Distance,Fat/Thin,Forged/Blade-like,10.5,S,players-cb
16.6,85.1,189,Fade,Accuracy,Left/Right,Forged/Blade-like,10.5,R,players-cb
11.6,108.7,245,Straight,Forgiveness,Left/Right,Forged/Blade-like,9,S,players-distance
13.4,75.6,181,Straight,Forgiveness,Inconsistent,No preference,12,A,super-game-improvement
17.9,89.1,196,Slice,Distance,Inconsistent,Confidence-inspiring,9,R,super-game-improvement
13.2,90.9,209,Slice,Forgiveness,Left/Right,No preference,10.5,R,super-game-improvement
13.1,93.8,245,Hook,Distance,Consistent,No preference,10.5,R,players-cb
7.9,103.2,265,Draw,Distance,Left/Right,Confidence-inspiring,9,S,players-distance
6.6,105.5,259,Fade,Accuracy,Consistent,No preference,9,S,players-cb
17.5,100.5,224,Fade,Accuracy,Fat/Thin,Confidence-inspiring,9,S,game-improvement
19.8,100.1,221,Fade,Accuracy,Left/Right,Forged/Blade-like,10.5,S,players-cb
4.1,101.5,251,Fade,Distance,Fat/Thin,Confidence-inspiring,9,S,players-distance
23.8,110.9,261,Straight,Forgiveness,Fat/Thin,Forged/Blade-like,9,X,game-improvement
23.9,103.6,227,Straight,Forgiveness,Inconsistent,Confidence-inspiring,9,S,super-game-improvement
25.8,85.3,185,Draw,Distance,Consistent,Confidence-inspiring,10.5,R,players-distance
19.7,91.2,208,Draw,Distance,Fat/Thin,Confidence-inspiring,10.5,R,game-improvement
22.7,87.2,183,Slice,Forgiveness,Fat/Thin,Confidence-inspiring,10.5,R,super-game-improvement
36.0,85.2,169,Straight,Forgiveness,Inconsistent,Confidence-inspiring,10.5,R,super-game-improvement
14.3,86.6,190,Straight,Accuracy,Left/Right,Confidence-inspiring,10.5,S,super-game-improvement
7.6,92.9,226,Straight,Accuracy,Left/Right,No preference,10.5,S,players-distance
3.2,82.2,201,Fade,Distance,Fat/Thin,No preference,10.5,A,players-cb
32.8,79.7,182,Draw,Forgiveness,Left/Right,Confidence-inspiring,12,A,super-game-improvement
32.9,94.3,187,Hook,Forgiveness,Inconsistent,Confidence-inspiring,12,R,super-game-improvement
8.7,98.6,220,Draw,Accuracy,Consistent,Forged/Blade-like,9,S,players-cb
10.5,97.9,235,Draw,Accuracy,Inconsistent,Confidence-inspiring,9,S,players-distance
14.1,99.2,223,Slice,Accuracy,Left/Right,No preference,9,S,game-improvement
28.0,76.9,162,Draw,Accuracy,Left/Right,Confidence-inspiring,12,A,super-game-improvement
5.4,102.6,255,Straight,Accuracy,Inconsistent,No preference,9,S,players-cb
0.0,114.9,277,Hook,Distance,Fat/Thin,Confidence-inspiring,8,X,players-cb
36.0,84.6,176,Straight,Forgiveness,Fat/Thin,Confidence-inspiring,10.5,R,super-game-improvement
19.8,102.3,230,Draw,Accuracy,Fat/Thin,No preference,9,S,players-distance
21.1,104.3,234,Slice,Forgiveness,Fat/Thin,Confidence-inspiring,9,S,super-game-improvement
15.2,102.3,243,Hook,Distance,Left/Right,Confidence-inspiring,9,S,players-distance
21.2,84.5,180,Fade,Accuracy,Left/Right,Confidence-inspiring,10.5,R,super-game-improvement
3.4,100.2,241,Fade,Accuracy,Left/Right,Forged/Blade-like,9,S,blade
9.4,118.9,292,Slice,Forgiveness,Inconsistent,Forged/Blade-like,9,X,players-distance
17.9,97.0,241,Straight,Accuracy,Left/Right,Confidence-inspiring,9,S,game-improvement
0.0,107.8,252,Fade,Forgiveness,Fat/Thin,Forged/Blade-like,9,R,players-cb
14.3,87.7,207,Straight,Accuracy,Left/Right,Confidence-inspiring,10.5,R,game-improvement
13.7,95.8,221,Draw,Distance,Fat/Thin,Confidence-inspiring,10.5,R,players-distance
14.3,103.4,239,Straight,Forgiveness,Fat/Thin,Confidence-inspiring,9,S,super-game-improvement
12.0,98.0,222,Fade,Accuracy,Left/Right,Forged/Blade-like,9,S,players-cb
8.0,95.4,234,Fade,Accuracy,Consistent,Forged/Blade-like,10.5,R,players-cb
0.6,102.7,257,Straight,Accuracy,Consistent,No preference,9,S,blade
18.3,105.5,264,Straight,Forgiveness,Left/Right,Forged/Blade-like,9,S,players-distance
14.3,103.0,227,Slice,Accuracy,Left/Right,Confidence-inspiring,9,S,game-improvement
4.6,108.2,245,Draw,Accuracy,Consistent,Forged/Blade-like,9,S,players-cb
17.6,98.4,244,Hook,Accuracy,Inconsistent,Confidence-inspiring,9,X,game-improvement
14.3,84.4,195,Slice,Accuracy,Fat/Thin,Forged/Blade-like,10.5,R,players-distance
12.9,100.0,229,Fade,Accuracy,Fat/Thin,No preference,9,S,game-improvement
0.0,116.7,288,Slice,Forgiveness,Inconsistent,No preference,9,X,players-distance
23.1,87.7,184,Draw,Forgiveness,Left/Right,Confidence-inspiring,10.5,R,super-game-improvement
5.9,111.8,271,Hook,Distance,Consistent,Confidence-inspiring,8,X,blade
17.6,99.5,227,Draw,Distance,Inconsistent,Confidence-inspiring,9,S,game-improvement
9.7,107.7,264,Draw,Distance,Consistent,Forged/Blade-like,10.5,X,players-distance
13.5,97.3,234,Draw,Accuracy,Consistent,Forged/Blade-like,9,S,players-cb
27.4,96.2,220,Hook,Forgiveness,Fat/Thin,No preference,10.5,S,game-improvement
21.8,76.5,174,Slice,Distance,Fat/Thin,Confidence-inspiring,12,A,super-game-improvement
27.2,87.8,208,Straight,Accuracy,Left/Right,No preference,10.5,R,game-improvement
20.0,99.5,231,Fade,Forgiveness,Fat/Thin,Confidence-inspiring,10.5,S,super-game-improvement
20.6,95.0,210,Straight,Forgiveness,Fat/Thin,Confidence-inspiring,10.5,R,super-game-improvement
1.0,116.3,277,Fade,Distance,Consistent,No preference,8,X,blade
14.1,94.8,214,Draw,Distance,Consistent,Confidence-inspiring,10.5,R,players-distance
15.0,90.3,214,Straight,Distance,Inconsistent,Confidence-inspiring,10.5,R,game-improvement
28.0,70.6,143,Slice,Forgiveness,Fat/Thin,No preference,12,L,super-game-improvement
12.4,94.8,223,Hook,Accuracy,Left/Right,Confidence-inspiring,10.5,R,game-improvement
19.4,98.0,215,Fade,Forgiveness,Left/Right,Confidence-inspiring,10.5,S,super-game-improvement
19.0,100.7,218,Slice,Distance,Fat/Thin,Confidence-inspiring,9,S,super-game-improvement
27.4,73.4,152,Fade,Forgiveness,Inconsistent,Confidence-inspiring,12,A,super-game-improvement
15.8,107.0,247,Slice,Accuracy,Consistent,Confidence-inspiring,8,S,players-cb
24.5,79.6,184,Fade,Distance,Fat/Thin,Confidence-inspiring,12,A,super-game-improvement
1.7,103.6,246,Draw,Accuracy,Consistent,No preference,9,S,blade
2.5,98.6,221,Straight,Accuracy,Inconsistent,No preference,9,S,players-cb
0.0,110.2,298,Straight,Accuracy,Consistent,Forged/Blade-like,8,X,blade
24.1,90.6,212,Fade,Distance,Fat/Thin,No preference,10.5,R,game-improvement
23.1,97.1,226,Slice,Forgiveness,Left/Right,Confidence-inspiring,10.5,S,super-game-improvement
25.1,107.4,254,Hook,Forgiveness,Fat/Thin,Confidence-inspiring,10.5,S,super-game-improvement
10.9,102.6,242,Straight,Accuracy,Consistent,No preference,8,S,players-cb
11.9,92.1,215,Fade,Distance,Fat/Thin,Forged/Blade-like,10.5,R,players-cb
15.9,99.8,242,Hook,Distance,Consistent,Confidence-inspiring,9,S,players-distance
30.0,105.1,241,Fade,Forgiveness,Fat/Thin,Forged/Blade-like,10.5,R,game-improvement
32.2,90.7,201,Slice,Forgiveness,Left/Right,Confidence-inspiring,10.5,R,super-game-improvement
24.1,99.1,229,Straight,Forgiveness,Left/Right,No preference,10.5,S,super-game-improvement
20.0,76.5,163,Straight,Forgiveness,Left/Right,Confidence-inspiring,12,A,super-game-improvement
29.0,90.1,195,Hook,Distance,Fat/Thin,Confidence-inspiring,10.5,R,super-game-improvement
14.7,93.3,232,Hook,Accuracy,Left/Right,Confidence-inspiring,10.5,R,game-improvement
13.5,90.0,217,Slice,Distance,Fat/Thin,Confidence-inspiring,10.5,R,super-game-improvement
15.8,95.0,206,Fade,Forgiveness,Left/Right,No preference,10.5,R,game-improvement
8.2,101.5,236,Draw,Distance,Left/Right,No preference,9,S,players-cb
15.4,89.3,220,Hook,Accuracy,Left/Right,Forged/Blade-like,10.5,R,players-cb
6.9,103.2,251,Draw,Distance,Left/Right,Forged/Blade-like,9,S,blade
26.2,86.4,193,Straight,Accuracy,Inconsistent,Forged/Blade-like,10.5,R,players-distance
21.9,98.1,223,Straight,Forgiveness,Inconsistent,Confidence-inspiring,10.5,S,super-game-improvement
29.9,87.9,191,Straight,Forgiveness,Inconsistent,No preference,9,R,super-game-improvement
2.3,108.2,258,Hook,Distance,Left/Right,No preference,8,S,players-cb
34.1,92.6,191,Straight,Distance,Inconsistent,Confidence-inspiring,10.5,R,super-game-improvement
2.8,109.6,275,Hook,Distance,Consistent,No preference,9,S,blade
6.2,101.7,246,Straight,Distance,Fat/Thin,Confidence-inspiring,8,S,players-distance
11.4,77.4,188,Straight,Forgiveness,Left/Right,Confidence-inspiring,12,L,super-game-improvement
28.8,91.6,206,Slice,Forgiveness,Left/Right,Confidence-inspiring,10.5,R,super-game-improvement
19.0,84.0,204,Hook,Accuracy,Inconsistent,Confidence-inspiring,10.5,R,players-distance
14.8,95.1,224,Slice,Forgiveness,Left/Right,Confidence-inspiring,10.5,R,super-game-improvement
9.9,103.0,251,Straight,Accuracy,Consistent,Forged/Blade-like,9,S,players-cb
4.6,116.2,281,Draw,Distance,Inconsistent,No preference,8,X,players-cb
27.2,105.9,225,Straight,Distance,Fat/Thin,Confidence-inspiring,10.5,S,super-game-improvement
24.2,80.3,177,Slice,Accuracy,Inconsistent,Confidence-inspiring,12,A,super-game-improvement
29.2,73.0,165,Slice,Forgiveness,Left/Right,Forged/Blade-like,12,A,super-game-improvement
20.6,95.2,222,Straight,Distance,Inconsistent,Confidence-inspiring,10.5,A,super-game-improvement
0.0,108.4,279,Draw,Accuracy,Left/Right,Forged/Blade-like,8,R,blade
5.8,90.0,212,Straight,Accuracy,Consistent,Forged/Blade-like,10.5,R,blade
21.2,91.4,209,Draw,Distance,Fat/Thin,Confidence-inspiring,10.5,A,super-game-improvement
13.7,102.7,238,Fade,Forgiveness,Left/Right,No preference,9,S,super-game-improvement
12.0,85.5,215,Draw,Accuracy,Left/Right,Forged/Blade-like,10.5,R,blade
7.1,91.2,221,Draw,Forgiveness,Left/Right,No preference,10.5,R,players-distance
25.5,82.2,186,Hook,Forgiveness,Left/Right,No preference,10.5,A,super-game-improvement
21.1,89.5,202,Hook,Forgiveness,Fat/Thin,Confidence-inspiring,10.5,R,super-game-improvement
21.5,98.3,220,Slice,Forgiveness,Left/Right,Confidence-inspiring,10.5,R,super-game-improvement
11.3,95.1,210,Slice,Accuracy,Left/Right,No preference,10.5,R,players-distance
18.6,93.9,203,Slice,Forgiveness,Left/Right,Forged/Blade-like,10.5,R,players-distance
5.0,120.0,290,Fade,Distance,Consistent,No preference,8,X,players-cb
15.8,85.7,198,Draw,Distance,Left/Right,Forged/Blade-like,10.5,R,players-cb
0.0,99.5,245,Fade,Distance,Consistent,Confidence-inspiring,9,X,players-distance
2.9,110.8,277,Fade,Distance,Consistent,Forged/Blade-like,8,X,blade
14.1,106.3,248,Slice,Accuracy,Consistent,No preference,9,R,players-cb
36.0,85.7,179,Slice,Forgiveness,Inconsistent,Confidence-inspiring,10.5,S,super-game-improvement
0.8,120.0,291,Straight,Forgiveness,Consistent,Confidence-inspiring,9,X,players-cb
5.8,105.2,254,Fade,Distance,Left/Right,Confidence-inspiring,10.5,S,players-distance
19.0,73.3,164,Straight,Accuracy,Fat/Thin,Confidence-inspiring,12,A,super-game-improvement
32.9,84.6,192,Straight,Forgiveness,Fat/Thin,Confidence-inspiring,9,R,super-game-improvement
18.8,87.5,199,Hook,Distance,Left/Right,No preference,10.5,R,players-distance
23.3,104.0,235,Fade,Forgiveness,Fat/Thin,Confidence-inspiring,9,S,super-game-improvement
14.0,106.1,239,Hook,Accuracy,Consistent,Forged/Blade-like,9,S,players-cb
12.4,81.7,201,Draw,Forgiveness,Consistent,Forged/Blade-like,12,R,players-cb
17.7,107.5,259,Straight,Distance,Fat/Thin,Forged/Blade-like,9,S,players-distance
11.1,107.8,241,Slice,Accuracy,Inconsistent,Forged/Blade-like,9,X,players-cb
23.5,86.8,198,Slice,Accuracy,Left/Right,Confidence-inspiring,10.5,R,super-game-improvement
2.5,103.5,250,Straight,Forgiveness,Left/Right,Confidence-inspiring,9,R,players-distance
25.0,102.9,232,Draw,Accuracy,Fat/Thin,Confidence-inspiring,9,S,game-improvement
17.4,74.5,175,Straight,Distance,Inconsistent,Forged/Blade-like,12,A,players-distance
15.1,100.2,212,Straight,Accuracy,Inconsistent,Forged/Blade-like,9,S,players-cb
2.2,115.4,287,Hook,Accuracy,Consistent,No preference,8,X,players-cb
8.2,99.5,246,Slice,Distance,Left/Right,Forged/Blade-like,9,S,players-cb
27.8,93.6,217,Slice,Forgiveness,Fat/Thin,Confidence-inspiring,10.5,R,super-game-improvement
15.1,96.8,216,Straight,Accuracy,Fat/Thin,No preference,9,S,game-improvement
19.5,84.9,193,Draw,Accuracy,Left/Right,Forged/Blade-like,10.5,R,players-cb
9.1,91.7,212,Straight,Accuracy,Consistent,Forged/Blade-like,10.5,R,players-cb
16.7,101.8,217,Straight,Accuracy,Fat/Thin,Forged/Blade-like,9,S,players-cb
4.7,96.4,227,Straight,Forgiveness,Consistent,Confidence-inspiring,10.5,R,players-distance
17.9,78.6,170,Straight,Accuracy,Left/Right,Confidence-inspiring,12,A,game-improvement
20.3,93.4,215,Straight,Forgiveness,Fat/Thin,Confidence-inspiring,12,R,game-improvement
19.9,87.3,184,Slice,Accuracy,Left/Right,No preference,10.5,R,game-improvement
8.9,88.0,200,Fade,Distance,Left/Right,No preference,9,S,players-distance
13.9,97.3,222,Hook,Forgiveness,Inconsistent,Confidence-inspiring,10.5,S,super-game-improvement
21.8,98.8,230,Hook,Forgiveness,Left/Right,No preference,10.5,S,super-game-improvement
15.1,95.9,247,Straight,Distance,Consistent,Confidence-inspiring,10.5,R,players-cb
14.4,85.5,201,Draw,Accuracy,Consistent,No preference,10.5,R,players-cb
34.1,87.6,178,Straight,Forgiveness,Inconsistent,No preference,10.5,A,super-game-improvement
8.4,110.6,256,Straight,Accuracy,Consistent,Confidence-inspiring,9,X,players-cb
26.7,110.0,249,Slice,Distance,Inconsistent,Forged/Blade-like,10.5,X,players-distance
6.6,115.9,265,Draw,Forgiveness,Consistent,Forged/Blade-like,9,X,blade
22.9,80.4,190,Hook,Forgiveness,Fat/Thin,Confidence-inspiring,12,A,super-game-improvement
23.4,98.7,223,Straight,Forgiveness,Left/Right,Forged/Blade-like,10.5,S,game-improvement
12.4,100.1,233,Fade,Forgiveness,Fat/Thin,No preference,10.5,S,super-game-improvement
6.0,90.4,201,Slice,Distance,Fat/Thin,Forged/Blade-like,10.5,R,players-cb
0.0,108.8,275,Fade,Accuracy,Consistent,Forged/Blade-like,8,S,blade
11.5,117.4,269,Slice,Distance,Fat/Thin,Forged/Blade-like,8,S,players-cb
21.7,103.2,234,Slice,Accuracy,Fat/Thin,No preference,9,S,game-improvement
7.3,90.9,215,Slice,Accuracy,Left/Right,Confidence-inspiring,10.5,R,game-improvement
17.9,94.0,201,Slice,Distance,Left/Right,No preference,10.5,R,game-improvement
3.7,108.4,260,Hook,Accuracy,Consistent,Confidence-inspiring,8,S,blade
14.9,78.6,171,Hook,Accuracy,Left/Right,No preference,12,A,game-improvement
6.7,84.5,196,Draw,Forgiveness,Consistent,Forged/Blade-like,10.5,R,players-cb
16.3,96.5,226,Straight,Accuracy,Consistent,Forged/Blade-like,9,R,players-cb
12.5,99.2,238,Straight,Forgiveness,Fat/Thin,No preference,10.5,S,super-game-improvement
6.3,83.3,199,Draw,Distance,Consistent,No preference,10.5,A,players-cb
11.1,102.3,232,Slice,Forgiveness,Left/Right,Confidence-inspiring,9,S,super-game-improvement
8.6,111.0,258,Draw,Distance,Consistent,Forged/Blade-like,8,X,players-cb
5.2,100.3,235,Draw,Forgiveness,Consistent,Forged/Blade-like,10.5,S,blade
26.7,88.4,176,Fade,Forgiveness,Fat/Thin,Confidence-inspiring,10.5,R,super-game-improvement
13.8,102.3,239,Slice,Distance,Fat/Thin,Forged/Blade-like,9,S,blade
0.0,110.4,255,Straight,Accuracy,Consistent,Confidence-inspiring,8,X,players-cb
11.4,81.6,192,Draw,Forgiveness,Left/Right,Confidence-inspiring,12,A,game-improvement
25.2,79.8,164,Draw,Distance,Fat/Thin,Confidence-inspiring,12,A,super-game-improvement
10.1,95.2,214,Straight,Accuracy,Fat/Thin,Confidence-inspiring,10.5,R,game-improvement
30.5,76.7,173,Hook,Forgiveness,Left/Right,No preference,12,A,super-game-improvement
9.3,114.3,271,Draw,Distance,Consistent,No preference,8,X,players-cb
21.5,97.7,203,Straight,Forgiveness,Left/Right,Forged/Blade-like,10.5,S,game-improvement
26.3,77.0,165,Slice,Forgiveness,Fat/Thin,Confidence-inspiring,12,A,super-game-improvement
21.1,89.5,205,Slice,Distance,Fat/Thin,Confidence-inspiring,10.5,R,super-game-improvement
4.6,114.2,269,Fade,Forgiveness,Consistent,Forged/Blade-like,9,X,blade
8.5,93.8,220,Fade,Distance,Consistent,Confidence-inspiring,10.5,R,players-cb
27.5,95.8,213,Slice,Forgiveness,Fat/Thin,Confidence-inspiring,9,R,super-game-improvement
9.8,113.2,268,Draw,Distance,Consistent,Forged/Blade-like,8,X,players-cb
25.8,100.6,214,Fade,Forgiveness,Consistent,Confidence-inspiring,10.5,S,super-game-improvement
13.1,98.9,231,Straight,Accuracy,Fat/Thin,Confidence-inspiring,9,S,game-improvement
18.3,106.1,240,Fade,Forgiveness,Fat/Thin,Confidence-inspiring,9,S,super-game-improvement
4.5,97.7,251,Draw,Distance,Consistent,Confidence-inspiring,10.5,S,blade
11.5,120.0,281,Slice,Forgiveness,Left/Right,Confidence-inspiring,9,S,game-improvement
9.1,102.2,243,Slice,Accuracy,Left/Right,No preference,9,S,players-distance
19.0,104.5,240,Draw,Distance,Fat/Thin,No preference,9,S,players-distance
17.8,90.3,204,Straight,Forgiveness,Fat/Thin,Forged/Blade-like,10.5,R,game-improvement
21.2,96.6,212,Slice,Forgiveness,Left/Right,No preference,10.5,R,super-game-improvement
12.6,102.9,245,Slice,Accuracy,Left/Right,Forged/Blade-like,9,S,players-cb
8.6,90.9,220,Straight,Accuracy,Inconsistent,No preference,10.5,R,players-distance
18.6,83.8,210,Fade,Forgiveness,Left/Right,No preference,10.5,A,super-game-improvement
7.7,98.7,242,Straight,Accuracy,Left/Right,Forged/Blade-like,9,S,players-cb
26.7,98.9,225,Straight,Accuracy,Left/Right,Confidence-inspiring,10.5,S,super-game-improvement
16.0,76.8,184,Straight,Forgiveness,Left/Right,Confidence-inspiring,12,A,super-game-improvement
14.1,92.8,209,Straight,Forgiveness,Left/Right,Forged/Blade-like,12,R,players-distance
21.2,104.7,225,Straight,Accuracy,Left/Right,Confidence-inspiring,9,S,game-improvement
16.3,82.6,181,Straight,Forgiveness,Fat/Thin,Forged/Blade-like,10.5,A,game-improvement
2.1,117.1,291,Hook,Forgiveness,Inconsistent,Confidence-inspiring,9,X,game-improvement
7.4,89.7,227,Straight,Accuracy,Consistent,Confidence-inspiring,10.5,S,players-cb
26.5,78.8,181,Straight,Forgiveness,Fat/Thin,Confidence-inspiring,10.5,A,super-game-improvement
17.8,92.4,210,Straight,Forgiveness,Left/Right,No preference,10.5,A,game-improvement
1.9,120.0,307,Fade,Accuracy,Left/Right,No preference,8,X,players-cb
20.2,85.9,191,Slice,Forgiveness,Left/Right,No preference,10.5,R,super-game-improvement
12.0,80.5,178,Slice,Distance,Left/Right,Confidence-inspiring,12,A,super-game-improvement
9.1,85.8,205,Slice,Accuracy,Consistent,No preference,10.5,R,players-cb
6.7,110.8,276,Fade,Distance,Inconsistent,No preference,8,X,players-cb
26.0,74.8,158,Slice,Forgiveness,Inconsistent,Confidence-inspiring,12,A,super-game-improvement
0.0,117.9,274,Straight,Distance,Consistent,Forged/Blade-like,8,X,blade
9.5,100.2,237,Straight,Forgiveness,Left/Right,No preference,12,S,game-improvement
18.1,93.4,221,Straight,Forgiveness,Fat/Thin,Forged/Blade-like,10.5,R,game-improvement
31.2,87.8,164,Draw,Accuracy,Left/Right,Confidence-inspiring,10.5,R,super-game-improvement
22.0,83.0,196,Slice,Accuracy,Fat/Thin,Confidence-inspiring,10.5,A,super-game-improvement
9.4,101.0,227,Draw,Accuracy,Left/Right,Confidence-inspiring,9,S,players-distance
30.8,73.1,165,Straight,Distance,Fat/Thin,Confidence-inspiring,12,A,super-game-improvement
4.8,116.2,262,Straight,Distance,Inconsistent,No preference,8,X,players-cb
19.4,82.5,174,Straight,Accuracy,Inconsistent,Forged/Blade-like,10.5,A,players-distance
21.4,95.8,222,Slice,Forgiveness,Fat/Thin,Confidence-inspiring,10.5,R,game-improvement
9.1,89.5,223,Fade,Accuracy,Consistent,Forged/Blade-like,9,R,blade
23.3,84.8,190,Slice,Forgiveness,Fat/Thin,Confidence-inspiring,9,R,super-game-improvement
12.4,93.8,241,Fade,Accuracy,Inconsistent,No preference,10.5,R,game-improvement
23.3,120.0,260,Fade,Accuracy,Left/Right,No preference,8,X,players-distance
0.4,105.6,249,Slice,Forgiveness,Consistent,Confidence-inspiring,9,S,players-cb
20.0,84.2,188,Straight,Forgiveness,Fat/Thin,No preference,10.5,R,super-game-improvement
13.3,92.5,212,Slice,Forgiveness,Fat/Thin,No preference,9,R,super-game-improvement
27.3,72.4,162,Slice,Forgiveness,Fat/Thin,Forged/Blade-like,12,A,super-game-improvement
16.6,93.1,208,Draw,Forgiveness,Inconsistent,No preference,10.5,R,game-improvement
28.2,105.3,236,Slice,Forgiveness,Left/Right,No preference,10.5,S,super-game-improvement
21.6,94.7,218,Fade,Forgiveness,Inconsistent,Confidence-inspiring,10.5,R,super-game-improvement
15.9,104.2,255,Draw,Forgiveness,Left/Right,No preference,9,S,game-improvement
24.1,80.5,175,Slice,Accuracy,Left/Right,Confidence-inspiring,12,A,super-game-improvement
24.1,87.6,199,Draw,Forgiveness,Left/Right,No preference,10.5,R,super-game-improvement
21.2,93.6,217,Straight,Accuracy,Inconsistent,Confidence-inspiring,12,R,super-game-improvement
0.0,98.7,242,Fade,Forgiveness,Inconsistent,Forged/Blade-like,10.5,S,players-cb
8.2,104.4,246,Hook,Distance,Inconsistent,Confidence-inspiring,9,S,players-distance
29.5,92.1,183,Straight,Distance,Inconsistent,Confidence-inspiring,10.5,A,super-game-improvement
5.7,107.6,259,Fade,Accuracy,Left/Right,No preference,9,S,players-distance
24.9,87.6,200,Hook,Forgiveness,Fat/Thin,Confidence-inspiring,10.5,R,super-game-improvement
23.4,101.0,226,Straight,Accuracy,Fat/Thin,Confidence-inspiring,9,S,super-game-improvement
10.5,96.3,220,Draw,Distance,Fat/Thin,No preference,9,R,players-distance
0.0,102.5,236,Hook,Accuracy,Consistent,Forged/Blade-like,9,S,blade
11.9,112.3,267,Draw,Forgiveness,Fat/Thin,No preference,9,X,players-distance
35.7,70.7,151,Slice,Forgiveness,Fat/Thin,No preference,12,L,super-game-improvement
9.2,82.7,208,Straight,Forgiveness,Consistent,Confidence-inspiring,10.5,A,players-distance
9.9,90.6,201,Straight,Distance,Consistent,Forged/Blade-like,12,R,players-cb
8.0,104.4,244,Draw,Forgiveness,Consistent,No preference,9,S,players-cb
27.9,99.9,208,Slice,Accuracy,Inconsistent,Confidence-inspiring,9,S,super-game-improvement
14.8,89.3,216,Straight,Forgiveness,Fat/Thin,Confidence-inspiring,10.5,R,super-game-improvement
11.4,116.4,284,Draw,Accuracy,Inconsistent,No preference,8,X,players-cb
29.7,86.1,205,Straight,Forgiveness,Fat/Thin,Confidence-inspiring,10.5,R,super-game-improvement
22.2,89.7,207,Straight,Accuracy,Left/Right,Confidence-inspiring,10.5,R,super-game-improvement
8.7,91.6,224,Fade,Accuracy,Left/Right,Confidence-inspiring,10.5,R,players-distance
6.0,120.0,291,Fade,Distance,Inconsistent,Confidence-inspiring,8,X,players-distance
27.4,85.9,194,Straight,Accuracy,Left/Right,Confidence-inspiring,10.5,R,super-game-improvement
17.2,81.0,186,Slice,Distance,Inconsistent,Confidence-inspiring,12,A,super-game-improvement
3.1,120.0,296,Hook,Accuracy,Left/Right,No preference,8,X,players-cb
1.0,109.3,286,Slice,Accuracy,Consistent,Forged/Blade-like,8,S,blade
7.0,109.2,263,Fade,Distance,Left/Right,Forged/Blade-like,8,S,blade
5.8,118.9,285,Fade,Accuracy,Consistent,Forged/Blade-like,8,X,blade
0.0,112.1,276,Straight,Distance,Consistent,No preference,8,S,players-cb
7.1,110.9,263,Straight,Forgiveness,Consistent,Forged/Blade-like,9,X,players-cb
8.7,100.6,241,Fade,Forgiveness,Consistent,No preference,10.5,S,players-distance
12.8,104.6,243,Straight,Distance,Left/Right,Confidence-inspiring,9,S,players-distance
32.2,83.8,191,Straight,Distance,Inconsistent,Confidence-inspiring,10.5,A,super-game-improvement
14.6,95.9,232,Hook,Forgiveness,Consistent,Forged/Blade-like,10.5,R,players-cb
15.5,96.7,243,Hook,Forgiveness,Left/Right,Confidence-inspiring,10.5,R,super-game-improvement
21.6,87.3,197,Slice,Distance,Fat/Thin,Confidence-inspiring,10.5,R,super-game-improvement
14.9,100.9,236,Draw,Distance,Left/Right,Forged/Blade-like,9,S,players-cb
20.6,97.0,222,Hook,Distance,Left/Right,Confidence-inspiring,9,S,game-improvement
19.5,100.9,231,Straight,Distance,Consistent,Confidence-inspiring,8,S,players-distance
18.1,100.1,239,Fade,Accuracy,Consistent,Confidence-inspiring,9,S,players-distance
36.0,101.5,201,Fade,Forgiveness,Consistent,No preference,10.5,S,game-improvement
25.2,99.4,225,Slice,Forgiveness,Left/Right,Confidence-inspiring,10.5,S,super-game-improvement
7.3,99.0,254,Straight,Accuracy,Inconsistent,No preference,9,S,players-distance
20.3,96.7,232,Straight,Forgiveness,Left/Right,No preference,10.5,S,super-game-improvement
9.9,113.4,279,Hook,Distance,Fat/Thin,No preference,8,X,players-cb
21.0,82.2,193,Straight,Accuracy,Left/Right,Confidence-inspiring,10.5,A,super-game-improvement
4.6,120.0,284,Fade,Forgiveness,Left/Right,Confidence-inspiring,9,S,players-distance
7.0,93.5,216,Draw,Forgiveness,Left/Right,Forged/Blade-like,10.5,R,players-distance
20.1,101.3,223,Slice,Accuracy,Fat/Thin,Confidence-inspiring,9,S,super-game-improvement
26.0,88.4,186,Slice,Accuracy,Fat/Thin,Forged/Blade-like,10.5,R,game-improvement
21.5,90.9,214,Slice,Forgiveness,Left/Right,Confidence-inspiring,10.5,R,super-game-improvement
24.7,76.2,183,Fade,Forgiveness,Inconsistent,Confidence-inspiring,10.5,A,super-game-improvement
20.4,101.2,233,Straight,Forgiveness,Fat/Thin,No preference,10.5,S,super-game-improvement
18.6,80.5,191,Straight,Forgiveness,Inconsistent,Forged/Blade-like,12,A,players-distance
12.5,83.1,197,Slice,Accuracy,Inconsistent,No preference,10.5,A,players-distance
24.3,101.1,231,Fade,Accuracy,Left/Right,Confidence-inspiring,10.5,S,game-improvement
26.2,106.1,216,Straight,Forgiveness,Fat/Thin,Confidence-inspiring,10.5,S,super-game-improvement
16.4,88.2,206,Straight,Forgiveness,Left/Right,No preference,10.5,R,players-distance
15.9,105.2,239,Fade,Accuracy,Inconsistent,No preference,9,S,players-distance
31.3,92.7,201,Slice,Accuracy,Fat/Thin,Confidence-inspiring,10.5,R,super-game-improvement
16.8,93.7,217,Fade,Distance,Inconsistent,Confidence-inspiring,10.5,R,game-improvement
17.7,107.3,239,Slice,Accuracy,Inconsistent,Confidence-inspiring,9,S,game-improvement
21.4,89.8,193,Straight,Forgiveness,Fat/Thin,Confidence-inspiring,10.5,R,super-game-improvement
16.1,100.2,224,Fade,Accuracy,Left/Right,Confidence-inspiring,9,S,game-improvement
9.6,86.9,192,Draw,Distance,Left/Right,No preference,10.5,R,players-cb
20.4,80.0,171,Slice,Accuracy,Left/Right,No preference,12,L,super-game-improvement
16.7,106.3,235,Straight,Distance,Left/Right,Confidence-inspiring,9,S,players-distance
33.6,88.7,178,Slice,Forgiveness,Left/Right,No preference,12,R,super-game-improvement
24.1,88.2,202,Straight,Forgiveness,Inconsistent,Confidence-inspiring,10.5,R,game-improvement
11.6,117.2,267,Straight,Forgiveness,Left/Right,Forged/Blade-like,9,X,players-distance
23.6,108.9,227,Hook,Accuracy,Fat/Thin,Confidence-inspiring,9,S,game-improvement
19.8,96.9,217,Fade,Accuracy,Fat/Thin,Forged/Blade-like,9,R,players-distance
28.8,71.9,147,Slice,Accuracy,Left/Right,No preference,12,L,super-game-improvement
12.3,96.5,239,Slice,Forgiveness,Consistent,Confidence-inspiring,10.5,S,game-improvement
18.7,85.0,195,Hook,Accuracy,Consistent,Forged/Blade-like,10.5,A,players-cb
16.1,95.9,208,Straight,Distance,Consistent,Confidence-inspiring,10.5,R,players-distance
17.5,84.7,199,Slice,Accuracy,Fat/Thin,Forged/Blade-like,10.5,R,players-distance
9.0,87.9,209,Straight,Distance,Fat/Thin,Forged/Blade-like,10.5,R,players-cb
22.2,68.3,152,Slice,Forgiveness,Fat/Thin,Confidence-inspiring,12,L,super-game-improvement
20.8,93.5,226,Fade,Forgiveness,Left/Right,Confidence-inspiring,10.5,R,super-game-improvement
28.6,65.0,134,Fade,Accuracy,Fat/Thin,Confidence-inspiring,12,L,super-game-improvement
16.9,91.3,219,Slice,Accuracy,Left/Right,No preference,10.5,S,game-improvement
13.3,103.9,238,Fade,Forgiveness,Inconsistent,Confidence-inspiring,9,X,super-game-improvement
24.1,82.4,184,Fade,Accuracy,Fat/Thin,No preference,10.5,A,super-game-improvement
9.9,88.4,202,Draw,Distance,Consistent,No preference,10.5,R,players-cb
26.8,87.1,186,Slice,Accuracy,Fat/Thin,Confidence-inspiring,10.5,R,super-game-improvement
26.7,79.6,172,Slice,Distance,Fat/Thin,No preference,12,A,game-improvement
28.3,88.6,177,Slice,Accuracy,Left/Right,Confidence-inspiring,10.5,R,super-game-improvement
20.4,81.8,189,Slice,Forgiveness,Left/Right,Confidence-inspiring,12,A,super-game-improvement
12.6,96.4,226,Draw,Forgiveness,Left/Right,Forged/Blade-like,10.5,R,players-distance
18.0,90.3,193,Fade,Forgiveness,Inconsistent,No preference,10.5,R,super-game-improvement
20.4,92.0,214,Draw,Accuracy,Inconsistent,No preference,10.5,S,game-improvement
12.0,114.2,281,Straight,Accuracy,Consistent,Forged/Blade-like,8,X,players-cb
29.0,88.3,187,Slice,Distance,Fat/Thin,Confidence-inspiring,10.5,R,super-game-improvement
22.2,95.9,209,Fade,Forgiveness,Left/Right,Forged/Blade-like,10.5,S,game-improvement
9.0,93.6,232,Slice,Distance,Consistent,Forged/Blade-like,10.5,R,players-cb
33.9,85.2,186,Slice,Forgiveness,Left/Right,Confidence-inspiring,10.5,S,super-game-improvement
17.9,91.1,207,Straight,Accuracy,Inconsistent,Forged/Blade-like,10.5,R,blade
7.2,101.4,249,Straight,Accuracy,Inconsistent,No preference,9,S,players-distance
9.5,106.0,253,Draw,Accuracy,Consistent,No preference,10.5,S,players-cb
30.4,80.3,188,Slice,Forgiveness,Fat/Thin,No preference,12,A,super-game-improvement
33.4,79.3,170,Straight,Forgiveness,Left/Right,Confidence-inspiring,12,A,super-game-improvement
26.1,83.4,189,Slice,Forgiveness,Fat/Thin,Confidence-inspiring,10.5,A,super-game-improvement
28.9,81.3,188,Slice,Distance,Left/Right,Forged/Blade-like,12,A,game-improvement
27.9,88.8,173,Slice,Forgiveness,Fat/Thin,Confidence-inspiring,12,R,super-game-improvement
22.0,87.4,207,Fade,Forgiveness,Fat/Thin,Forged/Blade-like,10.5,R,super-game-improvement
20.0,107.4,239,Straight,Forgiveness,Consistent,Confidence-inspiring,9,S,game-improvement
21.9,117.9,270,Slice,Forgiveness,Inconsistent,Confidence-inspiring,9,X,super-game-improvement
23.6,84.3,204,Slice,Accuracy,Left/Right,Confidence-inspiring,10.5,R,super-game-improvement
10.3,101.9,237,Fade,Forgiveness,Left/Right,Forged/Blade-like,10.5,X,players-cb
23.6,100.3,220,Straight,Accuracy,Fat/Thin,Forged/Blade-like,9,S,players-distance
30.1,82.9,180,Draw,Forgiveness,Fat/Thin,Confidence-inspiring,10.5,A,super-game-improvement
15.1,85.8,185,Fade,Distance,Consistent,No preference,10.5,R,players-distance
14.2,113.7,284,Straight,Distance,Fat/Thin,Forged/Blade-like,8,X,players-cb
21.3,98.4,222,Slice,Forgiveness,Fat/Thin,Confidence-inspiring,10.5,S,super-game-improvement
11.2,101.6,253,Fade,Forgiveness,Inconsistent,Forged/Blade-like,10.5,S,players-cb
5.1,117.0,278,Straight,Accuracy,Fat/Thin,Forged/Blade-like,9,X,players-cb
27.3,95.1,210,Draw,Forgiveness,Left/Right,Confidence-inspiring,10.5,R,super-game-improvement
12.9,96.7,234,Fade,Forgiveness,Fat/Thin,Forged/Blade-like,10.5,R,game-improvement
17.2,84.5,184,Hook,Forgiveness,Fat/Thin,Confidence-inspiring,10.5,R,super-game-improvement
11.5,93.2,218,Straight,Distance,Fat/Thin,Confidence-inspiring,10.5,R,game-improvement
28.5,98.7,225,Straight,Forgiveness,Fat/Thin,Confidence-inspiring,10.5,S,game-improvement
24.7,96.0,212,Slice,Forgiveness,Left/Right,Confidence-inspiring,10.5,R,super-game-improvement
14.8,94.1,214,Fade,Accuracy,Left/Right,Forged/Blade-like,10.5,R,players-cb
6.4,119.3,295,Slice,Accuracy,Left/Right,Confidence-inspiring,8,X,players-distance
13.9,95.0,233,Slice,Distance,Fat/Thin,Forged/Blade-like,10.5,R,game-improvement
22.1,100.8,241,Straight,Forgiveness,Fat/Thin,Confidence-inspiring,10.5,S,super-game-improvement
18.7,95.5,212,Slice,Forgiveness,Left/Right,No preference,10.5,R,super-game-improvement
18.0,113.1,254,Straight,Forgiveness,Fat/Thin,No preference,9,X,game-improvement
18.9,100.7,225,Hook,Distance,Consistent,Confidence-inspiring,9,S,game-improvement
23.8,90.3,208,Slice,Accuracy,Fat/Thin,Confidence-inspiring,10.5,R,super-game-improvement
16.6,92.9,203,Straight,Accuracy,Left/Right,Forged/Blade-like,10.5,A,blade
21.1,91.5,197,Straight,Accuracy,Left/Right,Confidence-inspiring,10.5,R,super-game-improvement
8.1,93.2,215,Draw,Accuracy,Consistent,No preference,10.5,R,players-cb
36.0,67.9,136,Slice,Forgiveness,Left/Right,Confidence-inspiring,12,L,super-game-improvement
14.4,99.3,238,Straight,Distance,Left/Right,Forged/Blade-like,9,R,players-cb
18.8,87.9,208,Slice,Distance,Inconsistent,Confidence-inspiring,10.5,R,super-game-improvement
22.1,85.6,188,Fade,Forgiveness,Fat/Thin,Confidence-inspiring,10.5,R,super-game-improvement
13.3,96.1,222,Straight,Distance,Left/Right,Forged/Blade-like,9,R,players-cb
17.1,94.9,195,Straight,Distance,Fat/Thin,Forged/Blade-like,10.5,R,players-cb
17.0,94.5,213,Straight,Forgiveness,Left/Right,Confidence-inspiring,10.5,R,super-game-improvement
8.8,117.4,290,Straight,Forgiveness,Consistent,No preference,9,X,players-cb
20.9,98.4,218,Straight,Accuracy,Left/Right,Confidence-inspiring,9,S,super-game-improvement
2.2,120.0,282,Hook,Accuracy,Consistent,No preference,8,X,blade
32.8,79.3,183,Hook,Distance,Inconsistent,Confidence-inspiring,12,R,super-game-improvement
24.1,97.4,207,Slice,Accuracy,Fat/Thin,Confidence-inspiring,10.5,S,super-game-improvement
22.8,86.7,209,Slice,Distance,Fat/Thin,Forged/Blade-like,10.5,R,players-distance
1.4,99.4,268,Straight,Distance,Consistent,Forged/Blade-like,9,S,blade
9.9,120.0,282,Straight,Forgiveness,Fat/Thin,No preference,9,X,game-improvement
29.5,78.3,182,Fade,Forgiveness,Consistent,Confidence-inspiring,12,A,super-game-improvement
36.0,65.0,123,Straight,Forgiveness,Left/Right,Confidence-inspiring,12,L,super-game-improvement
27.8,80.0,161,Slice,Accuracy,Left/Right,Confidence-inspiring,12,A,super-game-improvement
26.3,68.0,143,Slice,Distance,Fat/Thin,Confidence-inspiring,12,L,super-game-improvement
21.7,81.7,192,Slice,Forgiveness,Left/Right,Confidence-inspiring,12,A,super-game-improvement
9.4,91.0,215,Straight,Distance,Fat/Thin,Forged/Blade-like,10.5,R,players-cb
26.0,88.7,195,Draw,Forgiveness,Fat/Thin,No preference,10.5,R,super-game-improvement
7.1,80.7,181,Fade,Accuracy,Inconsistent,No preference,12,A,game-improvement
6.1,113.8,271,Draw,Forgiveness,Consistent,Forged/Blade-like,10.5,X,blade
5.5,83.5,195,Draw,Accuracy,Left/Right,Forged/Blade-like,10.5,A,blade
25.8,87.2,185,Slice,Forgiveness,Left/Right,Confidence-inspiring,12,R,game-improvement
16.5,91.5,202,Draw,Distance,Consistent,No preference,10.5,R,players-cb
17.9,102.1,235,Fade,Accuracy,Left/Right,Forged/Blade-like,9,S,players-cb
16.9,98.0,219,Hook,Accuracy,Inconsistent,No preference,9,S,players-distance
6.9,113.2,270,Draw,Distance,Consistent,Confidence-inspiring,8,X,players-cb
11.0,94.9,207,Draw,Accuracy,Inconsistent,Confidence-inspiring,10.5,R,players-distance
11.4,93.6,224,Straight,Forgiveness,Left/Right,Confidence-inspiring,10.5,R,game-improvement
4.4,107.1,260,Draw,Accuracy,Left/Right,No preference,9,S,players-cb
12.5,107.8,250,Slice,Forgiveness,Fat/Thin,Confidence-inspiring,9,X,super-game-improvement
7.3,109.3,262,Straight,Accuracy,Consistent,Forged/Blade-like,8,S,players-cb
22.2,94.1,220,Slice,Forgiveness,Fat/Thin,Confidence-inspiring,10.5,R,super-game-improvement
22.9,92.8,195,Slice,Forgiveness,Fat/Thin,Confidence-inspiring,10.5,R,super-game-improvement
5.4,102.0,246,Draw,Distance,Consistent,Confidence-inspiring,9,S,blade
14.3,100.4,221,Fade,Forgiveness,Left/Right,Confidence-inspiring,10.5,S,game-improvement
33.7,103.4,223,Draw,Forgiveness,Fat/Thin,Confidence-inspiring,10.5,S,super-game-improvement
8.2,98.0,231,Draw,Accuracy,Consistent,Forged/Blade-like,9,S,players-cb
20.8,88.2,199,Straight,Distance,Inconsistent,Confidence-inspiring,10.5,R,super-game-improvement
17.9,89.4,212,Slice,Forgiveness,Left/Right,Confidence-inspiring,12,R,super-game-improvement
26.8,91.7,210,Straight,Forgiveness,Left/Right,Confidence-inspiring,9,R,game-improvement
19.7,71.4,172,Straight,Forgiveness,Inconsistent,No preference,10.5,L,super-game-improvement
13.1,95.7,220,Straight,Accuracy,Consistent,Confidence-inspiring,10.5,R,players-distance
17.6,102.8,242,Straight,Forgiveness,Left/Right,No preference,9,S,game-improvement
17.7,88.7,208,Hook,Forgiveness,Inconsistent,No preference,10.5,S,super-game-improvement
16.2,96.9,220,Straight,Accuracy,Consistent,Confidence-inspiring,9,R,players-distance
5.1,120.0,290,Slice,Distance,Left/Right,No preference,8,X,players-cb
28.2,90.1,197,Slice,Forgiveness,Fat/Thin,No preference,10.5,A,super-game-improvement
26.6,65.5,157,Draw,Forgiveness,Fat/Thin,Confidence-inspiring,12,L,super-game-improvement
7.6,86.7,214,Draw,Forgiveness,Consistent,Forged/Blade-like,10.5,R,players-cb
14.3,93.8,215,Fade,Accuracy,Inconsistent,No preference,10.5,R,game-improvement
15.0,87.8,200,Straight,Forgiveness,Inconsistent,Confidence-inspiring,10.5,R,super-game-improvement
6.6,102.5,254,Fade,Accuracy,Inconsistent,Forged/Blade-like,9,S,blade
0.2,102.9,264,Draw,Distance,Consistent,Forged/Blade-like,9,S,blade
11.0,110.2,262,Slice,Forgiveness,Consistent,Forged/Blade-like,9,X,players-cb
13.8,85.7,205,Fade,Accuracy,Consistent,Confidence-inspiring,10.5,R,players-distance
4.0,101.2,256,Straight,Accuracy,Left/Right,Forged/Blade-like,9,S,blade
18.6,95.5,216,Straight,Forgiveness,Fat/Thin,Confidence-inspiring,12,R,super-game-improvement
27.5,90.7,201,Straight,Accuracy,Fat/Thin,No preference,10.5,R,game-improvement
24.6,90.7,207,Slice,Accuracy,Fat/Thin,Confidence-inspiring,10.5,R,super-game-improvement
15.9,71.1,160,Straight,Forgiveness,Left/Right,Forged/Blade-like,10.5,L,game-improvement
0.4,106.6,276,Slice,Forgiveness,Consistent,Confidence-inspiring,8,S,blade
23.4,88.6,194,Fade,Distance,Left/Right,Confidence-inspiring,10.5,R,super-game-improvement
18.3,102.2,234,Draw,Forgiveness,Consistent,Forged/Blade-like,9,S,players-distance
20.8,99.1,241,Fade,Forgiveness,Left/Right,Confidence-inspiring,10.5,S,game-improvement
34.4,85.0,165,Fade,Distance,Fat/Thin,Confidence-inspiring,10.5,R,super-game-improvement
9.6,102.6,244,Draw,Distance,Left/Right,Forged/Blade-like,9,S,players-cb
0.0,119.5,287,Hook,Distance,Inconsistent,No preference,8,X,players-cb
7.5,112.4,268,Fade,Distance,Consistent,No preference,8,S,players-cb
21.4,94.2,202,Fade,Forgiveness,Left/Right,Confidence-inspiring,9,R,super-game-improvement
17.2,115.8,262,Hook,Accuracy,Left/Right,Forged/Blade-like,8,X,players-cb
6.1,95.6,229,Straight,Accuracy,Consistent,No preference,10.5,R,players-cb
4.2,91.3,222,Straight,Accuracy,Left/Right,No preference,10.5,R,players-cb
13.8,96.5,233,Draw,Distance,Fat/Thin,Forged/Blade-like,10.5,R,players-cb
5.8,98.3,215,Fade,Accuracy,Fat/Thin,Forged/Blade-like,9,S,players-cb
21.7,66.6,149,Fade,Distance,Fat/Thin,Confidence-inspiring,12,A,super-game-improvement
13.3,90.4,209,Draw,Accuracy,Inconsistent,No preference,10.5,R,players-distance
11.4,101.7,238,Slice,Forgiveness,Inconsistent,No preference,10.5,S,game-improvement
10.2,98.5,233,Fade,Accuracy,Fat/Thin,No preference,9,S,players-distance
19.4,85.0,186,Straight,Accuracy,Inconsistent,Forged/Blade-like,10.5,R,blade
17.4,94.6,203,Straight,Accuracy,Left/Right,Forged/Blade-like,10.5,R,players-cb
18.8,94.4,217,Fade,Distance,Left/Right,No preference,10.5,R,players-distance
18.6,100.5,220,Slice,Forgiveness,Inconsistent,No preference,10.5,S,game-improvement
16.4,88.4,207,Draw,Accuracy,Left/Right,Forged/Blade-like,10.5,A,players-cb
7.7,109.5,252,Straight,Accuracy,Consistent,Confidence-inspiring,8,S,players-cb
10.4,88.0,214,Fade,Distance,Inconsistent,Confidence-inspiring,10.5,R,game-improvement
13.4,91.9,214,Slice,Forgiveness,Left/Right,Forged/Blade-like,10.5,R,players-distance
35.6,98.8,211,Slice,Distance,Fat/Thin,Confidence-inspiring,10.5,S,super-game-improvement
4.9,92.4,220,Straight,Forgiveness,Left/Right,Forged/Blade-like,10.5,R,players-cb
13.2,90.4,207,Straight,Accuracy,Left/Right,Forged/Blade-like,10.5,R,players-cb
17.9,81.3,184,Slice,Forgiveness,Inconsistent,Forged/Blade-like,12,L,game-improvement
14.3,88.0,215,Draw,Forgiveness,Fat/Thin,Confidence-inspiring,10.5,R,super-game-improvement
26.7,89.2,183,Slice,Forgiveness,Fat/Thin,No preference,10.5,R,super-game-improvement
14.2,103.4,234,Straight,Distance,Consistent,No preference,9,S,players-cb
14.9,95.7,231,Straight,Accuracy,Inconsistent,Confidence-inspiring,12,R,game-improvement
24.3,86.2,200,Slice,Accuracy,Inconsistent,Confidence-inspiring,12,R,super-game-improvement
33.3,70.9,165,Slice,Forgiveness,Fat/Thin,Confidence-inspiring,12,L,super-game-improvement
29.7,78.5,171,Slice,Accuracy,Left/Right,Forged/Blade-like,12,A,players-distance
15.8,79.8,172,Hook,Forgiveness,Fat/Thin,No preference,10.5,R,game-improvement
16.6,102.1,225,Hook,Distance,Fat/Thin,Confidence-inspiring,9,S,game-improvement
17.4,102.2,232,Fade,Accuracy,Left/Right,No preference,9,S,players-distance
18.3,93.2,220,Straight,Accuracy,Left/Right,No preference,10.5,R,players-distance
9.4,104.0,244,Fade,Distance,Left/Right,No preference,9,S,players-cb
25.4,97.5,214,Slice,Forgiveness,Fat/Thin,Confidence-inspiring,10.5,S,super-game-improvement
18.9,94.2,218,Draw,Distance,Inconsistent,Confidence-inspiring,10.5,R,players-distance
16.6,108.6,250,Draw,Forgiveness,Fat/Thin,Forged/Blade-like,9,S,players-distance
5.6,92.0,217,Fade,Forgiveness,Consistent,No preference,10.5,R,players-cb
17.6,90.5,198,Hook,Forgiveness,Left/Right,Confidence-inspiring,10.5,R,super-game-improvement
0.0,101.3,257,Fade,Accuracy,Inconsistent,No preference,9,S,players-cb
11.8,104.4,254,Straight,Forgiveness,Inconsistent,Confidence-inspiring,9,S,game-improvement
11.9,83.6,186,Fade,Forgiveness,Left/Right,Confidence-inspiring,10.5,A,game-improvement
19.6,107.2,240,Slice,Accuracy,Left/Right,No preference,9,S,players-distance
33.9,88.6,196,Slice,Accuracy,Fat/Thin,Confidence-inspiring,10.5,A,game-improvement
22.1,108.5,234,Straight,Forgiveness,Fat/Thin,Confidence-inspiring,9,S,super-game-improvement
30.0,85.2,189,Slice,Forgiveness,Inconsistent,No preference,10.5,R,super-game-improvement
22.8,85.0,188,Slice,Distance,Left/Right,Confidence-inspiring,10.5,R,super-game-improvement
27.1,94.1,197,Straight,Forgiveness,Fat/Thin,No preference,10.5,R,game-improvement
33.7,93.4,216,Straight,Distance,Consistent,Confidence-inspiring,10.5,R,game-improvement
10.4,91.8,213,Slice,Accuracy,Left/Right,Confidence-inspiring,10.5,A,game-improvement
9.8,79.4,192,Draw,Distance,Consistent,Confidence-inspiring,12,A,players-cb
23.0,72.1,152,Slice,Forgiveness,Inconsistent,Confidence-inspiring,12,L,super-game-improvement
17.0,97.1,237,Straight,Distance,Left/Right,Forged/Blade-like,9,S,players-cb
19.0,108.5,265,Fade,Distance,Left/Right,Forged/Blade-like,8,S,players-cb
14.8,82.9,179,Straight,Distance,Fat/Thin,Confidence-inspiring,10.5,A,super-game-improvement
11.6,95.4,222,Straight,Accuracy,Inconsistent,No preference,10.5,R,players-distance
31.6,81.0,187,Hook,Accuracy,Inconsistent,No preference,12,A,super-game-improvement
7.1,120.0,282,Slice,Forgiveness,Consistent,No preference,9,X,players-distance
23.2,112.8,256,Straight,Forgiveness,Fat/Thin,Confidence-inspiring,9,X,super-game-improvement
21.7,95.5,200,Draw,Forgiveness,Fat/Thin,Confidence-inspiring,9,R,super-game-improvement
2.8,113.1,267,Hook,Accuracy,Consistent,Forged/Blade-like,8,X,players-cb
9.5,108.2,259,Draw,Distance,Consistent,Confidence-inspiring,8,S,players-cb
11.0,85.7,196,Straight,Forgiveness,Inconsistent,Confidence-inspiring,10.5,R,super-game-improvement
22.1,98.0,217,Fade,Forgiveness,Inconsistent,Confidence-inspiring,10.5,S,super-game-improvement
13.7,86.5,188,Fade,Forgiveness,Fat/Thin,Confidence-inspiring,12,R,super-game-improvement
16.2,93.3,221,Slice,Forgiveness,Fat/Thin,Confidence-inspiring,10.5,R,super-game-improvement
3.9,114.7,265,Hook,Distance,Consistent,Forged/Blade-like,8,X,blade
36.0,82.3,189,Slice,Accuracy,Inconsistent,Confidence-inspiring,10.5,A,super-game-improvement
17.6,105.1,235,Draw,Distance,Fat/Thin,Confidence-inspiring,9,S,game-improvement
21.5,104.4,243,Slice,Forgiveness,Consistent,Confidence-inspiring,9,S,game-improvement
12.1,80.2,194,Straight,Distance,Left/Right,Confidence-inspiring,12,A,game-improvement
11.1,76.7,171,Straight,Accuracy,Consistent,Forged/Blade-like,12,A,players-cb
34.2,94.4,197,Fade,Distance,Left/Right,Forged/Blade-like,10.5,R,players-distance
0.0,118.0,285,Straight,Accuracy,Consistent,No preference,8,X,blade
19.5,95.3,213,Straight,Forgiveness,Left/Right,Forged/Blade-like,10.5,R,players-distance
6.1,105.8,242,Fade,Accuracy,Consistent,No preference,9,S,players-cb
13.4,105.8,251,Slice,Forgiveness,Fat/Thin,Forged/Blade-like,9,S,players-distance
11.3,107.1,245,Slice,Forgiveness,Left/Right,No preference,9,S,game-improvement
8.1,97.5,231,Slice,Forgiveness,Fat/Thin,No preference,10.5,S,game-improvement
17.3,103.8,247,Slice,Distance,Left/Right,Confidence-inspiring,9,S,game-improvement
0.0,102.5,256,Draw,Forgiveness,Inconsistent,Forged/Blade-like,9,S,players-cb
14.2,98.8,224,Fade,Forgiveness,Fat/Thin,Confidence-inspiring,10.5,R,super-game-improvement
16.2,97.0,233,Fade,Accuracy,Left/Right,No preference,9,S,players-distance
4.8,94.1,232,Fade,Forgiveness,Consistent,Forged/Blade-like,10.5,R,blade
30.6,77.8,163,Slice,Distance,Left/Right,No preference,12,A,super-game-improvement
11.6,120.0,277,Fade,Accuracy,Consistent,Confidence-inspiring,8,X,players-cb
14.9,86.9,210,Slice,Distance,Consistent,Confidence-inspiring,10.5,R,players-cb
11.7,101.7,245,Draw,Accuracy,Fat/Thin,Forged/Blade-like,9,X,players-cb
16.3,100.7,218,Slice,Distance,Inconsistent,No preference,8,S,game-improvement
28.8,85.9,179,Straight,Forgiveness,Inconsistent,No preference,10.5,R,super-game-improvement
36.0,88.2,194,Straight,Forgiveness,Fat/Thin,Forged/Blade-like,10.5,R,super-game-improvement
23.7,93.2,198,Hook,Accuracy,Fat/Thin,Forged/Blade-like,10.5,R,players-distance
26.8,79.1,182,Slice,Forgiveness,Inconsistent,Confidence-inspiring,12,A,super-game-improvement
32.4,89.3,210,Draw,Forgiveness,Fat/Thin,Confidence-inspiring,10.5,R,super-game-improvement
19.2,87.5,203,Fade,Distance,Inconsistent,Forged/Blade-like,10.5,R,players-cb
31.1,102.3,214,Draw,Forgiveness,Fat/Thin,Confidence-inspiring,10.5,S,super-game-improvement
24.1,93.9,211,Fade,Forgiveness,Left/Right,No preference,9,R,super-game-improvement
18.3,86.6,207,Draw,Forgiveness,Inconsistent,Confidence-inspiring,10.5,R,super-game-improvement
20.2,95.7,218,Fade,Distance,Left/Right,Confidence-inspiring,10.5,R,super-game-improvement
0.6,96.3,240,Fade,Accuracy,Left/Right,Confidence-inspiring,9,R,players-distance
19.6,95.2,209,Slice,Forgiveness,Inconsistent,Confidence-inspiring,10.5,R,super-game-improvement
3.1,101.6,240,Fade,Distance,Left/Right,No preference,9,S,players-cb
2.4,96.1,242,Fade,Accuracy,Consistent,No preference,9,R,blade
18.7,84.9,187,Draw,Accuracy,Left/Right,No preference,10.5,R,players-distance
7.0,120.0,263,Fade,Accuracy,Left/Right,Forged/Blade-like,8,X,blade
16.9,95.4,216,Slice,Distance,Left/Right,No preference,10.5,R,game-improvement
18.2,89.3,207,Hook,Forgiveness,Consistent,Confidence-inspiring,9,R,game-improvement
18.6,87.3,209,Fade,Accuracy,Consistent,Confidence-inspiring,10.5,R,players-distance
8.9,104.7,263,Draw,Distance,Consistent,Confidence-inspiring,9,S,players-cb
25.1,82.5,184,Straight,Forgiveness,Fat/Thin,Forged/Blade-like,10.5,A,super-game-improvement
16.2,84.0,199,Hook,Distance,Fat/Thin,No preference,10.5,R,players-distance
21.0,91.4,208,Slice,Forgiveness,Inconsistent,Confidence-inspiring,10.5,R,super-game-improvement
6.2,101.4,246,Slice,Distance,Left/Right,Forged/Blade-like,9,X,players-cb
15.4,91.4,210,Draw,Forgiveness,Left/Right,Confidence-inspiring,10.5,R,super-game-improvement
26.9,78.8,177,Fade,Forgiveness,Fat/Thin,Confidence-inspiring,12,A,super-game-improvement
25.7,84.6,181,Slice,Forgiveness,Inconsistent,No preference,10.5,R,super-game-improvement
9.8,94.6,241,Slice,Accuracy,Left/Right,Forged/Blade-like,10.5,R,players-cb
12.1,91.7,193,Draw,Accuracy,Inconsistent,Confidence-inspiring,10.5,R,game-improvement
8.1,103.3,251,Straight,Distance,Consistent,Forged/Blade-like,9,S,players-cb
11.1,120.0,285,Straight,Forgiveness,Left/Right,Confidence-inspiring,9,X,super-game-improvement
4.4,116.3,284,Draw,Distance,Left/Right,Forged/Blade-like,8,X,blade
15.8,114.7,254,Slice,Distance,Inconsistent,Forged/Blade-like,9,X,players-cb
22.7,84.9,176,Straight,Accuracy,Left/Right,Confidence-inspiring,10.5,R,super-game-improvement
9.9,116.0,279,Straight,Accuracy,Fat/Thin,No preference,8,X,players-distance
16.2,97.3,236,Straight,Accuracy,Left/Right,Forged/Blade-like,10.5,R,players-cb
15.0,105.7,247,Straight,Distance,Left/Right,No preference,8,S,players-distance
26.5,92.6,212,Fade,Accuracy,Left/Right,Confidence-inspiring,10.5,R,super-game-improvement
11.5,94.7,218,Hook,Accuracy,Inconsistent,Confidence-inspiring,10.5,R,players-cb
11.8,105.2,250,Fade,Forgiveness,Fat/Thin,No preference,9,S,game-improvement
9.4,104.5,258,Draw,Accuracy,Left/Right,Forged/Blade-like,9,S,players-cb
6.8,83.7,197,Draw,Distance,Consistent,No preference,10.5,A,players-cb
21.8,89.9,213,Straight,Distance,Inconsistent,Forged/Blade-like,10.5,R,players-distance
15.8,104.0,225,Fade,Accuracy,Left/Right,Confidence-inspiring,9,S,players-distance
17.5,96.9,217,Hook,Distance,Inconsistent,Forged/Blade-like,9,R,players-cb
28.5,91.3,205,Slice,Forgiveness,Fat/Thin,Forged/Blade-like,10.5,R,super-game-improvement
29.0,78.8,190,Slice,Accuracy,Left/Right,Confidence-inspiring,12,A,super-game-improvement
2.2,107.1,260,Draw,Accuracy,Consistent,Confidence-inspiring,9,S,blade
22.8,89.5,192,Fade,Distance,Consistent,Confidence-inspiring,10.5,R,game-improvement
19.0,91.0,224,Fade,Forgiveness,Left/Right,Confidence-inspiring,10.5,R,super-game-improvement
12.8,90.5,210,Straight,Distance,Consistent,Confidence-inspiring,10.5,R,players-distance
19.9,101.6,237,Straight,Distance,Consistent,Confidence-inspiring,9,S,players-distance
1.5,108.4,261,Slice,Accuracy,Left/Right,Confidence-inspiring,8,X,players-cb
30.2,87.9,193,Fade,Forgiveness,Left/Right,Confidence-inspiring,10.5,R,super-game-improvement
21.6,111.8,247,Slice,Forgiveness,Fat/Thin,Forged/Blade-like,9,X,game-improvement
9.2,104.5,268,Fade,Distance,Inconsistent,No preference,9,S,players-cb
11.7,110.0,269,Fade,Accuracy,Inconsistent,Confidence-inspiring,9,X,players-distance
1.7,107.6,278,Draw,Accuracy,Left/Right,Confidence-inspiring,9,S,players-cb
14.2,92.8,208,Hook,Distance,Consistent,Confidence-inspiring,10.5,R,players-distance
12.7,86.8,186,Hook,Distance,Left/Right,Forged/Blade-like,10.5,R,players-cb
5.1,104.9,250,Slice,Accuracy,Fat/Thin,No preference,9,S,players-cb
24.0,65.0,168,Straight,Forgiveness,Inconsistent,Confidence-inspiring,12,L,super-game-improvement
28.5,89.3,193,Hook,Distance,Inconsistent,Confidence-inspiring,10.5,R,super-game-improvement
16.8,97.7,234,Fade,Forgiveness,Left/Right,Confidence-inspiring,12,S,super-game-improvement
14.2,94.2,210,Straight,Distance,Fat/Thin,Confidence-inspiring,12,R,game-improvement
20.9,90.9,198,Slice,Accuracy,Fat/Thin,Confidence-inspiring,12,R,super-game-improvement
16.8,82.1,188,Fade,Forgiveness,Left/Right,Confidence-inspiring,10.5,A,super-game-improvement
7.3,114.9,293,Draw,Accuracy,Left/Right,No preference,8,X,players-cb
11.1,95.1,233,Fade,Accuracy,Left/Right,No preference,10.5,R,players-distance
14.3,86.6,183,Straight,Accuracy,Inconsistent,Confidence-inspiring,10.5,R,super-game-improvement
19.2,98.4,230,Slice,Accuracy,Fat/Thin,No preference,9,S,super-game-improvement
17.1,95.5,209,Draw,Accuracy,Fat/Thin,Confidence-inspiring,10.5,R,game-improvement
18.9,89.6,198,Straight,Forgiveness,Inconsistent,No preference,10.5,S,super-game-improvement
3.3,99.1,244,Fade,Distance,Consistent,Forged/Blade-like,9,S,blade
23.0,90.3,215,Draw,Distance,Left/Right,Confidence-inspiring,10.5,R,game-improvement
17.0,107.9,260,Draw,Distance,Fat/Thin,Confidence-inspiring,9,S,game-improvement
36.0,86.2,186,Straight,Distance,Inconsistent,No preference,10.5,R,super-game-improvement
13.5,96.5,228,Slice,Forgiveness,Consistent,Forged/Blade-like,10.5,R,players-cb
19.9,101.0,241,Draw,Accuracy,Inconsistent,Confidence-inspiring,9,S,game-improvement
36.0,81.8,160,Slice,Forgiveness,Left/Right,Confidence-inspiring,12,A,super-game-improvement
18.7,97.3,238,Draw,Accuracy,Left/Right,Confidence-inspiring,9,S,game-improvement
16.4,96.4,215,Draw,Forgiveness,Inconsistent,Forged/Blade-like,10.5,R,players-distance
8.1,106.4,255,Straight,Accuracy,Consistent,Forged/Blade-like,9,S,players-cb
30.8,80.6,171,Hook,Forgiveness,Inconsistent,Confidence-inspiring,12,A,game-improvement
6.6,90.1,205,Hook,Accuracy,Fat/Thin,No preference,12,R,players-distance
20.8,100.9,232,Draw,Forgiveness,Inconsistent,No preference,10.5,R,super-game-improvement
12.7,112.4,265,Hook,Forgiveness,Inconsistent,Confidence-inspiring,9,X,super-game-improvement
15.3,84.7,195,Straight,Accuracy,Left/Right,No preference,10.5,S,players-distance
4.2,104.9,252,Hook,Distance,Consistent,No preference,9,S,blade
29.1,81.7,193,Straight,Forgiveness,Left/Right,Confidence-inspiring,12,A,super-game-improvement
14.5,105.0,263,Straight,Forgiveness,Fat/Thin,Forged/Blade-like,9,S,players-distance
6.1,104.3,261,Straight,Accuracy,Inconsistent,Confidence-inspiring,9,S,players-distance
28.3,120.0,266,Straight,Distance,Left/Right,Confidence-inspiring,12,X,super-game-improvement
12.5,94.5,206,Fade,Distance,Consistent,Confidence-inspiring,10.5,A,players-distance
20.0,107.8,250,Hook,Forgiveness,Fat/Thin,Confidence-inspiring,10.5,S,super-game-improvement
24.6,105.6,241,Slice,Accuracy,Left/Right,Confidence-inspiring,10.5,S,super-game-improvement
21.3,96.9,226,Draw,Forgiveness,Inconsistent,Confidence-inspiring,10.5,R,super-game-improvement
0.0,106.4,250,Slice,Accuracy,Consistent,No preference,9,S,blade
23.3,91.1,212,Draw,Forgiveness,Left/Right,Confidence-inspiring,10.5,R,super-game-improvement
16.1,95.2,233,Fade,Accuracy,Inconsistent,Forged/Blade-like,10.5,R,blade
14.0,107.8,242,Straight,Forgiveness,Fat/Thin,Confidence-inspiring,10.5,R,super-game-improvement
16.0,86.4,205,Straight,Forgiveness,Fat/Thin,No preference,10.5,R,super-game-improvement
2.5,102.7,242,Fade,Distance,Left/Right,No preference,9,S,players-cb
18.7,90.5,206,Slice,Distance,Inconsistent,No preference,10.5,R,game-improvement
4.7,85.5,197,Fade,Forgiveness,Consistent,Forged/Blade-like,10.5,R,players-cb
14.4,104.8,240,Slice,Accuracy,Inconsistent,Forged/Blade-like,9,S,players-cb
18.4,104.1,235,Straight,Forgiveness,Left/Right,Forged/Blade-like,9,S,players-distance
26.7,81.5,184,Slice,Forgiveness,Left/Right,Confidence-inspiring,12,A,super-game-improvement
9.6,109.8,268,Straight,Distance,Left/Right,Confidence-inspiring,9,S,game-improvement
30.1,69.7,163,Straight,Accuracy,Inconsistent,Forged/Blade-like,12,L,game-improvement
25.5,88.9,192,Slice,Accuracy,Left/Right,Confidence-inspiring,10.5,S,super-game-improvement
13.1,95.8,227,Fade,Distance,Consistent,Forged/Blade-like,10.5,A,players-cb
7.0,102.1,234,Slice,Accuracy,Left/Right,No preference,9,S,players-distance
4.0,104.1,250,Straight,Accuracy,Left/Right,No preference,9,S,players-cb
19.4,92.0,210,Straight,Distance,Fat/Thin,Forged/Blade-like,10.5,R,players-distance
10.4,95.1,216,Straight,Accuracy,Inconsistent,Forged/Blade-like,9,R,players-cb
27.8,86.0,194,Hook,Forgiveness,Fat/Thin,Confidence-inspiring,10.5,R,super-game-improvement
10.9,112.2,262,Draw,Distance,Fat/Thin,No preference,8,X,players-cb
8.9,94.2,225,Hook,Accuracy,Fat/Thin,No preference,12,R,players-distance
19.1,115.6,274,Fade,Forgiveness,Consistent,No preference,9,S,players-distance
10.8,92.3,213,Slice,Forgiveness,Inconsistent,Forged/Blade-like,10.5,R,players-distance
17.1,96.8,230,Straight,Forgiveness,Left/Right,Confidence-inspiring,10.5,A,super-game-improvement
25.9,94.1,222,Slice,Forgiveness,Left/Right,Confidence-inspiring,10.5,R,game-improvement
18.1,90.8,220,Slice,Forgiveness,Fat/Thin,Confidence-inspiring,10.5,R,super-game-improvement
18.1,107.5,244,Draw,Forgiveness,Inconsistent,Forged/Blade-like,9,S,players-distance
18.8,98.7,216,Slice,Distance,Consistent,Confidence-inspiring,9,S,players-distance
1.8,102.7,244,Straight,Forgiveness,Consistent,Forged/Blade-like,9,S,blade
20.5,105.8,225,Slice,Distance,Left/Right,Forged/Blade-like,8,S,players-distance
18.4,83.3,196,Slice,Forgiveness,Left/Right,No preference,10.5,A,super-game-improvement
25.0,83.3,192,Slice,Forgiveness,Inconsistent,Confidence-inspiring,10.5,A,super-game-improvement
22.5,96.3,217,Draw,Distance,Inconsistent,Confidence-inspiring,9,A,super-game-improvement
15.2,103.7,227,Straight,Forgiveness,Fat/Thin,Confidence-inspiring,9,S,super-game-improvement
26.3,91.3,199,Fade,Distance,Fat/Thin,Confidence-inspiring,10.5,R,super-game-improvement
14.4,94.9,233,Fade,Forgiveness,Consistent,Confidence-inspiring,10.5,R,players-distance
19.2,90.4,211,Straight,Accuracy,Fat/Thin,No preference,10.5,R,game-improvement
14.2,107.7,257,Draw,Accuracy,Fat/Thin,Confidence-inspiring,9,S,super-game-improvement
21.2,94.0,242,Straight,Distance,Fat/Thin,Confidence-inspiring,10.5,R,super-game-improvement
13.6,88.0,208,Fade,Distance,Left/Right,No preference,10.5,A,players-distance
31.8,75.1,143,Straight,Distance,Fat/Thin,No preference,12,A,super-game-improvement
35.2,97.2,197,Slice,Forgiveness,Left/Right,Forged/Blade-like,9,S,super-game-improvement
24.9,81.9,185,Slice,Forgiveness,Fat/Thin,No preference,12,A,game-improvement
30.9,87.7,191,Slice,Accuracy,Fat/Thin,Confidence-inspiring,10.5,R,game-improvement
3.1,117.4,283,Hook,Forgiveness,Inconsistent,No preference,9,X,players-distance
4.2,108.6,261,Draw,Accuracy,Left/Right,No preference,8,S,players-cb
14.1,88.8,199,Straight,Accuracy,Fat/Thin,No preference,10.5,R,game-improvement
17.4,84.0,196,Draw,Forgiveness,Fat/Thin,Forged/Blade-like,10.5,R,players-distance
15.2,114.4,277,Fade,Distance,Left/Right,Confidence-inspiring,8,X,players-distance
2.2,94.1,244,Hook,Accuracy,Left/Right,Forged/Blade-like,10.5,R,blade
27.4,81.8,196,Straight,Forgiveness,Left/Right,No preference,12,A,game-improvement
36.0,85.2,173,Slice,Forgiveness,Left/Right,No preference,9,R,super-game-improvement
28.5,84.4,185,Slice,Accuracy,Left/Right,Confidence-inspiring,10.5,R,super-game-improvement
26.8,93.5,204,Slice,Forgiveness,Fat/Thin,Confidence-inspiring,10.5,R,game-improvement
19.0,78.4,184,Hook,Distance,Fat/Thin,Forged/Blade-like,12,A,players-distance
9.4,97.5,230,Draw,Accuracy,Left/Right,Forged/Blade-like,9,X,players-cb
17.7,100.7,229,Slice,Forgiveness,Fat/Thin,No preference,10.5,X,super-game-improvement
36.0,88.3,201,Slice,Forgiveness,Inconsistent,Confidence-inspiring,10.5,R,super-game-improvement
13.8,90.9,212,Fade,Accuracy,Left/Right,Forged/Blade-like,10.5,S,players-cb
12.9,87.0,204,Fade,Accuracy,Fat/Thin,Confidence-inspiring,10.5,R,game-improvement
27.0,89.8,202,Slice,Forgiveness,Fat/Thin,Confidence-inspiring,10.5,R,super-game-improvement
27.6,74.1,169,Straight,Accuracy,Inconsistent,Confidence-inspiring,12,A,super-game-improvement
9.4,112.5,272,Draw,Forgiveness,Fat/Thin,Forged/Blade-like,9,X,players-cb
14.6,97.6,240,Hook,Distance,Fat/Thin,Forged/Blade-like,9,S,players-cb
12.5,90.5,200,Fade,Accuracy,Left/Right,No preference,10.5,R,players-distance
17.6,83.5,194,Straight,Accuracy,Fat/Thin,Confidence-inspiring,10.5,A,game-improvement
26.9,81.4,179,Slice,Forgiveness,Inconsistent,Forged/Blade-like,12,A,super-game-improvement
9.8,83.7,195,Straight,Accuracy,Consistent,No preference,10.5,A,players-cb
26.8,92.7,212,Draw,Forgiveness,Left/Right,Confidence-inspiring,10.5,R,super-game-improvement
17.9,85.8,208,Slice,Distance,Fat/Thin,No preference,10.5,R,game-improvement
36.0,85.5,176,Slice,Forgiveness,Fat/Thin,No preference,10.5,R,super-game-improvement
19.9,97.8,237,Straight,Accuracy,Inconsistent,Confidence-inspiring,9,S,game-improvement
16.1,104.7,228,Draw,Forgiveness,Fat/Thin,Confidence-inspiring,9,S,super-game-improvement
22.2,93.4,215,Fade,Forgiveness,Fat/Thin,Confidence-inspiring,10.5,R,super-game-improvement
14.0,107.7,242,Slice,Accuracy,Fat/Thin,Confidence-inspiring,9,S,game-improvement
0.8,119.3,286,Fade,Distance,Fat/Thin,Confidence-inspiring,8,X,players-cb
14.8,98.5,229,Slice,Distance,Fat/Thin,No preference,9,S,game-improvement
14.7,99.2,226,Slice,Distance,Fat/Thin,Forged/Blade-like,9,S,players-distance
2.7,98.6,213,Fade,Accuracy,Consistent,No preference,9,S,blade
16.3,85.0,201,Fade,Forgiveness,Left/Right,Confidence-inspiring,10.5,R,super-game-improvement
0.0,118.8,298,Straight,Accuracy,Inconsistent,Forged/Blade-like,8,X,blade
13.9,102.6,237,Straight,Accuracy,Left/Right,Confidence-inspiring,9,S,players-distance
19.2,99.8,225,Draw,Forgiveness,Consistent,Forged/Blade-like,10.5,S,players-cb
17.9,87.9,198,Straight,Accuracy,Fat/Thin,No preference,10.5,R,game-improvement
13.3,113.2,248,Straight,Accuracy,Consistent,Confidence-inspiring,8,X,players-cb
16.2,92.7,197,Hook,Forgiveness,Fat/Thin,Forged/Blade-like,10.5,R,players-distance
9.9,91.2,223,Draw,Accuracy,Left/Right,No preference,10.5,R,players-cb
17.1,88.6,213,Fade,Distance,Left/Right,Confidence-inspiring,10.5,R,game-improvement
17.5,109.8,257,Straight,Forgiveness,Inconsistent,No preference,9,S,game-improvement
8.9,88.8,214,Draw,Distance,Consistent,No preference,10.5,R,players-cb
19.4,85.3,201,Fade,Forgiveness,Left/Right,No preference,10.5,R,game-improvement
19.4,120.0,279,Fade,Forgiveness,Consistent,No preference,9,X,players-distance
15.5,104.9,235,Slice,Distance,Left/Right,No preference,9,X,players-distance
36.0,74.2,160,Slice,Distance,Left/Right,No preference,12,A,super-game-improvement
15.7,84.5,192,Hook,Forgiveness,Left/Right,No preference,10.5,R,game-improvement
14.5,79.4,182,Hook,Forgiveness,Left/Right,Forged/Blade-like,12,A,players-distance
13.2,98.0,239,Draw,Distance,Left/Right,Confidence-inspiring,9,S,game-improvement
8.3,107.6,270,Draw,Accuracy,Fat/Thin,Confidence-inspiring,9,S,players-distance
23.2,105.4,215,Slice,Accuracy,Fat/Thin,Confidence-inspiring,9,S,super-game-improvement
10.8,79.7,185,Fade,Accuracy,Inconsistent,Confidence-inspiring,12,A,super-game-improvement
11.9,84.7,196,Slice,Distance,Left/Right,Forged/Blade-like,10.5,A,players-cb
12.2,96.5,236,Straight,Accuracy,Left/Right,Confidence-inspiring,9,R,game-improvement
8.1,120.0,272,Hook,Accuracy,Left/Right,Forged/Blade-like,8,X,players-distance
1.2,114.0,251,Hook,Forgiveness,Inconsistent,No preference,9,X,players-distance
12.8,101.0,243,Straight,Distance,Inconsistent,Confidence-inspiring,9,S,game-improvement
24.9,76.8,180,Straight,Forgiveness,Left/Right,Confidence-inspiring,12,A,super-game-improvement
18.8,72.0,148,Draw,Forgiveness,Inconsistent,Forged/Blade-like,12,A,game-improvement
31.0,85.3,184,Draw,Forgiveness,Left/Right,No preference,10.5,R,super-game-improvement
23.8,88.8,212,Slice,Distance,Fat/Thin,No preference,10.5,R,super-game-improvement
21.7,88.6,190,Straight,Forgiveness,Inconsistent,No preference,10.5,R,super-game-improvement
33.9,79.1,171,Draw,Forgiveness,Consistent,Confidence-inspiring,12,R,super-game-improvement
16.1,87.6,206,Straight,Forgiveness,Consistent,Confidence-inspiring,10.5,R,game-improvement
17.6,84.3,180,Fade,Distance,Fat/Thin,Forged/Blade-like,10.5,R,game-improvement
16.9,108.4,244,Draw,Accuracy,Left/Right,Forged/Blade-like,8,S,players-cb
30.9,76.1,150,Fade,Distance,Left/Right,No preference,12,A,super-game-improvement
17.0,91.7,209,Draw,Distance,Inconsistent,Forged/Blade-like,10.5,R,blade
11.2,98.0,223,Straight,Accuracy,Left/Right,Confidence-inspiring,9,S,players-distance
22.3,97.9,222,Straight,Forgiveness,Fat/Thin,Forged/Blade-like,10.5,S,game-improvement
9.7,90.9,220,Draw,Accuracy,Inconsistent,No preference,10.5,R,players-distance
21.8,101.0,240,Draw,Accuracy,Left/Right,Confidence-inspiring,9,S,game-improvement
20.7,86.1,216,Straight,Forgiveness,Inconsistent,Confidence-inspiring,10.5,A,super-game-improvement
15.3,94.0,219,Slice,Distance,Fat/Thin,Forged/Blade-like,10.5,A,players-distance
22.1,107.4,239,Hook,Forgiveness,Left/Right,Confidence-inspiring,9,S,super-game-improvement
3.6,93.9,224,Draw,Forgiveness,Inconsistent,Forged/Blade-like,10.5,R,players-cb
18.5,100.6,221,Draw,Accuracy,Consistent,Forged/Blade-like,9,S,players-cb
12.8,107.3,255,Draw,Distance,Inconsistent,Confidence-inspiring,9,S,players-cb
36.0,84.6,175,Draw,Distance,Left/Right,Confidence-inspiring,10.5,R,super-game-improvement
18.4,92.3,216,Fade,Accuracy,Consistent,No preference,10.5,R,players-cb
11.6,119.4,272,Slice,Forgiveness,Inconsistent,Forged/Blade-like,9,X,players-distance
4.6,102.7,243,Hook,Accuracy,Consistent,Forged/Blade-like,9,S,blade
28.7,88.5,198,Hook,Accuracy,Left/Right,Confidence-inspiring,10.5,R,super-game-improvement
13.8,93.3,216,Straight,Distance,Left/Right,Forged/Blade-like,10.5,S,players-cb
9.9,100.8,221,Fade,Accuracy,Inconsistent,Confidence-inspiring,9,S,game-improvement
20.0,102.0,231,Fade,Accuracy,Fat/Thin,Confidence-inspiring,10.5,S,super-game-improvement
22.8,87.7,190,Draw,Forgiveness,Fat/Thin,Confidence-inspiring,9,R,super-game-improvement
22.7,69.5,167,Slice,Accuracy,Fat/Thin,Confidence-inspiring,12,L,super-game-improvement
17.2,99.4,237,Hook,Accuracy,Fat/Thin,Forged/Blade-like,9,S,players-distance
18.4,82.7,168,Hook,Forgiveness,Left/Right,Confidence-inspiring,10.5,A,game-improvement
19.1,100.4,236,Draw,Accuracy,Inconsistent,Confidence-inspiring,9,X,game-improvement
20.0,92.4,213,Draw,Forgiveness,Inconsistent,Confidence-inspiring,10.5,R,super-game-improvement
20.8,101.3,216,Slice,Accuracy,Fat/Thin,Confidence-inspiring,8,S,super-game-improvement
26.9,78.2,181,Straight,Forgiveness,Left/Right,Confidence-inspiring,12,A,super-game-improvement
17.5,88.7,192,Hook,Distance,Inconsistent,No preference,10.5,S,players-distance
9.6,96.1,237,Straight,Distance,Consistent,No preference,9,R,players-cb
15.7,80.5,180,Draw,Forgiveness,Inconsistent,No preference,12,A,super-game-improvement
23.8,100.9,212,Fade,Accuracy,Fat/Thin,Confidence-inspiring,9,S,super-game-improvement
0.9,89.1,237,Straight,Distance,Consistent,No preference,10.5,R,blade
1.0,116.3,270,Straight,Forgiveness,Consistent,Confidence-inspiring,9,X,players-cb
25.3,93.0,199,Slice,Distance,Fat/Thin,Confidence-inspiring,10.5,A,super-game-improvement
30.7,83.1,175,Fade,Forgiveness,Consistent,Confidence-inspiring,10.5,L,game-improvement
5.6,105.6,249,Straight,Forgiveness,Consistent,No preference,9,S,players-cb
17.9,97.0,228,Straight,Accuracy,Left/Right,Confidence-inspiring,10.5,S,game-improvement
13.4,92.9,217,Slice,Distance,Inconsistent,Confidence-inspiring,9,S,super-game-improvement
14.7,99.0,238,Fade,Accuracy,Left/Right,Forged/Blade-like,10.5,S,players-cb
19.7,99.9,230,Slice,Accuracy,Inconsistent,Forged/Blade-like,9,S,players-distance
5.4,92.9,208,Slice,Distance,Consistent,No preference,10.5,R,players-cb
7.0,104.7,255,Straight,Forgiveness,Consistent,No preference,9,S,players-cb
14.3,70.0,165,Straight,Forgiveness,Fat/Thin,Forged/Blade-like,12,L,game-improvement
15.7,76.0,170,Straight,Forgiveness,Inconsistent,Confidence-inspiring,10.5,A,super-game-improvement
6.9,107.0,274,Fade,Accuracy,Consistent,Forged/Blade-like,9,S,blade
24.1,85.4,196,Draw,Distance,Left/Right,Confidence-inspiring,10.5,R,game-improvement
13.2,88.5,215,Fade,Forgiveness,Consistent,Forged/Blade-like,10.5,R,players-distance
13.2,96.5,234,Slice,Accuracy,Consistent,Confidence-inspiring,10.5,S,players-distance
19.5,88.8,198,Straight,Distance,Left/Right,Forged/Blade-like,10.5,R,players-cb
15.8,85.4,203,Straight,Forgiveness,Inconsistent,Confidence-inspiring,10.5,R,super-game-improvement
24.5,72.9,165,Fade,Forgiveness,Inconsistent,Confidence-inspiring,12,A,super-game-improvement
8.6,80.5,186,Straight,Forgiveness,Consistent,No preference,12,R,players-distance
4.4,110.4,255,Draw,Forgiveness,Consistent,Forged/Blade-like,9,S,blade
