{
  "driver_loft": {
    "accuracy": 0.89,
    "best_params": {
      "classifier__max_depth": 14,
      "classifier__min_samples_leaf": 2,
      "classifier__n_estimators": 200
    },
    "cv_balanced_accuracy": 0.8852940118661342,
    "labels": [
      "10.5",
      "12",
      "8",
      "9"
    ],
    "confusion_matrix": [
      [
        86,
        3,
        4,
        2
      ],
      [
        2,
        108,
        0,
        2
      ],
      [
        3,
        4,
        20,
        1
      ],
      [
        6,
        5,
        1,
        53
      ]
    ],
    "classification_report": "              precision    recall  f1-score   support\n\n        10.5       0.89      0.91      0.90        95\n          12       0.90      0.96      0.93       112\n           8       0.80      0.71      0.75        28\n           9       0.91      0.82      0.86        65\n\n    accuracy                           0.89       300\n   macro avg       0.88      0.85      0.86       300\nweighted avg       0.89      0.89      0.89       300\n"
  },
  "shaft_flex": {
    "accuracy": 0.8933333333333333,
    "best_params": {
      "classifier__max_depth": 10,
      "classifier__min_samples_leaf": 2,
      "classifier__n_estimators": 300
    },
    "cv_balanced_accuracy": 0.8629679228398073,
    "labels": [
      "A",
      "L",
      "R",
      "S",
      "X"
    ],
    "confusion_matrix": [
      [
        72,
        0,
        2,
        1,
        0
      ],
      [
        1,
        26,
        3,
        1,
        0
      ],
      [
        3,
        0,
        106,
        2,
        3
      ],
      [
        3,
        1,
        2,
        42,
        0
      ],
      [
        3,
        0,
        6,
        1,
        22
      ]
    ],
    "classification_report": "              precision    recall  f1-score   support\n\n           A       0.88      0.96      0.92        75\n           L       0.96      0.84      0.90        31\n           R       0.89      0.93      0.91       114\n           S       0.89      0.88      0.88        48\n           X       0.88      0.69      0.77        32\n\n    accuracy                           0.89       300\n   macro avg       0.90      0.86      0.88       300\nweighted avg       0.89      0.89      0.89       300\n"
  },
  "iron_category": {
    "accuracy": 0.7866666666666666,
    "best_params": {
      "classifier__max_depth": null,
      "classifier__min_samples_leaf": 1,
      "classifier__n_estimators": 300
    },
    "cv_balanced_accuracy": 0.7125621318594955,
    "labels": [
      "blade",
      "game-improvement",
      "players-cb",
      "players-distance",
      "super-game-improvement"
    ],
    "confusion_matrix": [
      [
        52,
        3,
        4,
        1,
        2
      ],
      [
        2,
        38,
        2,
        6,
        6
      ],
      [
        5,
        2,
        18,
        5,
        2
      ],
      [
        2,
        6,
        4,
        23,
        4
      ],
      [
        2,
        3,
        2,
        1,
        105
      ]
    ],
    "classification_report": "                        precision    recall  f1-score   support\n\n                 blade       0.83      0.84      0.83        62\n      game-improvement       0.73      0.70      0.72        54\n            players-cb       0.60      0.56      0.58        32\n      players-distance       0.64      0.59      0.61        39\nsuper-game-improvement       0.88      0.93      0.91       113\n\n              accuracy                           0.79       300\n             macro avg       0.74      0.72      0.73       300\n          weighted avg       0.78      0.79      0.78       300\n"
  }
}