{
  "driver_loft": {
    "accuracy": 0.89,
    "best_params": {
      "classifier__max_depth": null,
      "classifier__min_samples_leaf": 2,
      "classifier__n_estimators": 200
    },
    "cv_balanced_accuracy": 0.8557415133476762,
    "labels": [
      "10.5",
      "12",
      "8",
      "9"
    ],
    "confusion_matrix": [
      [
        113,
        7,
        0,
        3
      ],
      [
        8,
        132,
        1,
        1
      ],
      [
        2,
        7,
        34,
        1
      ],
      [
        6,
        6,
        2,
        77
      ]
    ],
    "classification_report": "              precision    recall  f1-score   support\n\n        10.5       0.88      0.92      0.90       123\n          12       0.87      0.93      0.90       142\n           8       0.92      0.77      0.84        44\n           9       0.94      0.85      0.89        91\n\n    accuracy                           0.89       400\n   macro avg       0.90      0.87      0.88       400\nweighted avg       0.89      0.89      0.89       400\n"
  },
  "shaft_flex": {
    "accuracy": 0.8825,
    "best_params": {
      "classifier__max_depth": null,
      "classifier__min_samples_leaf": 2,
      "classifier__n_estimators": 300
    },
    "cv_balanced_accuracy": 0.8486614253686955,
    "labels": [
      "A",
      "L",
      "R",
      "S",
      "X"
    ],
    "confusion_matrix": [
      [
        97,
        0,
        6,
        1,
        1
      ],
      [
        3,
        24,
        4,
        0,
        0
      ],
      [
        3,
        2,
        135,
        4,
        1
      ],
      [
        2,
        1,
        4,
        63,
        1
      ],
      [
        7,
        2,
        4,
        1,
        34
      ]
    ],
    "classification_report": "              precision    recall  f1-score   support\n\n           A       0.87      0.92      0.89       105\n           L       0.83      0.77      0.80        31\n           R       0.88      0.93      0.91       145\n           S       0.91      0.89      0.90        71\n           X       0.92      0.71      0.80        48\n\n    accuracy                           0.88       400\n   macro avg       0.88      0.84      0.86       400\nweighted avg       0.88      0.88      0.88       400\n"
  },
  "iron_category": {
    "accuracy": 0.8825,
    "best_params": {
      "classifier__max_depth": null,
      "classifier__min_samples_leaf": 2,
      "classifier__n_estimators": 300
    },
    "cv_balanced_accuracy": 0.8588441050510506,
    "labels": [
      "blade",
      "game-improvement",
      "players-cb",
      "players-distance",
      "super-game-improvement"
    ],
    "confusion_matrix": [
      [
        32,
        5,
        0,
        4,
        2
      ],
      [
        4,
        54,
        0,
        5,
        5
      ],
      [
        2,
        2,
        46,
        1,
        1
      ],
      [
        2,
        3,
        1,
        98,
        1
      ],
      [
        1,
        3,
        2,
        3,
        123
      ]
    ],
    "classification_report": "                        precision    recall  f1-score   support\n\n                 blade       0.78      0.74      0.76        43\n      game-improvement       0.81      0.79      0.80        68\n            players-cb       0.94      0.88      0.91        52\n      players-distance       0.88      0.93      0.91       105\nsuper-game-improvement       0.93      0.93      0.93       132\n\n              accuracy                           0.88       400\n             macro avg       0.87      0.86      0.86       400\n          weighted avg       0.88      0.88      0.88       400\n"
  }
}